2026-07-26T02:29:15.616Z In(05) vmx Log for VMware Workstation pid=47976 version=17.6.0 build=build-24238078 option=Release
2026-07-26T02:29:15.616Z In(05) vmx The host is x86_64.
2026-07-26T02:29:15.616Z In(05) vmx Host codepage=windows-1252 encoding=windows-1252
2026-07-26T02:29:15.616Z In(05) vmx Host is Windows 10 Pro, 64-bit (Build 19045.7548)
2026-07-26T02:29:15.616Z In(05) vmx Host offset from UTC is +00:00.
2026-07-26T02:29:15.576Z In(05) vmx VTHREAD 32140 "vmx"
2026-07-26T02:29:15.580Z In(05) vmx LOCALE windows-1252 -> NULL User=409 System=409
2026-07-26T02:29:15.580Z In(05) vmx Msg_SetLocaleEx: HostLocale=windows-1252 UserLocale=NULL
2026-07-26T02:29:15.592Z In(05) vmx DictionaryLoad: Cannot open file "C:\Users\User\AppData\Roaming\VMware\config.ini": The system cannot find the file specified.
2026-07-26T02:29:15.592Z In(05) vmx Msg_Reset:
2026-07-26T02:29:15.592Z In(05) vmx [msg.dictionary.load.openFailed] Cannot open file "C:\Users\User\AppData\Roaming\VMware\config.ini": The system cannot find the file specified.
2026-07-26T02:29:15.592Z In(05) vmx ----------------------------------------
2026-07-26T02:29:15.592Z In(05) vmx ConfigDB: Failed to load C:\Users\User\AppData\Roaming\VMware\config.ini
2026-07-26T02:29:15.593Z In(05) vmx Win32U_GetFileAttributes: GetFileAttributesExW("C:\Users\User\Documents\Virtual Machines\Richard's Liver Server 1\Richard's Liver Server 1.vmpl", ...) failed, error: 2
2026-07-26T02:29:15.593Z In(05) vmx OBJLIB-LIB: Objlib initialized.
2026-07-26T02:29:15.599Z In(05) vmx DictionaryLoad: Cannot open file "C:\Users\User\AppData\Roaming\VMware\config.ini": The system cannot find the file specified.
2026-07-26T02:29:15.599Z In(05) vmx [msg.dictionary.load.openFailed] Cannot open file "C:\Users\User\AppData\Roaming\VMware\config.ini": The system cannot find the file specified.
2026-07-26T02:29:15.599Z In(05) vmx PREF Optional preferences file not found at C:\Users\User\AppData\Roaming\VMware\config.ini. Using default values.
2026-07-26T02:29:15.607Z In(05) vmx lib/ssl: OpenSSL using default provider
2026-07-26T02:29:15.608Z In(05) vmx lib/ssl: Client usage
2026-07-26T02:29:15.608Z In(05) vmx lib/ssl: protocol list tls1.2
2026-07-26T02:29:15.608Z In(05) vmx lib/ssl: protocol min 0x303 max 0x303
2026-07-26T02:29:15.608Z In(05) vmx lib/ssl: protocol list tls1.2 (openssl flags 0x36000000)
2026-07-26T02:29:15.608Z In(05) vmx lib/ssl: cipher list ECDHE+AESGCM:RSA+AESGCM:ECDHE+AES:RSA+AES
2026-07-26T02:29:15.608Z In(05) vmx lib/ssl: cipher suites TLS_AES_128_GCM_SHA256:TLS_AES_256_GCM_SHA384
2026-07-26T02:29:15.608Z In(05) vmx lib/ssl: curves list prime256v1:secp384r1:secp521r1
2026-07-26T02:29:15.608Z In(05) vmx lib/ssl: Server usage
2026-07-26T02:29:15.608Z In(05) vmx lib/ssl: protocol list tls1.2
2026-07-26T02:29:15.608Z In(05) vmx lib/ssl: protocol min 0x303 max 0x303
2026-07-26T02:29:15.608Z In(05) vmx lib/ssl: protocol list tls1.2 (openssl flags 0x36000000)
2026-07-26T02:29:15.608Z In(05) vmx lib/ssl: cipher list ECDHE+AESGCM:RSA+AESGCM:ECDHE+AES:RSA+AES
2026-07-26T02:29:15.608Z In(05) vmx lib/ssl: cipher suites TLS_AES_128_GCM_SHA256:TLS_AES_256_GCM_SHA384
2026-07-26T02:29:15.608Z In(05) vmx lib/ssl: curves list prime256v1:secp384r1:secp521r1
2026-07-26T02:29:15.637Z In(05) vmx Hostname=DESKTOP-FA13UF1
2026-07-26T02:29:15.648Z In(05) vmx IP=fe80::b8cd:42ba:c0bf:4611%36
2026-07-26T02:29:15.648Z In(05) vmx IP=fe80::7695:31ee:b4cc:3dce%20
2026-07-26T02:29:15.648Z In(05) vmx IP=fe80::27a6:e70b:47a:bb62%41
2026-07-26T02:29:15.648Z In(05) vmx IP=192.168.101.1
2026-07-26T02:29:15.648Z In(05) vmx IP=192.168.162.1
2026-07-26T02:29:15.648Z In(05) vmx IP=10.33.5.186
2026-07-26T02:29:15.671Z In(05) vmx System uptime 797795634490 us
2026-07-26T02:29:15.671Z In(05) vmx Command line: "C:\Program Files (x86)\VMware\VMware Workstation\x64\vmware-vmx.exe" "-T" "querytoken" "-s" "vmx.stdio.keep=TRUE" "-#" "product=1;name=VMware Workstation;version=17.6.0;buildnumber=24238078;licensename=VMware Workstation;licenseversion=17.0;" "-@" "pipe=\\.\pipe\vmx66320b6109f3f52b;msgs=ui" "C:\Users\User\Documents\Virtual Machines\Richard's Liver Server 1\Richard's Liver Server 1.vmx"
2026-07-26T02:29:15.671Z In(05) vmx Msg_SetLocaleEx: HostLocale=windows-1252 UserLocale=NULL
2026-07-26T02:29:15.700Z In(05) vmx WQPoolAllocPoll : pollIx = 1, signalHandle = 860
2026-07-26T02:29:15.700Z In(05) vmx WQPoolAllocPoll : pollIx = 2, signalHandle = 868
2026-07-26T02:29:15.701Z In(05) vmx VigorTransport listening on fd 816
2026-07-26T02:29:15.701Z In(05) vmx Vigor_Init 1
2026-07-26T02:29:15.701Z In(05) vmx Connecting 'ui' to pipe '\\.\pipe\vmx66320b6109f3f52b' with user '(null)'
2026-07-26T02:29:15.702Z In(05) vmx VMXVmdb: Local connection timeout: 60000 ms.
2026-07-26T02:29:15.779Z In(05) vmx VmdbAddConnection: cnxPath=/db/connection/#1/, cnxIx=1
2026-07-26T02:29:15.780Z In(05) vmx Vix: [mainDispatch.c:489]: VMAutomation: Initializing VMAutomation.
2026-07-26T02:29:15.780Z In(05) vmx Vix: [mainDispatch.c:741]: VMAutomationOpenListenerSocket() listening
2026-07-26T02:29:15.787Z In(05) vmx Vix: [mainDispatch.c:4213]: VMAutomation_ReportPowerOpFinished: statevar=0, newAppState=1870, success=1 additionalError=0
2026-07-26T02:29:15.787Z In(05) vmx Transitioned vmx/execState/val to poweredOff
2026-07-26T02:29:15.787Z In(05) vmx Vix: [mainDispatch.c:4213]: VMAutomation_ReportPowerOpFinished: statevar=1, newAppState=1873, success=1 additionalError=0
2026-07-26T02:29:15.787Z In(05) vmx Vix: [mainDispatch.c:4213]: VMAutomation_ReportPowerOpFinished: statevar=2, newAppState=1877, success=1 additionalError=0
2026-07-26T02:29:15.787Z In(05) vmx Vix: [mainDispatch.c:4213]: VMAutomation_ReportPowerOpFinished: statevar=3, newAppState=1881, success=1 additionalError=0
2026-07-26T02:29:16.534Z In(05) vmx IOPL_VBSRunning: VBS is set to 0
2026-07-26T02:29:16.535Z In(05) vmx IOCTL_VMX86_SET_MEMORY_PARAMS already set
2026-07-26T02:29:16.536Z In(05) vmx FeatureCompat: No EVC masks.
2026-07-26T02:29:16.542Z In(05) vmx hostCPUID vendor: GenuineIntel
2026-07-26T02:29:16.542Z In(05) vmx hostCPUID family: 0x6 model: 0x3c stepping: 0x3
2026-07-26T02:29:16.542Z In(05) vmx hostCPUID codename: Haswell DT
2026-07-26T02:29:16.542Z In(05) vmx hostCPUID name: Intel(R) Core(TM) i7-4810MQ CPU @ 2.80GHz
2026-07-26T02:29:16.542Z In(05) vmx hostCPUID level 00000000, 0: 0x0000000d 0x756e6547 0x6c65746e 0x49656e69
2026-07-26T02:29:16.542Z In(05) vmx hostCPUID level 00000001, 0: 0x000306c3 0x00100800 0x7ffafbff 0xbfebfbff
2026-07-26T02:29:16.542Z In(05) vmx hostCPUID level 00000002, 0: 0x76036301 0x00f0b5ff 0x00000000 0x00c10000
2026-07-26T02:29:16.542Z In(05) vmx hostCPUID level 00000003, 0: 0x00000000 0x00000000 0x00000000 0x00000000
2026-07-26T02:29:16.542Z In(05) vmx hostCPUID level 00000004, 0: 0x1c004121 0x01c0003f 0x0000003f 0x00000000
2026-07-26T02:29:16.542Z In(05) vmx hostCPUID level 00000004, 1: 0x1c004122 0x01c0003f 0x0000003f 0x00000000
2026-07-26T02:29:16.542Z In(05) vmx hostCPUID level 00000004, 2: 0x1c004143 0x01c0003f 0x000001ff 0x00000000
2026-07-26T02:29:16.542Z In(05) vmx hostCPUID level 00000004, 3: 0x1c03c163 0x02c0003f 0x00001fff 0x00000006
2026-07-26T02:29:16.542Z In(05) vmx hostCPUID level 00000004, 4: 0x00000000 0x00000000 0x00000000 0x00000000
2026-07-26T02:29:16.542Z In(05) vmx hostCPUID level 00000005, 0: 0x00000040 0x00000040 0x00000003 0x00042120
2026-07-26T02:29:16.542Z In(05) vmx hostCPUID level 00000006, 0: 0x00000077 0x00000002 0x00000009 0x00000000
2026-07-26T02:29:16.542Z In(05) vmx hostCPUID level 00000007, 0: 0x00000000 0x000027ab 0x00000000 0x9c000400
2026-07-26T02:29:16.542Z In(05) vmx hostCPUID level 00000008, 0: 0x00000000 0x00000000 0x00000000 0x00000000
2026-07-26T02:29:16.542Z In(05) vmx hostCPUID level 00000009, 0: 0x00000000 0x00000000 0x00000000 0x00000000
2026-07-26T02:29:16.542Z In(05) vmx hostCPUID level 0000000a, 0: 0x07300403 0x00000000 0x00000000 0x00000603
2026-07-26T02:29:16.542Z In(05) vmx hostCPUID level 0000000b, 0: 0x00000001 0x00000002 0x00000100 0x00000000
2026-07-26T02:29:16.542Z In(05) vmx hostCPUID level 0000000b, 1: 0x00000004 0x00000008 0x00000201 0x00000000
2026-07-26T02:29:16.542Z In(05) vmx hostCPUID level 0000000b, 2: 0x00000000 0x00000000 0x00000002 0x00000000
2026-07-26T02:29:16.542Z In(05) vmx hostCPUID level 0000000c, 0: 0x00000000 0x00000000 0x00000000 0x00000000
2026-07-26T02:29:16.543Z In(05) vmx hostCPUID level 0000000d, 0: 0x00000007 0x00000340 0x00000340 0x00000000
2026-07-26T02:29:16.543Z In(05) vmx hostCPUID level 0000000d, 1: 0x00000001 0x00000000 0x00000000 0x00000000
2026-07-26T02:29:16.543Z In(05) vmx hostCPUID level 0000000d, 2: 0x00000100 0x00000240 0x00000000 0x00000000
2026-07-26T02:29:16.543Z In(05) vmx hostCPUID level 80000000, 0: 0x80000008 0x00000000 0x00000000 0x00000000
2026-07-26T02:29:16.543Z In(05) vmx hostCPUID level 80000001, 0: 0x00000000 0x00000000 0x00000021 0x2c100800
2026-07-26T02:29:16.543Z In(05) vmx hostCPUID level 80000002, 0: 0x65746e49 0x2952286c 0x726f4320 0x4d542865
2026-07-26T02:29:16.543Z In(05) vmx hostCPUID level 80000003, 0: 0x37692029 0x3138342d 0x20514d30 0x20555043
2026-07-26T02:29:16.543Z In(05) vmx hostCPUID level 80000004, 0: 0x2e322040 0x48473038 0x0000007a 0x00000000
2026-07-26T02:29:16.543Z In(05) vmx hostCPUID level 80000005, 0: 0x00000000 0x00000000 0x00000000 0x00000000
2026-07-26T02:29:16.543Z In(05) vmx hostCPUID level 80000006, 0: 0x00000000 0x00000000 0x01006040 0x00000000
2026-07-26T02:29:16.543Z In(05) vmx hostCPUID level 80000007, 0: 0x00000000 0x00000000 0x00000000 0x00000100
2026-07-26T02:29:16.543Z In(05) vmx hostCPUID level 80000008, 0: 0x00003027 0x00000000 0x00000000 0x00000000
2026-07-26T02:29:16.543Z In(05) vmx CPUID differences from hostCPUID.
2026-07-26T02:29:16.543Z In(05) vmx Physical APIC IDs: 0-7
2026-07-26T02:29:16.543Z In(05) vmx Physical X2APIC IDs: 0-7
2026-07-26T02:29:16.543Z In(05) vmx Common: MSR       0x3a =                0x5
2026-07-26T02:29:16.543Z In(05) vmx Common: MSR      0x480 =   0xda040000000012
2026-07-26T02:29:16.543Z In(05) vmx Common: MSR      0x481 =       0x7f00000016
2026-07-26T02:29:16.543Z In(05) vmx Common: MSR      0x482 = 0xfff9fffe0401e172
2026-07-26T02:29:16.543Z In(05) vmx Common: MSR      0x483 =   0x7fffff00036dff
2026-07-26T02:29:16.543Z In(05) vmx Common: MSR      0x484 =     0xffff000011ff
2026-07-26T02:29:16.543Z In(05) vmx Common: MSR      0x485 =         0x300481e5
2026-07-26T02:29:16.543Z In(05) vmx Common: MSR      0x486 =         0x80000021
2026-07-26T02:29:16.543Z In(05) vmx Common: MSR      0x487 =         0xffffffff
2026-07-26T02:29:16.543Z In(05) vmx Common: MSR      0x488 =             0x2000
2026-07-26T02:29:16.543Z In(05) vmx Common: MSR      0x489 =           0x1767ff
2026-07-26T02:29:16.543Z In(05) vmx Common: MSR      0x48a =               0x2a
2026-07-26T02:29:16.543Z In(05) vmx Common: MSR      0x48b =     0x7cff00000000
2026-07-26T02:29:16.543Z In(05) vmx Common: MSR      0x48c =      0xf0106334141
2026-07-26T02:29:16.543Z In(05) vmx Common: MSR      0x48d =       0x7f00000016
2026-07-26T02:29:16.543Z In(05) vmx Common: MSR      0x48e = 0xfff9fffe04006172
2026-07-26T02:29:16.543Z In(05) vmx Common: MSR      0x48f =   0x7fffff00036dfb
2026-07-26T02:29:16.543Z In(05) vmx Common: MSR      0x490 =     0xffff000011fb
2026-07-26T02:29:16.543Z In(05) vmx Common: MSR      0x491 =                0x1
2026-07-26T02:29:16.543Z In(05) vmx Common: MSR      0x492 =                  0
2026-07-26T02:29:16.543Z In(05) vmx Common: MSR      0x493 =                  0
2026-07-26T02:29:16.543Z In(05) vmx Common: MSR 0xc0010114 =                  0
2026-07-26T02:29:16.543Z In(05) vmx Common: MSR       0xce =         0x80000000
2026-07-26T02:29:16.543Z In(05) vmx Common: MSR      0x10a =                  0
2026-07-26T02:29:16.543Z In(05) vmx Common: MSR      0x122 =                  0
2026-07-26T02:29:16.543Z In(05) vmx VMMon_GetkHzEstimate: Calculated 2793543 kHz
2026-07-26T02:29:16.543Z In(05) vmx TSC Hz estimates: vmmon 2793543000, remembered 0, osReported 2801000000. Using 2793543000 Hz.
2026-07-26T02:29:16.544Z In(05) vmx TSC first measured delta 271
2026-07-26T02:29:16.544Z In(05) vmx TSC min delta 251
2026-07-26T02:29:16.544Z In(05) vmx PTSC: RefClockToPTSC 0 @ 10000000Hz -> 0 @ 2793543000Hz
2026-07-26T02:29:16.544Z In(05) vmx PTSC: RefClockToPTSC ((x * 2343393716) >> 23) + -2140584219121318
2026-07-26T02:29:16.544Z In(05) vmx PTSC: tscOffset -2140617496013996
2026-07-26T02:29:16.544Z In(05) vmx PTSC: using TSC
2026-07-26T02:29:16.544Z In(05) vmx PTSC: hardware TSCs are synchronized.
2026-07-26T02:29:16.544Z In(05) vmx PTSC: hardware TSCs may have been adjusted by the host.
2026-07-26T02:29:16.544Z In(05) vmx PTSC: current PTSC=18089760685665
2026-07-26T02:29:16.576Z In(05) vmx WQPoolAllocPoll : pollIx = 3, signalHandle = 1048
2026-07-26T02:29:16.622Z In(05) vmx ConfigCheck: No rules file found. Checks are disabled.
2026-07-26T02:29:16.623Z In(05) vmx changing directory to C:\Users\User\Documents\Virtual Machines\Richard's Liver Server 1\.
2026-07-26T02:29:16.623Z In(05) vmx Config file: C:\Users\User\Documents\Virtual Machines\Richard's Liver Server 1\Richard's Liver Server 1.vmx
2026-07-26T02:29:16.623Z In(05) vmx Vix: [mainDispatch.c:4213]: VMAutomation_ReportPowerOpFinished: statevar=1, newAppState=1873, success=1 additionalError=0
2026-07-26T02:29:16.623Z In(05) vmx Vix: [mainDispatch.c:4213]: VMAutomation_ReportPowerOpFinished: statevar=2, newAppState=1878, success=1 additionalError=0
2026-07-26T02:29:16.655Z In(05) vmx LogRotation: Rotating to a new log file (keepOld 3) took 0.029201 seconds.
2026-07-26T02:29:16.658Z No(00) vmx LogVMXReplace: Successful switching from temporary to permanent log file took 0.032263 seconds.
2026-07-26T02:29:16.700Z Wa(03) vmx PowerOn
2026-07-26T02:29:16.700Z In(05) vmx VMX_PowerOn: VMX build 24238078, UI build 24238078
2026-07-26T02:29:16.700Z In(05) vmx HostWin32: WIN32 NUMA node 0, CPU mask 0x00000000000000ff
2026-07-26T02:29:16.711Z In(05) vmx Vix: [mainDispatch.c:4213]: VMAutomation_ReportPowerOpFinished: statevar=0, newAppState=1871, success=1 additionalError=0
2026-07-26T02:29:16.718Z In(05) vmx STATSFILE: StatsFile 'C:\Users\User\Documents\Virtual Machines\Richard's Liver Server 1\Richard's Liver Server 1.scoreboard' created
2026-07-26T02:29:16.718Z In(05) vmx HOST Windows version 10.0, build 19045, platform 2, ""
2026-07-26T02:29:16.718Z In(05) vmx DICT --- GLOBAL SETTINGS C:\ProgramData\VMware\VMware Workstation\settings.ini
2026-07-26T02:29:16.718Z In(05) vmx DICT          printers.enabled = "FALSE"
2026-07-26T02:29:16.718Z In(05) vmx DICT --- NON PERSISTENT (null)
2026-07-26T02:29:16.718Z In(05) vmx DICT --- USER PREFERENCES C:\Users\User\AppData\Roaming\VMware\preferences.ini
2026-07-26T02:29:16.718Z In(05) vmx DICT pref.keyboardAndMouse.vmHotKey.enabled = "FALSE"
2026-07-26T02:29:16.718Z In(05) vmx DICT pref.keyboardAndMouse.vmHotKey.count = "0"
2026-07-26T02:29:16.718Z In(05) vmx DICT pref.wspro.firstRunDismissedVersion = "17.6.0"
2026-07-26T02:29:16.718Z In(05) vmx DICT   pref.lastUpdateCheckSec = "1784674991"
2026-07-26T02:29:16.718Z In(05) vmx DICT pref.ws.session.window.count = "1"
2026-07-26T02:29:16.718Z In(05) vmx DICT pref.ws.session.window0.tab.count = "3"
2026-07-26T02:29:16.718Z In(05) vmx DICT pref.ws.session.window0.tab0.dest = ""
2026-07-26T02:29:16.718Z In(05) vmx DICT pref.ws.session.window0.tab0.file = ""
2026-07-26T02:29:16.718Z In(05) vmx DICT pref.ws.session.window0.tab0.type = "home"
2026-07-26T02:29:16.718Z In(05) vmx DICT pref.ws.session.window0.tab0.cnxType = "vmdb"
2026-07-26T02:29:16.718Z In(05) vmx DICT pref.ws.session.window0.tab0.focused = "FALSE"
2026-07-26T02:29:16.718Z In(05) vmx DICT pref.ws.session.window0.sidebar = "TRUE"
2026-07-26T02:29:16.718Z In(05) vmx DICT pref.ws.session.window0.sidebar.width = "200"
2026-07-26T02:29:16.718Z In(05) vmx DICT pref.ws.session.window0.statusBar = "TRUE"
2026-07-26T02:29:16.718Z In(05) vmx DICT pref.ws.session.window0.tabs = "TRUE"
2026-07-26T02:29:16.718Z In(05) vmx DICT pref.ws.session.window0.thumbnailBar = "FALSE"
2026-07-26T02:29:16.718Z In(05) vmx DICT pref.ws.session.window0.thumbnailBar.size = "100"
2026-07-26T02:29:16.718Z In(05) vmx DICT pref.ws.session.window0.thumbnailBar.view = "opened-vms"
2026-07-26T02:29:16.718Z In(05) vmx DICT pref.ws.session.window0.placement.left = "78"
2026-07-26T02:29:16.719Z In(05) vmx DICT pref.ws.session.window0.placement.top = "78"
2026-07-26T02:29:16.719Z In(05) vmx DICT pref.ws.session.window0.placement.right = "922"
2026-07-26T02:29:16.719Z In(05) vmx DICT pref.ws.session.window0.placement.bottom = "671"
2026-07-26T02:29:16.719Z In(05) vmx DICT pref.ws.session.window0.maximized = "FALSE"
2026-07-26T02:29:16.719Z In(05) vmx DICT         vmWizard.guestKey = "ubuntu-64"
2026-07-26T02:29:16.719Z In(05) vmx DICT             vmWizard.mode = "custom"
2026-07-26T02:29:16.719Z In(05) vmx DICT vmWizard.installMediaType = "iso"
2026-07-26T02:29:16.719Z In(05) vmx DICT vmWizard.isoLocationMRU.count = "7"
2026-07-26T02:29:16.719Z In(05) vmx DICT vmWizard.isoLocationMRU0.location = "C:\Users\User\Downloads\ubuntu-24.04.4-live-server-amd64.iso"
2026-07-26T02:29:16.719Z In(05) vmx DICT pref.ws.session.window0.tab1.cnxType = "vmdb"
2026-07-26T02:29:16.719Z In(05) vmx DICT vmWizard.isoLocationMRU1.location = "C:\Users\User\Downloads\ubuntu-26.04-live-server-amd64.iso"
2026-07-26T02:29:16.719Z In(05) vmx DICT pref.ws.session.window0.tab2.cnxType = "vmdb"
2026-07-26T02:29:16.719Z In(05) vmx DICT pref.ws.session.window0.tab3.cnxType = "vmdb"
2026-07-26T02:29:16.719Z In(05) vmx DICT vmWizard.isoLocationMRU2.location = "C:\Users\User\Downloads\Win10_22H2_English_x64.iso"
2026-07-26T02:29:16.719Z In(05) vmx DICT vmWizard.isoLocationMRU3.location = "C:\Users\User\Downloads\ubuntu-26.04-desktop-amd64.iso"
2026-07-26T02:29:16.719Z In(05) vmx DICT vmWizard.isoLocationMRU4.location = "C:\Users\User\Downloads\ubuntu-26.04-desktop-arm64.iso"
2026-07-26T02:29:16.719Z In(05) vmx DICT vmWizard.isoLocationMRU5.location = "G:\ubuntu-24.04.3-live-server-amd64.iso"
2026-07-26T02:29:16.719Z In(05) vmx DICT pref.ws.session.window0.tab4.cnxType = "vmdb"
2026-07-26T02:29:16.719Z In(05) vmx DICT pref.ws.session.window0.tab5.cnxType = "vmdb"
2026-07-26T02:29:16.719Z In(05) vmx DICT pref.updatesVersionIgnore.numItems = "1"
2026-07-26T02:29:16.719Z In(05) vmx DICT pref.updatesVersionIgnore0.key = <not printed>
2026-07-26T02:29:16.719Z In(05) vmx DICT pref.updatesVersionIgnore0.value = "bb61d294-c7fd-4b93-bdb3-48a9b5b74f44"
2026-07-26T02:29:16.719Z In(05) vmx DICT pref.ws.session.window0.tab1.dest = ""
2026-07-26T02:29:16.719Z In(05) vmx DICT pref.ws.session.window0.tab1.file = "G:\VMs\Richard's Kali.vmx"
2026-07-26T02:29:16.719Z In(05) vmx DICT pref.ws.session.window0.tab1.type = "vm"
2026-07-26T02:29:16.719Z In(05) vmx DICT pref.ws.session.window0.tab1.focused = "FALSE"
2026-07-26T02:29:16.719Z In(05) vmx DICT pref.ws.session.window0.tab2.dest = ""
2026-07-26T02:29:16.719Z In(05) vmx DICT pref.ws.session.window0.tab2.file = "C:\Users\User\Documents\Virtual Machines\Richard's Liver Server 1\Richard's Liver Server 1.vmx"
2026-07-26T02:29:16.719Z In(05) vmx DICT pref.ws.session.window0.tab2.type = "vm"
2026-07-26T02:29:16.719Z In(05) vmx DICT pref.ws.session.window0.tab2.focused = "TRUE"
2026-07-26T02:29:16.719Z In(05) vmx DICT vmWizard.lastPowerOnValue = "TRUE"
2026-07-26T02:29:16.719Z In(05) vmx DICT vmWizard.isoLocationMRU6.location = "G:\ubuntu-24.04.3-desktop-amd64.iso"
2026-07-26T02:29:16.719Z In(05) vmx DICT pref.snapshotManager.left = "961"
2026-07-26T02:29:16.719Z In(05) vmx DICT  pref.snapshotManager.top = "23"
2026-07-26T02:29:16.719Z In(05) vmx DICT pref.snapshotManager.right = "1648"
2026-07-26T02:29:16.719Z In(05) vmx DICT pref.snapshotManager.bottom = "539"
2026-07-26T02:29:16.719Z In(05) vmx DICT --- USER DEFAULTS C:\Users\User\AppData\Roaming\VMware\config.ini
2026-07-26T02:29:16.719Z In(05) vmx DICT --- HOST DEFAULTS C:\ProgramData\VMware\VMware Workstation\config.ini
2026-07-26T02:29:16.719Z In(05) vmx DICT         authd.client.port = "902"
2026-07-26T02:29:16.719Z In(05) vmx DICT           authd.proxy.nfc = "vmware-hostd:ha-nfc"
2026-07-26T02:29:16.719Z In(05) vmx DICT installerDefaults.autoSoftwareUpdateEnabled = "yes"
2026-07-26T02:29:16.719Z In(05) vmx DICT installerDefaults.autoSoftwareUpdateEnabled.epoch = "15182"
2026-07-26T02:29:16.719Z In(05) vmx DICT installerDefaults.componentDownloadEnabled = "yes"
2026-07-26T02:29:16.719Z In(05) vmx DICT installerDefaults.dataCollectionEnabled = "yes"
2026-07-26T02:29:16.719Z In(05) vmx DICT installerDefaults.dataCollectionEnabled.epoch = "15182"
2026-07-26T02:29:16.719Z In(05) vmx DICT --- SITE DEFAULTS C:\ProgramData\VMware\VMware Workstation\config.ini
2026-07-26T02:29:16.719Z In(05) vmx DICT         authd.client.port = "902"
2026-07-26T02:29:16.719Z In(05) vmx DICT           authd.proxy.nfc = "vmware-hostd:ha-nfc"
2026-07-26T02:29:16.719Z In(05) vmx DICT installerDefaults.autoSoftwareUpdateEnabled = "yes"
2026-07-26T02:29:16.719Z In(05) vmx DICT installerDefaults.autoSoftwareUpdateEnabled.epoch = "15182"
2026-07-26T02:29:16.719Z In(05) vmx DICT installerDefaults.componentDownloadEnabled = "yes"
2026-07-26T02:29:16.719Z In(05) vmx DICT installerDefaults.dataCollectionEnabled = "yes"
2026-07-26T02:29:16.719Z In(05) vmx DICT installerDefaults.dataCollectionEnabled.epoch = "15182"
2026-07-26T02:29:16.719Z In(05) vmx DICT --- NONPERSISTENT
2026-07-26T02:29:16.719Z In(05) vmx DICT            vmx.stdio.keep = "TRUE"
2026-07-26T02:29:16.719Z In(05) vmx DICT             gui.available = "TRUE"
2026-07-26T02:29:16.719Z In(05) vmx DICT --- COMMAND LINE
2026-07-26T02:29:16.719Z In(05) vmx DICT            vmx.stdio.keep = "TRUE"
2026-07-26T02:29:16.719Z In(05) vmx DICT             gui.available = "TRUE"
2026-07-26T02:29:16.720Z In(05) vmx DICT --- RECORDING
2026-07-26T02:29:16.720Z In(05) vmx DICT            vmx.stdio.keep = "TRUE"
2026-07-26T02:29:16.720Z In(05) vmx DICT             gui.available = "TRUE"
2026-07-26T02:29:16.720Z In(05) vmx DICT --- CONFIGURATION C:\Users\User\Documents\Virtual Machines\Richard's Liver Server 1\Richard's Liver Server 1.vmx 
2026-07-26T02:29:16.720Z In(05) vmx DICT            config.version = "8"
2026-07-26T02:29:16.720Z In(05) vmx DICT         virtualHW.version = "21"
2026-07-26T02:29:16.720Z In(05) vmx DICT              mks.enable3d = "TRUE"
2026-07-26T02:29:16.720Z In(05) vmx DICT        pciBridge0.present = "TRUE"
2026-07-26T02:29:16.720Z In(05) vmx DICT        pciBridge4.present = "TRUE"
2026-07-26T02:29:16.720Z In(05) vmx DICT     pciBridge4.virtualDev = "pcieRootPort"
2026-07-26T02:29:16.720Z In(05) vmx DICT      pciBridge4.functions = "8"
2026-07-26T02:29:16.720Z In(05) vmx DICT        pciBridge5.present = "TRUE"
2026-07-26T02:29:16.720Z In(05) vmx DICT     pciBridge5.virtualDev = "pcieRootPort"
2026-07-26T02:29:16.720Z In(05) vmx DICT      pciBridge5.functions = "8"
2026-07-26T02:29:16.720Z In(05) vmx DICT        pciBridge6.present = "TRUE"
2026-07-26T02:29:16.720Z In(05) vmx DICT     pciBridge6.virtualDev = "pcieRootPort"
2026-07-26T02:29:16.720Z In(05) vmx DICT      pciBridge6.functions = "8"
2026-07-26T02:29:16.720Z In(05) vmx DICT        pciBridge7.present = "TRUE"
2026-07-26T02:29:16.720Z In(05) vmx DICT     pciBridge7.virtualDev = "pcieRootPort"
2026-07-26T02:29:16.720Z In(05) vmx DICT      pciBridge7.functions = "8"
2026-07-26T02:29:16.720Z In(05) vmx DICT             vmci0.present = "TRUE"
2026-07-26T02:29:16.720Z In(05) vmx DICT             hpet0.present = "TRUE"
2026-07-26T02:29:16.720Z In(05) vmx DICT                     nvram = "Richard's Liver Server 1.nvram"
2026-07-26T02:29:16.720Z In(05) vmx DICT virtualHW.productCompatibility = "hosted"
2026-07-26T02:29:16.720Z In(05) vmx DICT        powerType.powerOff = "soft"
2026-07-26T02:29:16.720Z In(05) vmx DICT         powerType.powerOn = "soft"
2026-07-26T02:29:16.720Z In(05) vmx DICT         powerType.suspend = "soft"
2026-07-26T02:29:16.720Z In(05) vmx DICT           powerType.reset = "soft"
2026-07-26T02:29:16.720Z In(05) vmx DICT               displayName = "Richard's Liver Server 1"
2026-07-26T02:29:16.720Z In(05) vmx DICT                   guestOS = "ubuntu-64"
2026-07-26T02:29:16.720Z In(05) vmx DICT            tools.syncTime = "FALSE"
2026-07-26T02:29:16.720Z In(05) vmx DICT          sound.autoDetect = "TRUE"
2026-07-26T02:29:16.720Z In(05) vmx DICT            sound.fileName = "-1"
2026-07-26T02:29:16.720Z In(05) vmx DICT             sound.present = "TRUE"
2026-07-26T02:29:16.720Z In(05) vmx DICT                  numvcpus = "4"
2026-07-26T02:29:16.720Z In(05) vmx DICT      cpuid.coresPerSocket = "1"
2026-07-26T02:29:16.720Z In(05) vmx DICT               vcpu.hotadd = "TRUE"
2026-07-26T02:29:16.720Z In(05) vmx DICT                   memsize = "8192"
2026-07-26T02:29:16.720Z In(05) vmx DICT                mem.hotadd = "TRUE"
2026-07-26T02:29:16.720Z In(05) vmx DICT          scsi0.virtualDev = "lsilogic"
2026-07-26T02:29:16.720Z In(05) vmx DICT             scsi0.present = "TRUE"
2026-07-26T02:29:16.720Z In(05) vmx DICT             sata0.present = "TRUE"
2026-07-26T02:29:16.720Z In(05) vmx DICT          scsi0:0.fileName = "Richard's Liver Server 1.vmdk"
2026-07-26T02:29:16.720Z In(05) vmx DICT           scsi0:0.present = "TRUE"
2026-07-26T02:29:16.720Z In(05) vmx DICT        sata0:1.deviceType = "cdrom-image"
2026-07-26T02:29:16.720Z In(05) vmx DICT          sata0:1.fileName = "C:\Users\User\Downloads\ubuntu-24.04.4-live-server-amd64.iso"
2026-07-26T02:29:16.720Z In(05) vmx DICT           sata0:1.present = "TRUE"
2026-07-26T02:29:16.720Z In(05) vmx DICT               usb.present = "TRUE"
2026-07-26T02:29:16.720Z In(05) vmx DICT              ehci.present = "TRUE"
2026-07-26T02:29:16.720Z In(05) vmx DICT     svga.graphicsMemoryKB = "8388608"
2026-07-26T02:29:16.720Z In(05) vmx DICT  ethernet0.connectionType = "nat"
2026-07-26T02:29:16.720Z In(05) vmx DICT     ethernet0.addressType = "generated"
2026-07-26T02:29:16.720Z In(05) vmx DICT      ethernet0.virtualDev = "e1000"
2026-07-26T02:29:16.720Z In(05) vmx DICT  ethernet1.connectionType = "hostonly"
2026-07-26T02:29:16.720Z In(05) vmx DICT     ethernet1.addressType = "generated"
2026-07-26T02:29:16.721Z In(05) vmx DICT      ethernet1.virtualDev = "e1000"
2026-07-26T02:29:16.721Z In(05) vmx DICT         ethernet0.present = "TRUE"
2026-07-26T02:29:16.721Z In(05) vmx DICT         ethernet1.present = "TRUE"
2026-07-26T02:29:16.721Z In(05) vmx DICT        extendedConfigFile = "Richard's Liver Server 1.vmxf"
2026-07-26T02:29:16.721Z In(05) vmx DICT           floppy0.present = "FALSE"
2026-07-26T02:29:16.721Z In(05) vmx DICT         vmxstats.filename = "Richard's Liver Server 1.scoreboard"
2026-07-26T02:29:16.721Z In(05) vmx DICT                 uuid.bios = "56 4d a3 da a6 2f d0 bf-86 b1 d9 92 20 9b 8e e6"
2026-07-26T02:29:16.721Z In(05) vmx DICT             uuid.location = "56 4d a3 da a6 2f d0 bf-86 b1 d9 92 20 9b 8e e6"
2026-07-26T02:29:16.721Z In(05) vmx DICT  pciBridge0.pciSlotNumber = "17"
2026-07-26T02:29:16.721Z In(05) vmx DICT  pciBridge4.pciSlotNumber = "21"
2026-07-26T02:29:16.721Z In(05) vmx DICT  pciBridge5.pciSlotNumber = "22"
2026-07-26T02:29:16.721Z In(05) vmx DICT  pciBridge6.pciSlotNumber = "23"
2026-07-26T02:29:16.721Z In(05) vmx DICT  pciBridge7.pciSlotNumber = "24"
2026-07-26T02:29:16.721Z In(05) vmx DICT       scsi0.pciSlotNumber = "16"
2026-07-26T02:29:16.721Z In(05) vmx DICT         usb.pciSlotNumber = "32"
2026-07-26T02:29:16.721Z In(05) vmx DICT   ethernet0.pciSlotNumber = "33"
2026-07-26T02:29:16.721Z In(05) vmx DICT   ethernet1.pciSlotNumber = "34"
2026-07-26T02:29:16.721Z In(05) vmx DICT       sound.pciSlotNumber = "35"
2026-07-26T02:29:16.721Z In(05) vmx DICT        ehci.pciSlotNumber = "36"
2026-07-26T02:29:16.721Z In(05) vmx DICT       sata0.pciSlotNumber = "37"
2026-07-26T02:29:16.721Z In(05) vmx DICT              scsi0:0.redo = ""
2026-07-26T02:29:16.721Z In(05) vmx DICT             svga.vramSize = "268435456"
2026-07-26T02:29:16.721Z In(05) vmx DICT  vmotion.checkpointFBSize = "4194304"
2026-07-26T02:29:16.721Z In(05) vmx DICT vmotion.checkpointSVGAPrimarySize = "268435456"
2026-07-26T02:29:16.721Z In(05) vmx DICT   vmotion.svga.mobMaxSize = "1073741824"
2026-07-26T02:29:16.721Z In(05) vmx DICT vmotion.svga.graphicsMemoryKB = "8388608"
2026-07-26T02:29:16.721Z In(05) vmx DICT   vmotion.svga.supports3D = "1"
2026-07-26T02:29:16.721Z In(05) vmx DICT vmotion.svga.baseCapsLevel = "9"
2026-07-26T02:29:16.721Z In(05) vmx DICT vmotion.svga.maxPointSize = "1"
2026-07-26T02:29:16.721Z In(05) vmx DICT vmotion.svga.maxTextureSize = "16384"
2026-07-26T02:29:16.721Z In(05) vmx DICT vmotion.svga.maxVolumeExtent = "2048"
2026-07-26T02:29:16.721Z In(05) vmx DICT vmotion.svga.maxTextureAnisotropy = "16"
2026-07-26T02:29:16.721Z In(05) vmx DICT  vmotion.svga.lineStipple = "0"
2026-07-26T02:29:16.721Z In(05) vmx DICT vmotion.svga.dxMaxConstantBuffers = "14"
2026-07-26T02:29:16.721Z In(05) vmx DICT vmotion.svga.dxProvokingVertex = "0"
2026-07-26T02:29:16.721Z In(05) vmx DICT         vmotion.svga.sm41 = "1"
2026-07-26T02:29:16.721Z In(05) vmx DICT vmotion.svga.multisample2x = "1"
2026-07-26T02:29:16.721Z In(05) vmx DICT vmotion.svga.multisample4x = "1"
2026-07-26T02:29:16.721Z In(05) vmx DICT vmotion.svga.msFullQuality = "1"
2026-07-26T02:29:16.721Z In(05) vmx DICT     vmotion.svga.logicOps = "1"
2026-07-26T02:29:16.721Z In(05) vmx DICT         vmotion.svga.bc67 = "9"
2026-07-26T02:29:16.721Z In(05) vmx DICT          vmotion.svga.sm5 = "1"
2026-07-26T02:29:16.721Z In(05) vmx DICT vmotion.svga.multisample8x = "1"
2026-07-26T02:29:16.721Z In(05) vmx DICT vmotion.svga.logicBlendOps = "1"
2026-07-26T02:29:16.721Z In(05) vmx DICT vmotion.svga.maxForcedSampleCount = "16"
2026-07-26T02:29:16.721Z In(05) vmx DICT         vmotion.svga.gl43 = "0"
2026-07-26T02:29:16.721Z In(05) vmx DICT ethernet0.generatedAddress = "00:0c:29:9b:8e:e6"
2026-07-26T02:29:16.721Z In(05) vmx DICT ethernet0.generatedAddressOffset = "0"
2026-07-26T02:29:16.721Z In(05) vmx DICT ethernet1.generatedAddress = "00:0c:29:9b:8e:f0"
2026-07-26T02:29:16.721Z In(05) vmx DICT ethernet1.generatedAddressOffset = "10"
2026-07-26T02:29:16.721Z In(05) vmx DICT                  vmci0.id = "547065574"
2026-07-26T02:29:16.721Z In(05) vmx DICT    monitor.phys_bits_used = "45"
2026-07-26T02:29:16.721Z In(05) vmx DICT             cleanShutdown = "TRUE"
2026-07-26T02:29:16.721Z In(05) vmx DICT              softPowerOff = "TRUE"
2026-07-26T02:29:16.721Z In(05) vmx DICT               usb:1.speed = "2"
2026-07-26T02:29:16.722Z In(05) vmx DICT             usb:1.present = "TRUE"
2026-07-26T02:29:16.722Z In(05) vmx DICT          usb:1.deviceType = "hub"
2026-07-26T02:29:16.722Z In(05) vmx DICT                usb:1.port = "1"
2026-07-26T02:29:16.722Z In(05) vmx DICT              usb:1.parent = "-1"
2026-07-26T02:29:16.722Z In(05) vmx DICT svga.guestBackedPrimaryAware = "TRUE"
2026-07-26T02:29:16.722Z In(05) vmx DICT tools.capability.verifiedSamlToken = "TRUE"
2026-07-26T02:29:16.722Z In(05) vmx DICT   guestInfo.detailed.data = <not printed>
2026-07-26T02:29:16.722Z In(05) vmx DICT        checkpoint.vmState = ""
2026-07-26T02:29:16.722Z In(05) vmx DICT   gui.lastPoweredViewMode = "fullscreen"
2026-07-26T02:29:16.722Z In(05) vmx DICT             usb:0.present = "TRUE"
2026-07-26T02:29:16.722Z In(05) vmx DICT          usb:0.deviceType = "hid"
2026-07-26T02:29:16.722Z In(05) vmx DICT                usb:0.port = "0"
2026-07-26T02:29:16.722Z In(05) vmx DICT              usb:0.parent = "-1"
2026-07-26T02:29:16.722Z In(05) vmx DICT --- USER DEFAULTS C:\Users\User\AppData\Roaming\VMware\config.ini 
2026-07-26T02:29:16.722Z In(05) vmx DICT --- HOST DEFAULTS C:\ProgramData\VMware\VMware Workstation\config.ini 
2026-07-26T02:29:16.722Z In(05) vmx DICT         authd.client.port = "902"
2026-07-26T02:29:16.722Z In(05) vmx DICT           authd.proxy.nfc = "vmware-hostd:ha-nfc"
2026-07-26T02:29:16.722Z In(05) vmx DICT installerDefaults.autoSoftwareUpdateEnabled = "yes"
2026-07-26T02:29:16.722Z In(05) vmx DICT installerDefaults.autoSoftwareUpdateEnabled.epoch = "15182"
2026-07-26T02:29:16.722Z In(05) vmx DICT installerDefaults.componentDownloadEnabled = "yes"
2026-07-26T02:29:16.722Z In(05) vmx DICT installerDefaults.dataCollectionEnabled = "yes"
2026-07-26T02:29:16.722Z In(05) vmx DICT installerDefaults.dataCollectionEnabled.epoch = "15182"
2026-07-26T02:29:16.722Z In(05) vmx DICT --- SITE DEFAULTS C:\ProgramData\VMware\VMware Workstation\config.ini 
2026-07-26T02:29:16.722Z In(05) vmx DICT         authd.client.port = "902"
2026-07-26T02:29:16.722Z In(05) vmx DICT           authd.proxy.nfc = "vmware-hostd:ha-nfc"
2026-07-26T02:29:16.722Z In(05) vmx DICT installerDefaults.autoSoftwareUpdateEnabled = "yes"
2026-07-26T02:29:16.722Z In(05) vmx DICT installerDefaults.autoSoftwareUpdateEnabled.epoch = "15182"
2026-07-26T02:29:16.722Z In(05) vmx DICT installerDefaults.componentDownloadEnabled = "yes"
2026-07-26T02:29:16.722Z In(05) vmx DICT installerDefaults.dataCollectionEnabled = "yes"
2026-07-26T02:29:16.722Z In(05) vmx DICT installerDefaults.dataCollectionEnabled.epoch = "15182"
2026-07-26T02:29:16.722Z In(05) vmx DICT --- GLOBAL SETTINGS C:\ProgramData\VMware\VMware Workstation\settings.ini 
2026-07-26T02:29:16.722Z In(05) vmx DICT          printers.enabled = "FALSE"
2026-07-26T02:29:16.723Z In(05) vmx Powering on guestOS 'ubuntu-64' using the configuration for 'ubuntu-64'.
2026-07-26T02:29:16.724Z In(05) vmx ToolsISO: open of C:\Program Files (x86)\VMware\VMware Workstation\isoimages_manifest.txt.sig failed: Could not find the file
2026-07-26T02:29:16.724Z In(05) vmx ToolsISO: Unable to read signature file 'C:\Program Files (x86)\VMware\VMware Workstation\isoimages_manifest.txt.sig', ignoring.
2026-07-26T02:29:16.724Z In(05) vmx ToolsISO: Updated cached value for imageName to 'linux.iso'.
2026-07-26T02:29:16.724Z In(05) vmx ToolsISO: Selected Tools ISO 'linux.iso' for 'ubuntu-64' guest.
2026-07-26T02:29:16.725Z In(05) vmx Vix: [mainDispatch.c:4213]: VMAutomation_ReportPowerOpFinished: statevar=1, newAppState=1873, success=1 additionalError=0
2026-07-26T02:29:16.725Z In(05) vmx DEVSWAP: GuestOS does not require LSI adapter swap.
2026-07-26T02:29:16.726Z In(05) vmx Monitor Mode: CPL0
2026-07-26T02:29:16.744Z In(05) vmx OvhdMem_PowerOn: initial admission: paged  4142788 nonpaged     8007 anonymous    13366
2026-07-26T02:29:16.744Z In(05) vmx VMMEM: Initial Reservation: 16266MB (MainMem=8192MB)
2026-07-26T02:29:16.744Z In(05) vmx numa: Hot-add is enabled and vNUMA hot-add is disabled, forcing UMA.
2026-07-26T02:29:16.744Z In(05) vmx llc: maximum vcpus per LLC: 1
2026-07-26T02:29:16.744Z In(05) vmx llc: vLLC size: 1
2026-07-26T02:29:16.748Z In(05) vmx MemSched_PowerOn: balloon minGuestSize 419430 (80% of min required size 524288)
2026-07-26T02:29:16.748Z In(05) vmx MemSched: reserved mem (in MB) min 128 max 13722 recommended 13722
2026-07-26T02:29:16.748Z In(05) vmx MemSched: pg 4142788 np 8007 anon 13366 mem 2097152
2026-07-26T02:29:16.770Z In(05) vmx MemSched: numvm 2 locked pages: num 269626 max 3496448
2026-07-26T02:29:16.770Z In(05) vmx MemSched: locked Page Limit: host 3691151 config 3512832
2026-07-26T02:29:16.770Z In(05) vmx MemSched: minmempct 50 minalloc 269626 admitted 1
2026-07-26T02:29:16.772Z In(05) PowerNotifyThread VTHREAD 40356 "PowerNotifyThread"
2026-07-26T02:29:16.772Z In(05) PowerNotifyThread PowerNotify thread is alive.
2026-07-26T02:29:16.772Z In(05) vmx LICENSE: Running unlicensed VMX (VMware Workstation)
2026-07-26T02:29:16.772Z In(05) vthread-49660 VTHREAD 49660 "vthread-49660"
2026-07-26T02:29:16.773Z In(05) vmx Win32U_GetFileAttributes: GetFileAttributesExW("C:\Users\User\Documents\Virtual Machines\Richard's Liver Server 1\Richard's Liver Server 1.vmpl", ...) failed, error: 2
2026-07-26T02:29:16.773Z In(05) vmx PolicyVMXFindPolicyKey: policy file does not exist.
2026-07-26T02:29:16.774Z In(05) vmx Win32U_GetFileAttributes: GetFileAttributesExW("C:\Users\User\Documents\Virtual Machines\Richard's Liver Server 1\Richard's Liver Server 1.vmpl", ...) failed, error: 2
2026-07-26T02:29:16.774Z In(05) vmx PolicyVMXFindPolicyKey: policy file does not exist.
2026-07-26T02:29:16.775Z In(05) vmx Host PA size: 39 bits. Guest PA size: 45 bits.
2026-07-26T02:29:16.776Z In(05) vmx ToolsISO: Refreshing imageName for 'ubuntu-64' (refreshCount=1, lastCount=1).
2026-07-26T02:29:16.776Z In(05) vmx ToolsISO: open of C:\Program Files (x86)\VMware\VMware Workstation\isoimages_manifest.txt.sig failed: Could not find the file
2026-07-26T02:29:16.776Z In(05) vmx ToolsISO: Unable to read signature file 'C:\Program Files (x86)\VMware\VMware Workstation\isoimages_manifest.txt.sig', ignoring.
2026-07-26T02:29:16.777Z In(05) vmx ToolsISO: Updated cached value for imageName to 'linux.iso'.
2026-07-26T02:29:16.777Z In(05) vmx ToolsISO: Selected Tools ISO 'linux.iso' for 'ubuntu-64' guest.
2026-07-26T02:29:16.778Z In(05) deviceThread VTHREAD 48748 "deviceThread"
2026-07-26T02:29:16.778Z In(05) deviceThread Device thread is alive
2026-07-26T02:29:16.778Z In(05) vmx Host VT-x Capabilities:
2026-07-26T02:29:16.778Z In(05) vmx Basic VMX Information (0x00da040000000012)
2026-07-26T02:29:16.778Z In(05) vmx   VMCS revision ID                          18
2026-07-26T02:29:16.778Z In(05) vmx   VMCS region length                      1024
2026-07-26T02:29:16.778Z In(05) vmx   VMX physical-address width           natural
2026-07-26T02:29:16.778Z In(05) vmx   SMM dual-monitor mode                    yes
2026-07-26T02:29:16.778Z In(05) vmx   VMCS memory type                          WB
2026-07-26T02:29:16.778Z In(05) vmx   Advanced INS/OUTS info                   yes
2026-07-26T02:29:16.778Z In(05) vmx   True VMX MSRs                            yes
2026-07-26T02:29:16.778Z In(05) vmx   Exception Injection ignores error code    no
2026-07-26T02:29:16.778Z In(05) vmx True Pin-Based VM-Execution Controls (0x0000007f00000016)
2026-07-26T02:29:16.778Z In(05) vmx   External-interrupt exiting               {0,1}
2026-07-26T02:29:16.778Z In(05) vmx   NMI exiting                              {0,1}
2026-07-26T02:29:16.778Z In(05) vmx   Virtual NMIs                             {0,1}
2026-07-26T02:29:16.778Z In(05) vmx   Activate VMX-preemption timer            {0,1}
2026-07-26T02:29:16.778Z In(05) vmx   Process posted interrupts                { 0 }
2026-07-26T02:29:16.778Z In(05) vmx True Primary Processor-Based VM-Execution Controls (0xfff9fffe04006172)
2026-07-26T02:29:16.778Z In(05) vmx   Interrupt-window exiting                 {0,1}
2026-07-26T02:29:16.778Z In(05) vmx   Use TSC offsetting                       {0,1}
2026-07-26T02:29:16.778Z In(05) vmx   HLT exiting                              {0,1}
2026-07-26T02:29:16.778Z In(05) vmx   INVLPG exiting                           {0,1}
2026-07-26T02:29:16.778Z In(05) vmx   MWAIT exiting                            {0,1}
2026-07-26T02:29:16.778Z In(05) vmx   RDPMC exiting                            {0,1}
2026-07-26T02:29:16.778Z In(05) vmx   RDTSC exiting                            {0,1}
2026-07-26T02:29:16.778Z In(05) vmx   CR3-load exiting                         {0,1}
2026-07-26T02:29:16.778Z In(05) vmx   CR3-store exiting                        {0,1}
2026-07-26T02:29:16.778Z In(05) vmx   Activate tertiary controls               { 0 }
2026-07-26T02:29:16.779Z In(05) vmx   CR8-load exiting                         {0,1}
2026-07-26T02:29:16.779Z In(05) vmx   CR8-store exiting                        {0,1}
2026-07-26T02:29:16.779Z In(05) vmx   Use TPR shadow                           {0,1}
2026-07-26T02:29:16.779Z In(05) vmx   NMI-window exiting                       {0,1}
2026-07-26T02:29:16.779Z In(05) vmx   MOV-DR exiting                           {0,1}
2026-07-26T02:29:16.779Z In(05) vmx   Unconditional I/O exiting                {0,1}
2026-07-26T02:29:16.779Z In(05) vmx   Use I/O bitmaps                          {0,1}
2026-07-26T02:29:16.779Z In(05) vmx   Monitor trap flag                        {0,1}
2026-07-26T02:29:16.779Z In(05) vmx   Use MSR bitmaps                          {0,1}
2026-07-26T02:29:16.779Z In(05) vmx   MONITOR exiting                          {0,1}
2026-07-26T02:29:16.779Z In(05) vmx   PAUSE exiting                            {0,1}
2026-07-26T02:29:16.779Z In(05) vmx   Activate secondary controls              {0,1}
2026-07-26T02:29:16.779Z In(05) vmx Secondary Processor-Based VM-Execution Controls (0x00007cff00000000)
2026-07-26T02:29:16.779Z In(05) vmx   Virtualize APIC accesses                 {0,1}
2026-07-26T02:29:16.779Z In(05) vmx   Enable EPT                               {0,1}
2026-07-26T02:29:16.779Z In(05) vmx   Descriptor-table exiting                 {0,1}
2026-07-26T02:29:16.779Z In(05) vmx   Enable RDTSCP                            {0,1}
2026-07-26T02:29:16.779Z In(05) vmx   Virtualize x2APIC mode                   {0,1}
2026-07-26T02:29:16.779Z In(05) vmx   Enable VPID                              {0,1}
2026-07-26T02:29:16.779Z In(05) vmx   WBINVD exiting                           {0,1}
2026-07-26T02:29:16.779Z In(05) vmx   Unrestricted guest                       {0,1}
2026-07-26T02:29:16.779Z In(05) vmx   APIC-register virtualization             { 0 }
2026-07-26T02:29:16.779Z In(05) vmx   Virtual-interrupt delivery               { 0 }
2026-07-26T02:29:16.779Z In(05) vmx   PAUSE-loop exiting                       {0,1}
2026-07-26T02:29:16.779Z In(05) vmx   RDRAND exiting                           {0,1}
2026-07-26T02:29:16.779Z In(05) vmx   Enable INVPCID                           {0,1}
2026-07-26T02:29:16.779Z In(05) vmx   Enable VM Functions                      {0,1}
2026-07-26T02:29:16.779Z In(05) vmx   Use VMCS shadowing                       {0,1}
2026-07-26T02:29:16.779Z In(05) vmx   ENCLS exiting                            { 0 }
2026-07-26T02:29:16.779Z In(05) vmx   RDSEED exiting                           { 0 }
2026-07-26T02:29:16.779Z In(05) vmx   Enable PML                               { 0 }
2026-07-26T02:29:16.779Z In(05) vmx   EPT-violation #VE                        { 0 }
2026-07-26T02:29:16.779Z In(05) vmx   Conceal VMX from PT                      { 0 }
2026-07-26T02:29:16.779Z In(05) vmx   Enable XSAVES/XRSTORS                    { 0 }
2026-07-26T02:29:16.779Z In(05) vmx   PASID translation                        { 0 }
2026-07-26T02:29:16.779Z In(05) vmx   Mode-based execute control for EPT       { 0 }
2026-07-26T02:29:16.779Z In(05) vmx   Sub-page write permissions for EPT       { 0 }
2026-07-26T02:29:16.779Z In(05) vmx   PT uses guest physical addresses         { 0 }
2026-07-26T02:29:16.779Z In(05) vmx   Use TSC scaling                          { 0 }
2026-07-26T02:29:16.779Z In(05) vmx   Enable UMWAIT and TPAUSE                 { 0 }
2026-07-26T02:29:16.779Z In(05) vmx   Enable ENCLV in VMX non-root mode        { 0 }
2026-07-26T02:29:16.779Z In(05) vmx   Enable EPC Virtualization Extensions     { 0 }
2026-07-26T02:29:16.779Z In(05) vmx   Bus lock exiting                         { 0 }
2026-07-26T02:29:16.779Z In(05) vmx   Notification VM exits                    { 0 }
2026-07-26T02:29:16.779Z In(05) vmx Tertiary Processor-Based VM-Execution Controls (0x0000000000000000)
2026-07-26T02:29:16.779Z In(05) vmx   LOADIWKEY exiting                          no
2026-07-26T02:29:16.779Z In(05) vmx   Enable HLAT                                no
2026-07-26T02:29:16.779Z In(05) vmx   Enable Paging-Write                        no
2026-07-26T02:29:16.779Z In(05) vmx   Enable Guest Paging Verification           no
2026-07-26T02:29:16.779Z In(05) vmx   Enable IPI Virtualization                  no
2026-07-26T02:29:16.779Z In(05) vmx   TD shared bit position for 5-level EPT     no
2026-07-26T02:29:16.779Z In(05) vmx   Enable RDMSRLIST/WRMSRLIST                 no
2026-07-26T02:29:16.779Z In(05) vmx   Enable Virtual MSR_SPEC_CTRL               no
2026-07-26T02:29:16.779Z In(05) vmx True VM-Exit Controls (0x007fffff00036dfb)
2026-07-26T02:29:16.779Z In(05) vmx   Save debug controls                      {0,1}
2026-07-26T02:29:16.779Z In(05) vmx   Host address-space size                  {0,1}
2026-07-26T02:29:16.780Z In(05) vmx   Load IA32_PERF_GLOBAL_CTRL               {0,1}
2026-07-26T02:29:16.780Z In(05) vmx   Acknowledge interrupt on exit            {0,1}
2026-07-26T02:29:16.780Z In(05) vmx   Save IA32_PAT                            {0,1}
2026-07-26T02:29:16.780Z In(05) vmx   Load IA32_PAT                            {0,1}
2026-07-26T02:29:16.780Z In(05) vmx   Save IA32_EFER                           {0,1}
2026-07-26T02:29:16.780Z In(05) vmx   Load IA32_EFER                           {0,1}
2026-07-26T02:29:16.780Z In(05) vmx   Save VMX-preemption timer                {0,1}
2026-07-26T02:29:16.780Z In(05) vmx   Clear IA32_BNDCFGS                       { 0 }
2026-07-26T02:29:16.780Z In(05) vmx   Conceal VMX from processor trace         { 0 }
2026-07-26T02:29:16.780Z In(05) vmx   Clear IA32_RTIT MSR                      { 0 }
2026-07-26T02:29:16.780Z In(05) vmx   Clear IA32_LBR_CTL MSR                   { 0 }
2026-07-26T02:29:16.780Z In(05) vmx   Clear user-interrupt notification vector { 0 }
2026-07-26T02:29:16.780Z In(05) vmx   Load CET state                           { 0 }
2026-07-26T02:29:16.780Z In(05) vmx   Load PKRS                                { 0 }
2026-07-26T02:29:16.780Z In(05) vmx   Save IA32_PERF_GLOBAL_CTRL               { 0 }
2026-07-26T02:29:16.780Z In(05) vmx   Use Secondary VM-Exit Controls           { 0 }
2026-07-26T02:29:16.780Z In(05) vmx Secondary VM-Exit Controls (0x0000000000000000)
2026-07-26T02:29:16.780Z In(05) vmx   Fractured Shadow-Stack Update Reporting    no
2026-07-26T02:29:16.780Z In(05) vmx True VM-Entry Controls (0x0000ffff000011fb)
2026-07-26T02:29:16.780Z In(05) vmx   Load debug controls                      {0,1}
2026-07-26T02:29:16.780Z In(05) vmx   IA-32e mode guest                        {0,1}
2026-07-26T02:29:16.780Z In(05) vmx   Entry to SMM                             {0,1}
2026-07-26T02:29:16.780Z In(05) vmx   Deactivate dual-monitor mode             {0,1}
2026-07-26T02:29:16.780Z In(05) vmx   Load IA32_PERF_GLOBAL_CTRL               {0,1}
2026-07-26T02:29:16.780Z In(05) vmx   Load IA32_PAT                            {0,1}
2026-07-26T02:29:16.780Z In(05) vmx   Load IA32_EFER                           {0,1}
2026-07-26T02:29:16.780Z In(05) vmx   Load IA32_BNDCFGS                        { 0 }
2026-07-26T02:29:16.780Z In(05) vmx   Conceal VMX from processor trace         { 0 }
2026-07-26T02:29:16.780Z In(05) vmx   Load IA32_RTIT MSR                       { 0 }
2026-07-26T02:29:16.780Z In(05) vmx   Load user-interrupt notification vector  { 0 }
2026-07-26T02:29:16.780Z In(05) vmx   Load CET state                           { 0 }
2026-07-26T02:29:16.780Z In(05) vmx   Load IA32_LBR_CTL MSR                    { 0 }
2026-07-26T02:29:16.780Z In(05) vmx   Load PKRS                                { 0 }
2026-07-26T02:29:16.780Z In(05) vmx VPID and EPT Capabilities (0x00000f0106334141)
2026-07-26T02:29:16.780Z In(05) vmx   R=0/W=0/X=1                               yes
2026-07-26T02:29:16.780Z In(05) vmx   Page-walk length 3                        yes
2026-07-26T02:29:16.780Z In(05) vmx   EPT memory type WB                        yes
2026-07-26T02:29:16.780Z In(05) vmx   2MB super-page                            yes
2026-07-26T02:29:16.780Z In(05) vmx   1GB super-page                            yes
2026-07-26T02:29:16.780Z In(05) vmx   INVEPT support                            yes
2026-07-26T02:29:16.780Z In(05) vmx   Access & Dirty Bits                       yes
2026-07-26T02:29:16.780Z In(05) vmx   Advanced VM exit information for EPT violations    no
2026-07-26T02:29:16.780Z In(05) vmx   Supervisor shadow-stack control            no
2026-07-26T02:29:16.780Z In(05) vmx   Type 1 INVEPT                             yes
2026-07-26T02:29:16.780Z In(05) vmx   Type 2 INVEPT                             yes
2026-07-26T02:29:16.780Z In(05) vmx   INVVPID support                           yes
2026-07-26T02:29:16.781Z In(05) vmx   Type 0 INVVPID                            yes
2026-07-26T02:29:16.781Z In(05) vmx   Type 1 INVVPID                            yes
2026-07-26T02:29:16.781Z In(05) vmx   Type 2 INVVPID                            yes
2026-07-26T02:29:16.781Z In(05) vmx   Type 3 INVVPID                            yes
2026-07-26T02:29:16.781Z In(05) vmx Miscellaneous VMX Data (0x00000000300481e5)
2026-07-26T02:29:16.781Z In(05) vmx   TSC to preemption timer ratio      5
2026-07-26T02:29:16.781Z In(05) vmx   VM-Exit saves EFER.LMA           yes
2026-07-26T02:29:16.781Z In(05) vmx   Activity State HLT               yes
2026-07-26T02:29:16.781Z In(05) vmx   Activity State shutdown          yes
2026-07-26T02:29:16.781Z In(05) vmx   Activity State wait-for-SIPI     yes
2026-07-26T02:29:16.781Z In(05) vmx   Processor trace in VMX            no
2026-07-26T02:29:16.781Z In(05) vmx   RDMSR SMBASE MSR in SMM          yes
2026-07-26T02:29:16.781Z In(05) vmx   CR3 targets supported              4
2026-07-26T02:29:16.781Z In(05) vmx   Maximum MSR list size            512
2026-07-26T02:29:16.781Z In(05) vmx   VMXOFF holdoff of SMIs           yes
2026-07-26T02:29:16.781Z In(05) vmx   Allow all VMWRITEs               yes
2026-07-26T02:29:16.781Z In(05) vmx   Allow zero instruction length     no
2026-07-26T02:29:16.781Z In(05) vmx   MSEG revision ID                   0
2026-07-26T02:29:16.781Z In(05) vmx VMX-Fixed Bits in CR0 (0x0000000080000021/0x00000000ffffffff)
2026-07-26T02:29:16.781Z In(05) vmx   Fixed to 0        0xffffffff00000000
2026-07-26T02:29:16.781Z In(05) vmx   Fixed to 1        0x0000000080000021
2026-07-26T02:29:16.781Z In(05) vmx   Variable          0x000000007fffffde
2026-07-26T02:29:16.781Z In(05) vmx VMX-Fixed Bits in CR4 (0x0000000000002000/0x00000000001767ff)
2026-07-26T02:29:16.781Z In(05) vmx   Fixed to 0        0xffffffffffe89800
2026-07-26T02:29:16.781Z In(05) vmx   Fixed to 1        0x0000000000002000
2026-07-26T02:29:16.781Z In(05) vmx   Variable          0x00000000001747ff
2026-07-26T02:29:16.781Z In(05) vmx VMCS Enumeration (0x000000000000002a)
2026-07-26T02:29:16.781Z In(05) vmx   Highest index                   0x15
2026-07-26T02:29:16.781Z In(05) vmx VM Functions (0x0000000000000001)
2026-07-26T02:29:16.781Z In(05) vmx   Function  0 (EPTP-switching) supported.
2026-07-26T02:29:16.781Z In(05) vmx Monitor_PowerOn: hostedVSMPMaxSkew is 1500 us (4190315 cycles)
2026-07-26T02:29:16.782Z In(05) vmx vmm-modules: [vmm.vmm, vmce-vmce.vmm, viommu-none.vmm, vprobe-none.vmm, hv-vt.vmm, gphys-ept.vmm, callstack-none.vmm, ahci-ahci.vmm, !ahciShared=0x0, !e1000Shared=0xc00, !tdxSharedVMData=0x1d00, !vmSamples=0x1d00, !theIOSpace=0x1d80, !ttGPPerVcpu=0x8bc0, {UseUnwind}=0x0, numVCPUsAsAddr=0x4, {SharedAreaReservations}=0x8c00, {rodataSize}=0x2206a, {textAddr}=0xfffffffffc000000, {textSize}=0x92587, <MonSrcFile>]
2026-07-26T02:29:16.782Z In(05) vmx vmm-vcpus:   4
2026-07-26T02:29:16.837Z In(05) vmx KHZEstimate 2793543
2026-07-26T02:29:16.837Z In(05) vmx MHZEstimate 2794
2026-07-26T02:29:16.837Z In(05) vmx NumVCPUs 4
2026-07-26T02:29:16.840Z In(05) vmx AIOGNRC: numThreads=17 ide=0, scsi=1, passthru=0
2026-07-26T02:29:16.840Z In(05) vmx WORKER: Creating new group with maxThreads=17 (17)
2026-07-26T02:29:16.878Z In(05) vmx WORKER: Creating new group with maxThreads=1 (18)
2026-07-26T02:29:16.878Z In(05) vmx MainMem: CPT Host WZ=0 PF=8192 D=0
2026-07-26T02:29:16.878Z In(05) vmx MainMem: CPT PLS=1 PLR=1 BS=1 BlkP=32 Mult=4 W=50
2026-07-26T02:29:16.919Z In(05) vmx MainMem: Opened paging file, 'C:\Users\User\Documents\Virtual Machines\Richard's Liver Server 1\564da3da-a62f-d0bf-86b1-d992209b8ee6.vmem'.
2026-07-26T02:29:16.919Z In(05) vmx MStat: Creating Stat vm.uptime
2026-07-26T02:29:16.919Z In(05) vmx MStat: Creating Stat vm.suspendTime
2026-07-26T02:29:16.919Z In(05) vmx MStat: Creating Stat vm.powerOnTimeStamp
2026-07-26T02:29:16.920Z In(05) aioCompletion VTHREAD 36696 "aioCompletion"
2026-07-26T02:29:16.920Z In(05) vmx VMXAIOMGR: Using: simple=Compl
2026-07-26T02:29:16.927Z In(05) vmx WORKER: Creating new group with maxThreads=1 (19)
2026-07-26T02:29:16.933Z In(05) vmx WORKER: Creating new group with maxThreads=1 (20)
2026-07-26T02:29:16.934Z In(05) vmx WORKER: Creating new group with maxThreads=14 (34)
2026-07-26T02:29:16.935Z In(05) vmx FeatureCompat: No VM masks.
2026-07-26T02:29:16.935Z In(05) vmx TimeTracker host to guest rate conversion 18090854848125 @ 2793543000Hz -> 0 @ 2793543000Hz
2026-07-26T02:29:16.935Z In(05) vmx TimeTracker host to guest rate conversion ((x * 2147483648) >> 31) + -18090854848125
2026-07-26T02:29:16.935Z In(05) vmx Disabling TSC scaling since host does not support it.
2026-07-26T02:29:16.935Z In(05) vmx TSC offsetting enabled.
2026-07-26T02:29:16.935Z In(05) vmx timeTracker.globalProgressMaxAllowanceMS: 2000
2026-07-26T02:29:16.935Z In(05) vmx timeTracker.globalProgressToAllowanceNS: 1000
2026-07-26T02:29:16.935Z In(05) vmx MKS PowerOn
2026-07-26T02:29:16.938Z In(05) mks VTHREAD 39676 "mks"
2026-07-26T02:29:16.938Z In(05) mks MKS thread is alive
2026-07-26T02:29:16.938Z In(05) svga VTHREAD 18436 "svga"
2026-07-26T02:29:16.938Z In(05) svga SVGA thread is alive
2026-07-26T02:29:16.939Z In(05) mks MKS: SSE2=1, SSSE3=1, SSE4_1=1
2026-07-26T02:29:16.939Z In(05) mouse VTHREAD 43576 "mouse"
2026-07-26T02:29:16.939Z In(05) mks MKS-HookKeyboard: RegQueryValueEx(LowLevelHooksTimeout) failed: The system cannot find the file specified (2)
2026-07-26T02:29:16.939Z In(05) kbh VTHREAD 44720 "kbh"
2026-07-26T02:29:16.957Z In(05) mks MKSWin32: Registering top level window (0x1bf1488) to receive session change notification.
2026-07-26T02:29:16.959Z In(05) mks MKSWin32: Disabled power throttling.
2026-07-26T02:29:16.959Z In(05) mks Current Display Settings:
2026-07-26T02:29:16.959Z In(05) mks    Display: 0 size: 1920x1080  position: (0, 0) name: \\.\DISPLAY1  
2026-07-26T02:29:16.959Z In(05) mks MKSWin32: MIL: 0x4000
2026-07-26T02:29:16.959Z In(05) mks MKSRenderMain: PowerOn allowed BasicOps ISB DX12 DX11 DX11Basic VK 
2026-07-26T02:29:16.959Z In(05) mks MKSRenderMain: ISB enabled by config
2026-07-26T02:29:16.959Z In(05) mks MKSRenderMain: Collecting RenderOps caps from ISB
2026-07-26T02:29:16.959Z In(05) mks MKSRenderMain: Starting ISB
2026-07-26T02:29:16.960Z In(05) mks ISBRendererComm: ISBRendererComm DataChannel size=4294967296
2026-07-26T02:29:16.978Z In(05) mks LocalMKS: MKS_UUID=52 55 6d 4d da 06 c1 44-6b df 5c 15 dc 6a b7 b5
2026-07-26T02:29:16.985Z In(05) mks LogRotation: Rotating to a new log file (keepOld 3) took 0.003182 seconds.
2026-07-26T02:29:16.987Z In(05) mks ISBRendererComm: mksSandbox command-line: C:\Program Files (x86)\VMware\VMware Workstation\x64\mksSandbox.exe --pipeInfo \\.\pipe\vmware\mksSandbox\mksSandbox-52 da 9c d7 50 23 12 4d-d2 44 c3 8f d0 14 00 43
2026-07-26T02:29:18.442Z In(05) mks ISBRendererComm: Spawned process with handle 1428
2026-07-26T02:29:19.796Z In(05) mks ISBRendererComm: Sandbox Renderer: DX11Renderer
2026-07-26T02:29:19.797Z Wa(03) mks mksSandboxLog: Vulkan Renderer: No supported Vulkan device/driver found (See mks.vk.allowUnsupportedDevices or mks.vk.forceDevice configuration options).
2026-07-26T02:29:19.798Z Wa(03) mks mksSandboxLog: DX11Renderer: Unable to create a device for type unknown
2026-07-26T02:29:19.805Z In(05) mks MKSRenderMain: Started ISB (DX11)
2026-07-26T02:29:19.805Z In(05) mks MKSRenderMain: Found Full Renderer: ISBRenderer (DX11Renderer)
2026-07-26T02:29:19.805Z In(05) mks MKSRenderMain: maxTextureSize=16384
2026-07-26T02:29:19.806Z In(05) mks KHBKL: Unable to parse keystring at: ''
2026-07-26T02:29:19.806Z In(05) mks MKSRemoteMgr: Set default display name: Richard's Liver Server 1
2026-07-26T02:29:19.806Z In(05) mks MKSRemoteMgr: Loading VNC Configuration from VM config file
2026-07-26T02:29:19.806Z In(05) mks MKSRemoteMgr: Using default VNC keymap table "us"
2026-07-26T02:29:19.806Z No(00) vmx PowerOnTiming: Module MKS took 2870062 us
2026-07-26T02:29:19.806Z In(05) vmx VLANCE: send cluster threshold is 80, size = 2 recalcInterval is 20000 us
2026-07-26T02:29:19.806Z In(05) vmx VMXNET: send cluster threshold is 80, size = 2 recalcInterval is 20000 ticks, dontClusterSize is 128
2026-07-26T02:29:19.808Z In(05) vmx Chipset version: 0x17
2026-07-26T02:29:19.810Z In(05) vmx SOUNDLIB: Creating the Wave sound backend.
2026-07-26T02:29:19.826Z No(00) vmx ConfigDB: Setting pciBridge4.pciSlotNumber = "-1"
2026-07-26T02:29:19.826Z No(00) vmx ConfigDB: Setting pciBridge5.pciSlotNumber = "-1"
2026-07-26T02:29:19.826Z No(00) vmx ConfigDB: Setting pciBridge6.pciSlotNumber = "-1"
2026-07-26T02:29:19.826Z No(00) vmx ConfigDB: Setting pciBridge7.pciSlotNumber = "-1"
2026-07-26T02:29:19.827Z No(00) vmx ConfigDB: Setting pciBridge4.pciSlotNumber = "21"
2026-07-26T02:29:19.827Z No(00) vmx ConfigDB: Setting pciBridge5.pciSlotNumber = "22"
2026-07-26T02:29:19.827Z No(00) vmx ConfigDB: Setting pciBridge6.pciSlotNumber = "23"
2026-07-26T02:29:19.827Z No(00) vmx ConfigDB: Setting pciBridge7.pciSlotNumber = "24"
2026-07-26T02:29:20.149Z No(00) vmx PowerOnTiming: Module DevicePowerOnEarly took 323028 us
2026-07-26T02:29:20.151Z In(05) vmx MigrateBusMemPrealloc: BusMem preallocation begins.
2026-07-26T02:29:20.151Z In(05) vmx MigrateBusMemPrealloc: BusMem preallocation completes.
2026-07-26T02:29:20.151Z No(00) vmx ConfigDB: Setting scsi0:0.redo = ""
2026-07-26T02:29:20.151Z In(05) vmx DISK: OPEN scsi0:0 'C:\Users\User\Documents\Virtual Machines\Richard's Liver Server 1\Richard's Liver Server 1.vmdk' persistent R[]
2026-07-26T02:29:20.193Z In(05) vmx DiskGetGeometry: Reading of disk partition table
2026-07-26T02:29:20.209Z In(05) vmx DISK: Disk 'C:\Users\User\Documents\Virtual Machines\Richard's Liver Server 1\Richard's Liver Server 1.vmdk' has UUID '60 00 c2 94 77 b0 c2 23-94 f7 93 5b 2b 3e 12 f7'
2026-07-26T02:29:20.209Z In(05) vmx DISK: OPEN 'C:\Users\User\Documents\Virtual Machines\Richard's Liver Server 1\Richard's Liver Server 1.vmdk' Geo (7832/255/63) BIOS Geo (0/0/0)
2026-07-26T02:29:20.231Z In(05) vmx DISKUTILWIN32: DiskUtilW32IsATASSDDevice: Reported rotation rate = 5400
2026-07-26T02:29:20.231Z In(05) vmx DISK: Opening disks took 80 ms.
2026-07-26T02:29:20.232Z In(05) vmx USBArbLib: USBArbLib initialized successfully, retryIntervalStart(5), retryIntervalMax(120), arbSocketName(\\.\pipe\vmware-usbarbpipe), useLocking(yes), tryUpgrading(no).
2026-07-26T02:29:20.232Z In(05) vmx UsbEnum: Initializing UsbEnum library, disableLocking(no), allowBootableHid(yes).
2026-07-26T02:29:20.232Z In(05) vmx USB: Initializing 'Virtual Hub' backend
2026-07-26T02:29:20.268Z In(05) vmx USB: Initializing 'Generic' backend
2026-07-26T02:29:20.268Z Wa(03) vmx USBArbLib: OUT SET_AUTO_CONNECT: Not connected to arbitrator, autoconnect(0) for client 'Richard's Liver Server 1', connectState(1).
2026-07-26T02:29:20.268Z In(05) vmx USB: Initializing 'Virtual HID' backend
2026-07-26T02:29:20.269Z In(05) sensorThread VTHREAD 44676 "sensorThread"
2026-07-26T02:29:20.269Z In(05) vmx USB: Initializing 'Remote Device' backend
2026-07-26T02:29:20.269Z In(05) vmx RemoteUSBVMX: Retrieved hostId [a8 b2 e5 c6 37 5e 11 e6-8b 14 fc 08 4a 60 5c 84].
2026-07-26T02:29:20.269Z In(05) vmx RemoteUSBVMX: Protocol version min:15 current:19
2026-07-26T02:29:20.269Z In(05) vmx RemoteUSBVMX: no delay setting is TRUE.
2026-07-26T02:29:20.269Z In(05) vmx USB: Initializing 'Virtual Mass Storage' backend
2026-07-26T02:29:20.269Z In(05) vmx USB: Initializing 'Virtual CCID' backend
2026-07-26T02:29:20.355Z In(05) usbCCIDEnumCards VTHREAD 41400 "usbCCIDEnumCards"
2026-07-26T02:29:20.355Z In(05) usbCCIDEnumCards USB-CCID: Card enum thread created.
2026-07-26T02:29:20.355Z In(05) vmx USB: Initializing 'Virtual Video' backend
2026-07-26T02:29:20.372Z Wa(03) vmx USBGW: IOCTL_STORAGE_QUERY_PROPERTY failed. Error(0x0): The operation completed successfully.
2026-07-26T02:29:20.372Z In(05) vmx USBGW: Skipping disk backing for path(C:\Users\User\Documents\Virtual Machines\Richard's Liver Server 1\Richard's Liver Server 1.vmx).
2026-07-26T02:29:20.374Z Wa(03) vmx USBGW: IOCTL_STORAGE_QUERY_PROPERTY failed. Error(0x0): The operation completed successfully.
2026-07-26T02:29:20.374Z In(05) vmx USBGW: Skipping disk backing for path(C:\Users\User\Documents\Virtual Machines\Richard's Liver Server 1\Richard's Liver Server 1.vmdk).
2026-07-26T02:29:20.375Z Wa(03) vmx USBGW: IOCTL_STORAGE_QUERY_PROPERTY failed. Error(0x0): The operation completed successfully.
2026-07-26T02:29:20.375Z In(05) vmx USBGW: Skipping disk backing for path(C:\Users\User\Documents\Virtual Machines\Richard's Liver Server 1\Richard's Liver Server 1.vmsd).
2026-07-26T02:29:20.377Z Wa(03) vmx USBGW: IOCTL_STORAGE_QUERY_PROPERTY failed. Error(0x0): The operation completed successfully.
2026-07-26T02:29:20.377Z In(05) vmx USBGW: Skipping disk backing for path(C:\Users\User\Documents\Virtual Machines\Richard's Liver Server 1\Richard's Liver Server 1.nvram).
2026-07-26T02:29:20.379Z In(05) vmx SCSI: scsi0: intr coalescing: on period=50msec cifTh=4 iopsTh=2000 hlt=0
2026-07-26T02:29:20.379Z In(05) vmx SCSI0: UNTAGGED commands will be converted to ORDER tags.
2026-07-26T02:29:20.379Z In(05) vmx SCSI DEVICE (scsi0:0): Computed value of scsi0:0.useBounceBuffers: default
2026-07-26T02:29:20.379Z In(05) vmx DISKUTIL: scsi0:0 : capacity=125829120 logical sector size=512
2026-07-26T02:29:20.379Z In(05) vmx DISKUTIL: scsi0:0 : geometry=7832/255/63
2026-07-26T02:29:20.380Z In(05) vmx SVGA-GFB: Config settings: autodetect=1, numDisplays=1, maxWidth=2560, maxHeight=1600
2026-07-26T02:29:20.380Z In(05) vmx SVGA-GFB: Desired maximum display topology: wh(6688, 5016)
2026-07-26T02:29:20.380Z In(05) vmx SVGA-GFB: Autodetected target gfbSize = 268435456
2026-07-26T02:29:20.380Z In(05) vmx SVGA-GFB: Using Initial       gfbSize = 4194304
2026-07-26T02:29:20.380Z In(05) vmx SVGA-GFB: MaxPrimaryMem      register = 268435456
2026-07-26T02:29:20.380Z In(05) vmx SVGA-GFB: Truncated maximum resolution for register modes to VRAM size: VRAM=4194304 bytes, max wh(1176, 885)
2026-07-26T02:29:20.380Z In(05) vmx SVGA-GFB: Max wh(1176, 885), number of displays: 10
2026-07-26T02:29:20.380Z In(05) vmx SVGA-GFB: Allocated gfbSize=4194304
2026-07-26T02:29:20.380Z No(00) vmx ConfigDB: Setting vmotion.checkpointFBSize = "4194304"
2026-07-26T02:29:20.380Z No(00) vmx ConfigDB: Setting vmotion.checkpointSVGAPrimarySize = "268435456"
2026-07-26T02:29:20.380Z In(05) vmx SVGA: SVGA DeviceLabel: svga2
2026-07-26T02:29:20.380Z No(00) vmx ConfigDB: Setting vmotion.svga.mobMaxSize = "1073741824"
2026-07-26T02:29:20.380Z No(00) vmx ConfigDB: Setting vmotion.svga.graphicsMemoryKB = "8388608"
2026-07-26T02:29:20.380Z In(05) vmx SVGA: mobMaxSize=1073741824
2026-07-26T02:29:20.380Z In(05) vmx SVGA: graphicsMemoryKB=8388608
2026-07-26T02:29:20.380Z In(05) vmx SVGA: FIFO capabilities 0x0000077f
2026-07-26T02:29:20.380Z In(05) vmx SVGAFeature renderer (before clamping) svga.supports3D bool 1
2026-07-26T02:29:20.380Z In(05) vmx SVGAFeature renderer (before clamping) svga.baseCapsLevel num 11
2026-07-26T02:29:20.380Z In(05) vmx SVGAFeature renderer (before clamping) svga.maxPointSize num 1
2026-07-26T02:29:20.380Z In(05) vmx SVGAFeature renderer (before clamping) svga.maxTextureSize num 16384
2026-07-26T02:29:20.380Z In(05) vmx SVGAFeature renderer (before clamping) svga.maxVolumeExtent num 2048
2026-07-26T02:29:20.380Z In(05) vmx SVGAFeature renderer (before clamping) svga.maxTextureAnisotropy num 16
2026-07-26T02:29:20.380Z In(05) vmx SVGAFeature renderer (before clamping) svga.lineStipple bool 0
2026-07-26T02:29:20.381Z In(05) vmx SVGAFeature renderer (before clamping) svga.dxMaxConstantBuffers num 14
2026-07-26T02:29:20.381Z In(05) vmx SVGAFeature renderer (before clamping) svga.dxProvokingVertex bool 0
2026-07-26T02:29:20.381Z In(05) vmx SVGAFeature renderer (before clamping) svga.sm41 bool 1
2026-07-26T02:29:20.381Z In(05) vmx SVGAFeature renderer (before clamping) svga.multisample2x bool 1
2026-07-26T02:29:20.381Z In(05) vmx SVGAFeature renderer (before clamping) svga.multisample4x bool 1
2026-07-26T02:29:20.381Z In(05) vmx SVGAFeature renderer (before clamping) svga.msFullQuality bool 1
2026-07-26T02:29:20.381Z In(05) vmx SVGAFeature renderer (before clamping) svga.logicOps bool 1
2026-07-26T02:29:20.381Z In(05) vmx SVGAFeature renderer (before clamping) svga.bc67 num 9
2026-07-26T02:29:20.381Z In(05) vmx SVGAFeature renderer (before clamping) svga.sm5 bool 1
2026-07-26T02:29:20.381Z In(05) vmx SVGAFeature renderer (before clamping) svga.multisample8x bool 1
2026-07-26T02:29:20.381Z In(05) vmx SVGAFeature renderer (before clamping) svga.logicBlendOps bool 1
2026-07-26T02:29:20.381Z In(05) vmx SVGAFeature renderer (before clamping) svga.maxForcedSampleCount num 16
2026-07-26T02:29:20.381Z In(05) vmx SVGAFeature renderer (before clamping) svga.gl43 bool 0
2026-07-26T02:29:20.446Z In(05) vmx SVGAFeature renderer (after  clamping) svga.supports3D bool 1
2026-07-26T02:29:20.446Z In(05) vmx SVGAFeature renderer (after  clamping) svga.baseCapsLevel num 9
2026-07-26T02:29:20.446Z In(05) vmx SVGAFeature renderer (after  clamping) svga.maxPointSize num 1
2026-07-26T02:29:20.446Z In(05) vmx SVGAFeature renderer (after  clamping) svga.maxTextureSize num 16384
2026-07-26T02:29:20.446Z In(05) vmx SVGAFeature renderer (after  clamping) svga.maxVolumeExtent num 2048
2026-07-26T02:29:20.446Z In(05) vmx SVGAFeature renderer (after  clamping) svga.maxTextureAnisotropy num 16
2026-07-26T02:29:20.446Z In(05) vmx SVGAFeature renderer (after  clamping) svga.lineStipple bool 0
2026-07-26T02:29:20.446Z In(05) vmx SVGAFeature renderer (after  clamping) svga.dxMaxConstantBuffers num 14
2026-07-26T02:29:20.446Z In(05) vmx SVGAFeature renderer (after  clamping) svga.dxProvokingVertex bool 0
2026-07-26T02:29:20.446Z In(05) vmx SVGAFeature renderer (after  clamping) svga.sm41 bool 1
2026-07-26T02:29:20.446Z In(05) vmx SVGAFeature renderer (after  clamping) svga.multisample2x bool 1
2026-07-26T02:29:20.446Z In(05) vmx SVGAFeature renderer (after  clamping) svga.multisample4x bool 1
2026-07-26T02:29:20.446Z In(05) vmx SVGAFeature renderer (after  clamping) svga.msFullQuality bool 1
2026-07-26T02:29:20.446Z In(05) vmx SVGAFeature renderer (after  clamping) svga.logicOps bool 1
2026-07-26T02:29:20.446Z In(05) vmx SVGAFeature renderer (after  clamping) svga.bc67 num 9
2026-07-26T02:29:20.446Z In(05) vmx SVGAFeature renderer (after  clamping) svga.sm5 bool 1
2026-07-26T02:29:20.446Z In(05) vmx SVGAFeature renderer (after  clamping) svga.multisample8x bool 1
2026-07-26T02:29:20.446Z In(05) vmx SVGAFeature renderer (after  clamping) svga.logicBlendOps bool 1
2026-07-26T02:29:20.446Z In(05) vmx SVGAFeature renderer (after  clamping) svga.maxForcedSampleCount num 16
2026-07-26T02:29:20.446Z In(05) vmx SVGAFeature renderer (after  clamping) svga.gl43 bool 0
2026-07-26T02:29:20.446Z In(05) vmx SVGAFeature    host id: 0
2026-07-26T02:29:20.446Z In(05) vmx SVGAFeature    host svga.supports3D bool 1
2026-07-26T02:29:20.446Z In(05) vmx SVGAFeature    host svga.baseCapsLevel num 9
2026-07-26T02:29:20.446Z In(05) vmx SVGAFeature    host svga.maxPointSize num 1
2026-07-26T02:29:20.446Z In(05) vmx SVGAFeature    host svga.maxTextureSize num 16384
2026-07-26T02:29:20.446Z In(05) vmx SVGAFeature    host svga.maxVolumeExtent num 2048
2026-07-26T02:29:20.446Z In(05) vmx SVGAFeature    host svga.maxTextureAnisotropy num 16
2026-07-26T02:29:20.446Z In(05) vmx SVGAFeature    host svga.lineStipple bool 0
2026-07-26T02:29:20.446Z In(05) vmx SVGAFeature    host svga.dxMaxConstantBuffers num 14
2026-07-26T02:29:20.446Z In(05) vmx SVGAFeature    host svga.dxProvokingVertex bool 0
2026-07-26T02:29:20.446Z In(05) vmx SVGAFeature    host svga.sm41 bool 1
2026-07-26T02:29:20.446Z In(05) vmx SVGAFeature    host svga.multisample2x bool 1
2026-07-26T02:29:20.446Z In(05) vmx SVGAFeature    host svga.multisample4x bool 1
2026-07-26T02:29:20.446Z In(05) vmx SVGAFeature    host svga.msFullQuality bool 1
2026-07-26T02:29:20.446Z In(05) vmx SVGAFeature    host svga.logicOps bool 1
2026-07-26T02:29:20.446Z In(05) vmx SVGAFeature    host svga.bc67 num 9
2026-07-26T02:29:20.446Z In(05) vmx SVGAFeature    host svga.sm5 bool 1
2026-07-26T02:29:20.447Z In(05) vmx SVGAFeature    host svga.multisample8x bool 1
2026-07-26T02:29:20.447Z In(05) vmx SVGAFeature    host svga.logicBlendOps bool 1
2026-07-26T02:29:20.447Z In(05) vmx SVGAFeature    host svga.maxForcedSampleCount num 16
2026-07-26T02:29:20.447Z In(05) vmx SVGAFeature    host svga.gl43 bool 0
2026-07-26T02:29:20.447Z In(05) vmx SVGAFeature evcHost id: 0
2026-07-26T02:29:20.447Z In(05) vmx SVGAFeature evcHost svga.supports3D bool 1
2026-07-26T02:29:20.447Z In(05) vmx SVGAFeature evcHost svga.baseCapsLevel num 9
2026-07-26T02:29:20.447Z In(05) vmx SVGAFeature evcHost svga.maxPointSize num 1
2026-07-26T02:29:20.447Z In(05) vmx SVGAFeature evcHost svga.maxTextureSize num 16384
2026-07-26T02:29:20.447Z In(05) vmx SVGAFeature evcHost svga.maxVolumeExtent num 2048
2026-07-26T02:29:20.447Z In(05) vmx SVGAFeature evcHost svga.maxTextureAnisotropy num 16
2026-07-26T02:29:20.447Z In(05) vmx SVGAFeature evcHost svga.lineStipple bool 0
2026-07-26T02:29:20.447Z In(05) vmx SVGAFeature evcHost svga.dxMaxConstantBuffers num 14
2026-07-26T02:29:20.447Z In(05) vmx SVGAFeature evcHost svga.dxProvokingVertex bool 0
2026-07-26T02:29:20.447Z In(05) vmx SVGAFeature evcHost svga.sm41 bool 1
2026-07-26T02:29:20.447Z In(05) vmx SVGAFeature evcHost svga.multisample2x bool 1
2026-07-26T02:29:20.447Z In(05) vmx SVGAFeature evcHost svga.multisample4x bool 1
2026-07-26T02:29:20.447Z In(05) vmx SVGAFeature evcHost svga.msFullQuality bool 1
2026-07-26T02:29:20.447Z In(05) vmx SVGAFeature evcHost svga.logicOps bool 1
2026-07-26T02:29:20.447Z In(05) vmx SVGAFeature evcHost svga.bc67 num 9
2026-07-26T02:29:20.447Z In(05) vmx SVGAFeature evcHost svga.sm5 bool 1
2026-07-26T02:29:20.447Z In(05) vmx SVGAFeature evcHost svga.multisample8x bool 1
2026-07-26T02:29:20.447Z In(05) vmx SVGAFeature evcHost svga.logicBlendOps bool 1
2026-07-26T02:29:20.447Z In(05) vmx SVGAFeature evcHost svga.maxForcedSampleCount num 16
2026-07-26T02:29:20.447Z In(05) vmx SVGAFeature evcHost svga.gl43 bool 0
2026-07-26T02:29:20.447Z In(05) vmx SVGA3dClamp: Renderer Provides     BC67Level:     9 (    9,     9)
2026-07-26T02:29:20.447Z In(05) vmx SVGA3dClamp: Renderer Provides BaseCapsLevel:     9 (    9,     9)
2026-07-26T02:29:20.447Z In(05) vmx SVGA3dClamp: Renderer Provides    ClampLevel:     0 (    0,    10)
2026-07-26T02:29:20.447Z In(05) vmx SVGA3dCaps: host, at power on (3d enabled)
2026-07-26T02:29:20.447Z In(05) vmx   cap[  0]: 0x00000001 (3D)
2026-07-26T02:29:20.447Z In(05) vmx   cap[  1]: 0x00000008 (MAX_LIGHTS)
2026-07-26T02:29:20.447Z In(05) vmx   cap[  2]: 0x00000008 (MAX_TEXTURES)
2026-07-26T02:29:20.447Z In(05) vmx   cap[  3]: 0x00000008 (MAX_CLIP_PLANES)
2026-07-26T02:29:20.447Z In(05) vmx   cap[  4]: 0x00000007 (VERTEX_SHADER_VERSION)
2026-07-26T02:29:20.447Z In(05) vmx   cap[  5]: 0x00000001 (VERTEX_SHADER)
2026-07-26T02:29:20.447Z In(05) vmx   cap[  6]: 0x0000000d (FRAGMENT_SHADER_VERSION)
2026-07-26T02:29:20.447Z In(05) vmx   cap[  7]: 0x00000001 (FRAGMENT_SHADER)
2026-07-26T02:29:20.447Z In(05) vmx   cap[  8]: 0x00000008 (MAX_RENDER_TARGETS)
2026-07-26T02:29:20.447Z In(05) vmx   cap[  9]: 0x00000001 (S23E8_TEXTURES)
2026-07-26T02:29:20.447Z In(05) vmx   cap[ 10]: 0x00000001 (S10E5_TEXTURES)
2026-07-26T02:29:20.447Z In(05) vmx   cap[ 11]: 0x00000004 (MAX_FIXED_VERTEXBLEND)
2026-07-26T02:29:20.447Z In(05) vmx   cap[ 12]: 0x00000001 (D16_BUFFER_FORMAT)
2026-07-26T02:29:20.447Z In(05) vmx   cap[ 13]: 0x00000001 (D24S8_BUFFER_FORMAT)
2026-07-26T02:29:20.447Z In(05) vmx   cap[ 14]: 0x00000001 (D24X8_BUFFER_FORMAT)
2026-07-26T02:29:20.447Z In(05) vmx   cap[ 15]: 0x00000001 (QUERY_TYPES)
2026-07-26T02:29:20.447Z In(05) vmx   cap[ 16]: 0x00000001 (TEXTURE_GRADIENT_SAMPLING)
2026-07-26T02:29:20.447Z In(05) vmx   cap[ 17]:   1.000000 (MAX_POINT_SIZE)
2026-07-26T02:29:20.447Z In(05) vmx   cap[ 18]: 0x00000014 (MAX_SHADER_TEXTURES)
2026-07-26T02:29:20.447Z In(05) vmx   cap[ 19]: 0x00004000 (MAX_TEXTURE_WIDTH)
2026-07-26T02:29:20.447Z In(05) vmx   cap[ 20]: 0x00004000 (MAX_TEXTURE_HEIGHT)
2026-07-26T02:29:20.448Z In(05) vmx   cap[ 21]: 0x00000800 (MAX_VOLUME_EXTENT)
2026-07-26T02:29:20.448Z In(05) vmx   cap[ 22]: 0x00004000 (MAX_TEXTURE_REPEAT)
2026-07-26T02:29:20.448Z In(05) vmx   cap[ 23]: 0x00004000 (MAX_TEXTURE_ASPECT_RATIO)
2026-07-26T02:29:20.448Z In(05) vmx   cap[ 24]: 0x00000010 (MAX_TEXTURE_ANISOTROPY)
2026-07-26T02:29:20.448Z In(05) vmx   cap[ 25]: 0x001fffff (MAX_PRIMITIVE_COUNT)
2026-07-26T02:29:20.448Z In(05) vmx   cap[ 26]: 0x000fffff (MAX_VERTEX_INDEX)
2026-07-26T02:29:20.448Z In(05) vmx   cap[ 27]: 0x0000ffff (MAX_VERTEX_SHADER_INSTRUCTIONS)
2026-07-26T02:29:20.448Z In(05) vmx   cap[ 28]: 0x0000ffff (MAX_FRAGMENT_SHADER_INSTRUCTIONS)
2026-07-26T02:29:20.448Z In(05) vmx   cap[ 29]: 0x00000020 (MAX_VERTEX_SHADER_TEMPS)
2026-07-26T02:29:20.448Z In(05) vmx   cap[ 30]: 0x00000020 (MAX_FRAGMENT_SHADER_TEMPS)
2026-07-26T02:29:20.448Z In(05) vmx   cap[ 31]: 0x03ffffff (TEXTURE_OPS)
2026-07-26T02:29:20.448Z In(05) vmx   cap[ 32]: 0x0018ec1f (SURFACEFMT_X8R8G8B8)
2026-07-26T02:29:20.448Z In(05) vmx   cap[ 33]: 0x0018e11f (SURFACEFMT_A8R8G8B8)
2026-07-26T02:29:20.448Z In(05) vmx   cap[ 34]: 0x0008601f (SURFACEFMT_A2R10G10B10)
2026-07-26T02:29:20.448Z In(05) vmx   cap[ 35]: 0x0008601f (SURFACEFMT_X1R5G5B5)
2026-07-26T02:29:20.448Z In(05) vmx   cap[ 36]: 0x0008611f (SURFACEFMT_A1R5G5B5)
2026-07-26T02:29:20.448Z In(05) vmx   cap[ 37]: 0x0000611f (SURFACEFMT_A4R4G4B4)
2026-07-26T02:29:20.448Z In(05) vmx   cap[ 38]: 0x0018ec1f (SURFACEFMT_R5G6B5)
2026-07-26T02:29:20.448Z In(05) vmx   cap[ 39]: 0x0000601f (SURFACEFMT_LUMINANCE16)
2026-07-26T02:29:20.448Z In(05) vmx   cap[ 40]: 0x00006007 (SURFACEFMT_LUMINANCE8_ALPHA8)
2026-07-26T02:29:20.448Z In(05) vmx   cap[ 41]: 0x0000601f (SURFACEFMT_ALPHA8)
2026-07-26T02:29:20.448Z In(05) vmx   cap[ 42]: 0x0000601f (SURFACEFMT_LUMINANCE8)
2026-07-26T02:29:20.448Z In(05) vmx   cap[ 43]: 0x000040c5 (SURFACEFMT_Z_D16)
2026-07-26T02:29:20.448Z In(05) vmx   cap[ 44]: 0x000040c5 (SURFACEFMT_Z_D24S8)
2026-07-26T02:29:20.448Z In(05) vmx   cap[ 45]: 0x000040c5 (SURFACEFMT_Z_D24X8)
2026-07-26T02:29:20.448Z In(05) vmx   cap[ 46]: 0x0000e005 (SURFACEFMT_DXT1)
2026-07-26T02:29:20.448Z In(05) vmx   cap[ 47]: 0x0000e005 (SURFACEFMT_DXT2)
2026-07-26T02:29:20.448Z In(05) vmx   cap[ 48]: 0x0000e005 (SURFACEFMT_DXT3)
2026-07-26T02:29:20.448Z In(05) vmx   cap[ 49]: 0x0000e005 (SURFACEFMT_DXT4)
2026-07-26T02:29:20.448Z In(05) vmx   cap[ 50]: 0x0000e005 (SURFACEFMT_DXT5)
2026-07-26T02:29:20.448Z In(05) vmx   cap[ 51]: 0x00014005 (SURFACEFMT_BUMPX8L8V8U8)
2026-07-26T02:29:20.448Z In(05) vmx   cap[ 52]: 0x00014007 (SURFACEFMT_A2W10V10U10)
2026-07-26T02:29:20.448Z In(05) vmx   cap[ 53]: 0x00014007 (SURFACEFMT_BUMPU8V8)
2026-07-26T02:29:20.448Z In(05) vmx   cap[ 54]: 0x00014005 (SURFACEFMT_Q8W8V8U8)
2026-07-26T02:29:20.448Z In(05) vmx   cap[ 55]: 0x00014001 (SURFACEFMT_CxV8U8)
2026-07-26T02:29:20.448Z In(05) vmx   cap[ 56]: 0x0080601f (SURFACEFMT_R_S10E5)
2026-07-26T02:29:20.448Z In(05) vmx   cap[ 57]: 0x0080601f (SURFACEFMT_R_S23E8)
2026-07-26T02:29:20.448Z In(05) vmx   cap[ 58]: 0x0080601f (SURFACEFMT_RG_S10E5)
2026-07-26T02:29:20.448Z In(05) vmx   cap[ 59]: 0x0080601f (SURFACEFMT_RG_S23E8)
2026-07-26T02:29:20.448Z In(05) vmx   cap[ 60]: 0x0080601f (SURFACEFMT_ARGB_S10E5)
2026-07-26T02:29:20.448Z In(05) vmx   cap[ 61]: 0x0080601f (SURFACEFMT_ARGB_S23E8)
2026-07-26T02:29:20.448Z In(05) vmx   cap[ 62]: 0x00000000 (MISSING62)
2026-07-26T02:29:20.448Z In(05) vmx   cap[ 63]: 0x00000004 (MAX_VERTEX_SHADER_TEXTURES)
2026-07-26T02:29:20.448Z In(05) vmx   cap[ 64]: 0x00000008 (MAX_SIMULTANEOUS_RENDER_TARGETS)
2026-07-26T02:29:20.448Z In(05) vmx   cap[ 65]: 0x00014007 (SURFACEFMT_V16U16)
2026-07-26T02:29:20.448Z In(05) vmx   cap[ 66]: 0x0000601f (SURFACEFMT_G16R16)
2026-07-26T02:29:20.448Z In(05) vmx   cap[ 67]: 0x0000601f (SURFACEFMT_A16B16G16R16)
2026-07-26T02:29:20.448Z In(05) vmx   cap[ 68]: 0x01246000 (SURFACEFMT_UYVY)
2026-07-26T02:29:20.448Z In(05) vmx   cap[ 69]: 0x01246000 (SURFACEFMT_YUY2)
2026-07-26T02:29:20.448Z In(05) vmx   cap[ 70]: 0x00000000 (DEAD4)
2026-07-26T02:29:20.448Z In(05) vmx   cap[ 71]: 0x00000000 (DEAD5)
2026-07-26T02:29:20.448Z In(05) vmx   cap[ 72]: 0x00000000 (DEAD7)
2026-07-26T02:29:20.448Z In(05) vmx   cap[ 73]: 0x00000000 (DEAD6)
2026-07-26T02:29:20.448Z In(05) vmx   cap[ 74]: 0x00000001 (AUTOGENMIPMAPS)
2026-07-26T02:29:20.448Z In(05) vmx   cap[ 75]: 0x01246000 (SURFACEFMT_NV12)
2026-07-26T02:29:20.448Z In(05) vmx   cap[ 76]: 0x00000000 (DEAD10)
2026-07-26T02:29:20.448Z In(05) vmx   cap[ 77]: 0x00000100 (MAX_CONTEXT_IDS)
2026-07-26T02:29:20.448Z In(05) vmx   cap[ 78]: 0x00008000 (MAX_SURFACE_IDS)
2026-07-26T02:29:20.448Z In(05) vmx   cap[ 79]: 0x000040c5 (SURFACEFMT_Z_DF16)
2026-07-26T02:29:20.448Z In(05) vmx   cap[ 80]: 0x000040c5 (SURFACEFMT_Z_DF24)
2026-07-26T02:29:20.448Z In(05) vmx   cap[ 81]: 0x000040c5 (SURFACEFMT_Z_D24S8_INT)
2026-07-26T02:29:20.448Z In(05) vmx   cap[ 82]: 0x00006005 (SURFACEFMT_ATI1)
2026-07-26T02:29:20.448Z In(05) vmx   cap[ 83]: 0x00006005 (SURFACEFMT_ATI2)
2026-07-26T02:29:20.448Z In(05) vmx   cap[ 84]: 0x00000000 (DEAD1)
2026-07-26T02:29:20.448Z In(05) vmx   cap[ 85]: 0x00000000 (DEAD8)
2026-07-26T02:29:20.448Z In(05) vmx   cap[ 86]: 0x00000000 (DEAD9)
2026-07-26T02:29:20.448Z In(05) vmx   cap[ 87]: 0x00000001 (LINE_AA)
2026-07-26T02:29:20.448Z In(05) vmx   cap[ 88]: 0x00000000 (LINE_STIPPLE)
2026-07-26T02:29:20.449Z In(05) vmx   cap[ 89]:  10.000000 (MAX_LINE_WIDTH)
2026-07-26T02:29:20.449Z In(05) vmx   cap[ 90]:  10.000000 (MAX_AA_LINE_WIDTH)
2026-07-26T02:29:20.449Z In(05) vmx   cap[ 91]: 0x01246000 (SURFACEFMT_YV12)
2026-07-26T02:29:20.449Z In(05) vmx   cap[ 92]: 0x00000000 (DEAD3)
2026-07-26T02:29:20.449Z In(05) vmx   cap[ 93]: 0x00000001 (TS_COLOR_KEY)
2026-07-26T02:29:20.449Z In(05) vmx   cap[ 94]: 0x00000000 (DEAD2)
2026-07-26T02:29:20.449Z In(05) vmx   cap[ 95]: 0x00000001 (DXCONTEXT)
2026-07-26T02:29:20.449Z In(05) vmx   cap[ 96]: 0x00000000 (DEAD11)
2026-07-26T02:29:20.449Z In(05) vmx   cap[ 97]: 0x00000010 (DX_MAX_VERTEXBUFFERS)
2026-07-26T02:29:20.449Z In(05) vmx   cap[ 98]: 0x0000000e (DX_MAX_CONSTANT_BUFFERS)
2026-07-26T02:29:20.449Z In(05) vmx   cap[ 99]: 0x00000000 (DX_PROVOKING_VERTEX)
2026-07-26T02:29:20.449Z In(05) vmx   cap[100]: 0x000002f7 (DXFMT_X8R8G8B8)
2026-07-26T02:29:20.449Z In(05) vmx   cap[101]: 0x000003f7 (DXFMT_A8R8G8B8)
2026-07-26T02:29:20.449Z In(05) vmx   cap[102]: 0x000002f7 (DXFMT_R5G6B5)
2026-07-26T02:29:20.449Z In(05) vmx   cap[103]: 0x000000f7 (DXFMT_X1R5G5B5)
2026-07-26T02:29:20.449Z In(05) vmx   cap[104]: 0x000000f7 (DXFMT_A1R5G5B5)
2026-07-26T02:29:20.449Z In(05) vmx   cap[105]: 0x000000f7 (DXFMT_A4R4G4B4)
2026-07-26T02:29:20.449Z In(05) vmx   cap[106]: 0x00000009 (DXFMT_Z_D32)
2026-07-26T02:29:20.449Z In(05) vmx   cap[107]: 0x0000026b (DXFMT_Z_D16)
2026-07-26T02:29:20.449Z In(05) vmx   cap[108]: 0x0000026b (DXFMT_Z_D24S8)
2026-07-26T02:29:20.449Z In(05) vmx   cap[109]: 0x0000000b (DXFMT_Z_D15S1)
2026-07-26T02:29:20.449Z In(05) vmx   cap[110]: 0x000000f7 (DXFMT_LUMINANCE8)
2026-07-26T02:29:20.449Z In(05) vmx   cap[111]: 0x000000e3 (DXFMT_LUMINANCE4_ALPHA4)
2026-07-26T02:29:20.449Z In(05) vmx   cap[112]: 0x000000f7 (DXFMT_LUMINANCE16)
2026-07-26T02:29:20.449Z In(05) vmx   cap[113]: 0x000000e3 (DXFMT_LUMINANCE8_ALPHA8)
2026-07-26T02:29:20.449Z In(05) vmx   cap[114]: 0x00000063 (DXFMT_DXT1)
2026-07-26T02:29:20.449Z In(05) vmx   cap[115]: 0x00000063 (DXFMT_DXT2)
2026-07-26T02:29:20.449Z In(05) vmx   cap[116]: 0x00000063 (DXFMT_DXT3)
2026-07-26T02:29:20.449Z In(05) vmx   cap[117]: 0x00000063 (DXFMT_DXT4)
2026-07-26T02:29:20.449Z In(05) vmx   cap[118]: 0x00000063 (DXFMT_DXT5)
2026-07-26T02:29:20.449Z In(05) vmx   cap[119]: 0x000000e3 (DXFMT_BUMPU8V8)
2026-07-26T02:29:20.449Z In(05) vmx   cap[120]: 0x00000000 (DXFMT_BUMPL6V5U5)
2026-07-26T02:29:20.449Z In(05) vmx   cap[121]: 0x00000063 (DXFMT_BUMPX8L8V8U8)
2026-07-26T02:29:20.449Z In(05) vmx   cap[122]: 0x00000000 (DXFMT_FORMAT_DEAD1)
2026-07-26T02:29:20.449Z In(05) vmx   cap[123]: 0x000003f7 (DXFMT_ARGB_S10E5)
2026-07-26T02:29:20.449Z In(05) vmx   cap[124]: 0x000003f7 (DXFMT_ARGB_S23E8)
2026-07-26T02:29:20.449Z In(05) vmx   cap[125]: 0x000003f7 (DXFMT_A2R10G10B10)
2026-07-26T02:29:20.449Z In(05) vmx   cap[126]: 0x000000e3 (DXFMT_V8U8)
2026-07-26T02:29:20.449Z In(05) vmx   cap[127]: 0x00000063 (DXFMT_Q8W8V8U8)
2026-07-26T02:29:20.449Z In(05) vmx   cap[128]: 0x00000063 (DXFMT_CxV8U8)
2026-07-26T02:29:20.449Z In(05) vmx   cap[129]: 0x000000e3 (DXFMT_X8L8V8U8)
2026-07-26T02:29:20.449Z In(05) vmx   cap[130]: 0x000000e3 (DXFMT_A2W10V10U10)
2026-07-26T02:29:20.449Z In(05) vmx   cap[131]: 0x000000f7 (DXFMT_ALPHA8)
2026-07-26T02:29:20.449Z In(05) vmx   cap[132]: 0x000003f7 (DXFMT_R_S10E5)
2026-07-26T02:29:20.449Z In(05) vmx   cap[133]: 0x000003f7 (DXFMT_R_S23E8)
2026-07-26T02:29:20.449Z In(05) vmx   cap[134]: 0x000003f7 (DXFMT_RG_S10E5)
2026-07-26T02:29:20.449Z In(05) vmx   cap[135]: 0x000003f7 (DXFMT_RG_S23E8)
2026-07-26T02:29:20.449Z In(05) vmx   cap[136]: 0x00000001 (DXFMT_BUFFER)
2026-07-26T02:29:20.449Z In(05) vmx   cap[137]: 0x0000026b (DXFMT_Z_D24X8)
2026-07-26T02:29:20.449Z In(05) vmx   cap[138]: 0x000001e3 (DXFMT_V16U16)
2026-07-26T02:29:20.449Z In(05) vmx   cap[139]: 0x000003f7 (DXFMT_G16R16)
2026-07-26T02:29:20.449Z In(05) vmx   cap[140]: 0x000001f7 (DXFMT_A16B16G16R16)
2026-07-26T02:29:20.449Z In(05) vmx   cap[141]: 0x00000001 (DXFMT_UYVY)
2026-07-26T02:29:20.449Z In(05) vmx   cap[142]: 0x00000041 (DXFMT_YUY2)
2026-07-26T02:29:20.449Z In(05) vmx   cap[143]: 0x00000041 (DXFMT_NV12)
2026-07-26T02:29:20.449Z In(05) vmx   cap[144]: 0x00000000 (DXFMT_FORMAT_DEAD2)
2026-07-26T02:29:20.449Z In(05) vmx   cap[145]: 0x000002e1 (DXFMT_R32G32B32A32_TYPELESS)
2026-07-26T02:29:20.449Z In(05) vmx   cap[146]: 0x000003e7 (DXFMT_R32G32B32A32_UINT)
2026-07-26T02:29:20.449Z In(05) vmx   cap[147]: 0x000003e7 (DXFMT_R32G32B32A32_SINT)
2026-07-26T02:29:20.449Z In(05) vmx   cap[148]: 0x000000e1 (DXFMT_R32G32B32_TYPELESS)
2026-07-26T02:29:20.449Z In(05) vmx   cap[149]: 0x000001e3 (DXFMT_R32G32B32_FLOAT)
2026-07-26T02:29:20.449Z In(05) vmx   cap[150]: 0x000001e3 (DXFMT_R32G32B32_UINT)
2026-07-26T02:29:20.449Z In(05) vmx   cap[151]: 0x000001e3 (DXFMT_R32G32B32_SINT)
2026-07-26T02:29:20.449Z In(05) vmx   cap[152]: 0x000002e1 (DXFMT_R16G16B16A16_TYPELESS)
2026-07-26T02:29:20.449Z In(05) vmx   cap[153]: 0x000003e7 (DXFMT_R16G16B16A16_UINT)
2026-07-26T02:29:20.449Z In(05) vmx   cap[154]: 0x000003f7 (DXFMT_R16G16B16A16_SNORM)
2026-07-26T02:29:20.449Z In(05) vmx   cap[155]: 0x000003e7 (DXFMT_R16G16B16A16_SINT)
2026-07-26T02:29:20.449Z In(05) vmx   cap[156]: 0x000002e1 (DXFMT_R32G32_TYPELESS)
2026-07-26T02:29:20.449Z In(05) vmx   cap[157]: 0x000003e7 (DXFMT_R32G32_UINT)
2026-07-26T02:29:20.450Z In(05) vmx   cap[158]: 0x000003e7 (DXFMT_R32G32_SINT)
2026-07-26T02:29:20.450Z In(05) vmx   cap[159]: 0x00000261 (DXFMT_R32G8X24_TYPELESS)
2026-07-26T02:29:20.450Z In(05) vmx   cap[160]: 0x00000269 (DXFMT_D32_FLOAT_S8X24_UINT)
2026-07-26T02:29:20.450Z In(05) vmx   cap[161]: 0x00000063 (DXFMT_R32_FLOAT_X8X24)
2026-07-26T02:29:20.450Z In(05) vmx   cap[162]: 0x00000063 (DXFMT_X32_G8X24_UINT)
2026-07-26T02:29:20.450Z In(05) vmx   cap[163]: 0x000002e1 (DXFMT_R10G10B10A2_TYPELESS)
2026-07-26T02:29:20.450Z In(05) vmx   cap[164]: 0x000003e7 (DXFMT_R10G10B10A2_UINT)
2026-07-26T02:29:20.450Z In(05) vmx   cap[165]: 0x000003f7 (DXFMT_R11G11B10_FLOAT)
2026-07-26T02:29:20.450Z In(05) vmx   cap[166]: 0x000002e1 (DXFMT_R8G8B8A8_TYPELESS)
2026-07-26T02:29:20.450Z In(05) vmx   cap[167]: 0x000003f7 (DXFMT_R8G8B8A8_UNORM)
2026-07-26T02:29:20.450Z In(05) vmx   cap[168]: 0x000002f7 (DXFMT_R8G8B8A8_UNORM_SRGB)
2026-07-26T02:29:20.450Z In(05) vmx   cap[169]: 0x000003e7 (DXFMT_R8G8B8A8_UINT)
2026-07-26T02:29:20.450Z In(05) vmx   cap[170]: 0x000003e7 (DXFMT_R8G8B8A8_SINT)
2026-07-26T02:29:20.450Z In(05) vmx   cap[171]: 0x000002e1 (DXFMT_R16G16_TYPELESS)
2026-07-26T02:29:20.450Z In(05) vmx   cap[172]: 0x000003e7 (DXFMT_R16G16_UINT)
2026-07-26T02:29:20.450Z In(05) vmx   cap[173]: 0x000003e7 (DXFMT_R16G16_SINT)
2026-07-26T02:29:20.450Z In(05) vmx   cap[174]: 0x000002e1 (DXFMT_R32_TYPELESS)
2026-07-26T02:29:20.450Z In(05) vmx   cap[175]: 0x00000269 (DXFMT_D32_FLOAT)
2026-07-26T02:29:20.450Z In(05) vmx   cap[176]: 0x000003e7 (DXFMT_R32_UINT)
2026-07-26T02:29:20.450Z In(05) vmx   cap[177]: 0x000003e7 (DXFMT_R32_SINT)
2026-07-26T02:29:20.450Z In(05) vmx   cap[178]: 0x00000261 (DXFMT_R24G8_TYPELESS)
2026-07-26T02:29:20.450Z In(05) vmx   cap[179]: 0x00000269 (DXFMT_D24_UNORM_S8_UINT)
2026-07-26T02:29:20.450Z In(05) vmx   cap[180]: 0x00000063 (DXFMT_R24_UNORM_X8)
2026-07-26T02:29:20.450Z In(05) vmx   cap[181]: 0x00000063 (DXFMT_X24_G8_UINT)
2026-07-26T02:29:20.450Z In(05) vmx   cap[182]: 0x000002e1 (DXFMT_R8G8_TYPELESS)
2026-07-26T02:29:20.450Z In(05) vmx   cap[183]: 0x000003f7 (DXFMT_R8G8_UNORM)
2026-07-26T02:29:20.450Z In(05) vmx   cap[184]: 0x000003e7 (DXFMT_R8G8_UINT)
2026-07-26T02:29:20.450Z In(05) vmx   cap[185]: 0x000003e7 (DXFMT_R8G8_SINT)
2026-07-26T02:29:20.450Z In(05) vmx   cap[186]: 0x000002e1 (DXFMT_R16_TYPELESS)
2026-07-26T02:29:20.450Z In(05) vmx   cap[187]: 0x000003f7 (DXFMT_R16_UNORM)
2026-07-26T02:29:20.450Z In(05) vmx   cap[188]: 0x000003e7 (DXFMT_R16_UINT)
2026-07-26T02:29:20.450Z In(05) vmx   cap[189]: 0x000003f7 (DXFMT_R16_SNORM)
2026-07-26T02:29:20.450Z In(05) vmx   cap[190]: 0x000003e7 (DXFMT_R16_SINT)
2026-07-26T02:29:20.450Z In(05) vmx   cap[191]: 0x000002e1 (DXFMT_R8_TYPELESS)
2026-07-26T02:29:20.450Z In(05) vmx   cap[192]: 0x000003f7 (DXFMT_R8_UNORM)
2026-07-26T02:29:20.450Z In(05) vmx   cap[193]: 0x000003e7 (DXFMT_R8_UINT)
2026-07-26T02:29:20.450Z In(05) vmx   cap[194]: 0x000003f7 (DXFMT_R8_SNORM)
2026-07-26T02:29:20.450Z In(05) vmx   cap[195]: 0x000003e7 (DXFMT_R8_SINT)
2026-07-26T02:29:20.450Z In(05) vmx   cap[196]: 0x00000001 (DXFMT_P8)
2026-07-26T02:29:20.450Z In(05) vmx   cap[197]: 0x000000e3 (DXFMT_R9G9B9E5_SHAREDEXP)
2026-07-26T02:29:20.450Z In(05) vmx   cap[198]: 0x000000e3 (DXFMT_R8G8_B8G8_UNORM)
2026-07-26T02:29:20.450Z In(05) vmx   cap[199]: 0x000000e3 (DXFMT_G8R8_G8B8_UNORM)
2026-07-26T02:29:20.450Z In(05) vmx   cap[200]: 0x000000e1 (DXFMT_BC1_TYPELESS)
2026-07-26T02:29:20.450Z In(05) vmx   cap[201]: 0x000000e3 (DXFMT_BC1_UNORM_SRGB)
2026-07-26T02:29:20.450Z In(05) vmx   cap[202]: 0x000000e1 (DXFMT_BC2_TYPELESS)
2026-07-26T02:29:20.450Z In(05) vmx   cap[203]: 0x000000e3 (DXFMT_BC2_UNORM_SRGB)
2026-07-26T02:29:20.450Z In(05) vmx   cap[204]: 0x000000e1 (DXFMT_BC3_TYPELESS)
2026-07-26T02:29:20.450Z In(05) vmx   cap[205]: 0x000000e3 (DXFMT_BC3_UNORM_SRGB)
2026-07-26T02:29:20.450Z In(05) vmx   cap[206]: 0x000000e1 (DXFMT_BC4_TYPELESS)
2026-07-26T02:29:20.450Z In(05) vmx   cap[207]: 0x00000063 (DXFMT_ATI1)
2026-07-26T02:29:20.450Z In(05) vmx   cap[208]: 0x000000e3 (DXFMT_BC4_SNORM)
2026-07-26T02:29:20.450Z In(05) vmx   cap[209]: 0x000000e1 (DXFMT_BC5_TYPELESS)
2026-07-26T02:29:20.450Z In(05) vmx   cap[210]: 0x00000063 (DXFMT_ATI2)
2026-07-26T02:29:20.450Z In(05) vmx   cap[211]: 0x000000e3 (DXFMT_BC5_SNORM)
2026-07-26T02:29:20.450Z In(05) vmx   cap[212]: 0x00000045 (DXFMT_R10G10B10_XR_BIAS_A2_UNORM)
2026-07-26T02:29:20.450Z In(05) vmx   cap[213]: 0x000002e1 (DXFMT_B8G8R8A8_TYPELESS)
2026-07-26T02:29:20.450Z In(05) vmx   cap[214]: 0x000002f7 (DXFMT_B8G8R8A8_UNORM_SRGB)
2026-07-26T02:29:20.450Z In(05) vmx   cap[215]: 0x000002e1 (DXFMT_B8G8R8X8_TYPELESS)
2026-07-26T02:29:20.450Z In(05) vmx   cap[216]: 0x000002f7 (DXFMT_B8G8R8X8_UNORM_SRGB)
2026-07-26T02:29:20.450Z In(05) vmx   cap[217]: 0x0000006b (DXFMT_Z_DF16)
2026-07-26T02:29:20.450Z In(05) vmx   cap[218]: 0x0000006b (DXFMT_Z_DF24)
2026-07-26T02:29:20.450Z In(05) vmx   cap[219]: 0x0000006b (DXFMT_Z_D24S8_INT)
2026-07-26T02:29:20.450Z In(05) vmx   cap[220]: 0x00000001 (DXFMT_YV12)
2026-07-26T02:29:20.450Z In(05) vmx   cap[221]: 0x000003f7 (DXFMT_R32G32B32A32_FLOAT)
2026-07-26T02:29:20.450Z In(05) vmx   cap[222]: 0x000003f7 (DXFMT_R16G16B16A16_FLOAT)
2026-07-26T02:29:20.450Z In(05) vmx   cap[223]: 0x000003f7 (DXFMT_R16G16B16A16_UNORM)
2026-07-26T02:29:20.450Z In(05) vmx   cap[224]: 0x000003f7 (DXFMT_R32G32_FLOAT)
2026-07-26T02:29:20.450Z In(05) vmx   cap[225]: 0x000003f7 (DXFMT_R10G10B10A2_UNORM)
2026-07-26T02:29:20.451Z In(05) vmx   cap[226]: 0x000003f7 (DXFMT_R8G8B8A8_SNORM)
2026-07-26T02:29:20.451Z In(05) vmx   cap[227]: 0x000003f7 (DXFMT_R16G16_FLOAT)
2026-07-26T02:29:20.451Z In(05) vmx   cap[228]: 0x000003f7 (DXFMT_R16G16_UNORM)
2026-07-26T02:29:20.451Z In(05) vmx   cap[229]: 0x000003f7 (DXFMT_R16G16_SNORM)
2026-07-26T02:29:20.451Z In(05) vmx   cap[230]: 0x000003f7 (DXFMT_R32_FLOAT)
2026-07-26T02:29:20.451Z In(05) vmx   cap[231]: 0x000003f7 (DXFMT_R8G8_SNORM)
2026-07-26T02:29:20.451Z In(05) vmx   cap[232]: 0x000003f7 (DXFMT_R16_FLOAT)
2026-07-26T02:29:20.451Z In(05) vmx   cap[233]: 0x00000269 (DXFMT_D16_UNORM)
2026-07-26T02:29:20.451Z In(05) vmx   cap[234]: 0x000002f7 (DXFMT_A8_UNORM)
2026-07-26T02:29:20.451Z In(05) vmx   cap[235]: 0x000000e3 (DXFMT_BC1_UNORM)
2026-07-26T02:29:20.451Z In(05) vmx   cap[236]: 0x000000e3 (DXFMT_BC2_UNORM)
2026-07-26T02:29:20.451Z In(05) vmx   cap[237]: 0x000000e3 (DXFMT_BC3_UNORM)
2026-07-26T02:29:20.451Z In(05) vmx   cap[238]: 0x000002f7 (DXFMT_B5G6R5_UNORM)
2026-07-26T02:29:20.451Z In(05) vmx   cap[239]: 0x000002f7 (DXFMT_B5G5R5A1_UNORM)
2026-07-26T02:29:20.451Z In(05) vmx   cap[240]: 0x000003f7 (DXFMT_B8G8R8A8_UNORM)
2026-07-26T02:29:20.451Z In(05) vmx   cap[241]: 0x000003f7 (DXFMT_B8G8R8X8_UNORM)
2026-07-26T02:29:20.451Z In(05) vmx   cap[242]: 0x000000e3 (DXFMT_BC4_UNORM)
2026-07-26T02:29:20.451Z In(05) vmx   cap[243]: 0x000000e3 (DXFMT_BC5_UNORM)
2026-07-26T02:29:20.451Z In(05) vmx   cap[244]: 0x00000001 (SM41)
2026-07-26T02:29:20.451Z In(05) vmx   cap[245]: 0x00000001 (MULTISAMPLE_2X)
2026-07-26T02:29:20.451Z In(05) vmx   cap[246]: 0x00000001 (MULTISAMPLE_4X)
2026-07-26T02:29:20.451Z In(05) vmx   cap[247]: 0x00000001 (MS_FULL_QUALITY)
2026-07-26T02:29:20.451Z In(05) vmx   cap[248]: 0x00000001 (LOGICOPS)
2026-07-26T02:29:20.451Z In(05) vmx   cap[249]: 0x00000001 (LOGIC_BLENDOPS)
2026-07-26T02:29:20.451Z In(05) vmx   cap[250]: 0x00000000 (DEAD12)
2026-07-26T02:29:20.451Z In(05) vmx   cap[251]: 0x000000e1 (DXFMT_BC6H_TYPELESS)
2026-07-26T02:29:20.451Z In(05) vmx   cap[252]: 0x000000e3 (DXFMT_BC6H_UF16)
2026-07-26T02:29:20.451Z In(05) vmx   cap[253]: 0x000000e3 (DXFMT_BC6H_SF16)
2026-07-26T02:29:20.451Z In(05) vmx   cap[254]: 0x000000e1 (DXFMT_BC7_TYPELESS)
2026-07-26T02:29:20.451Z In(05) vmx   cap[255]: 0x000000e3 (DXFMT_BC7_UNORM)
2026-07-26T02:29:20.451Z In(05) vmx   cap[256]: 0x000000e3 (DXFMT_BC7_UNORM_SRGB)
2026-07-26T02:29:20.451Z In(05) vmx   cap[257]: 0x00000000 (DEAD13)
2026-07-26T02:29:20.451Z In(05) vmx   cap[258]: 0x00000001 (SM5)
2026-07-26T02:29:20.451Z In(05) vmx   cap[259]: 0x00000001 (MULTISAMPLE_8X)
2026-07-26T02:29:20.451Z In(05) vmx   cap[260]: 0x00000010 (MAX_FORCED_SAMPLE_COUNT)
2026-07-26T02:29:20.451Z In(05) vmx   cap[261]: 0x00000000 (GL43)
2026-07-26T02:29:20.451Z In(05) vmx SVGA3dClamp:     Host Provides     BC67Level:     9 (    9,     9)
2026-07-26T02:29:20.451Z In(05) vmx SVGA3dClamp:     Host Provides BaseCapsLevel:     9 (    9,     9)
2026-07-26T02:29:20.451Z In(05) vmx SVGA3dClamp:     Host Provides    ClampLevel:     0 (    0,    10)
2026-07-26T02:29:20.451Z No(00) vmx ConfigDB: Setting vmotion.svga.supports3D = "1"
2026-07-26T02:29:20.451Z No(00) vmx ConfigDB: Setting vmotion.svga.baseCapsLevel = "9"
2026-07-26T02:29:20.451Z No(00) vmx ConfigDB: Setting vmotion.svga.maxPointSize = "1"
2026-07-26T02:29:20.451Z No(00) vmx ConfigDB: Setting vmotion.svga.maxTextureSize = "16384"
2026-07-26T02:29:20.451Z No(00) vmx ConfigDB: Setting vmotion.svga.maxVolumeExtent = "2048"
2026-07-26T02:29:20.451Z No(00) vmx ConfigDB: Setting vmotion.svga.maxTextureAnisotropy = "16"
2026-07-26T02:29:20.451Z No(00) vmx ConfigDB: Setting vmotion.svga.lineStipple = "0"
2026-07-26T02:29:20.451Z No(00) vmx ConfigDB: Setting vmotion.svga.dxMaxConstantBuffers = "14"
2026-07-26T02:29:20.451Z No(00) vmx ConfigDB: Setting vmotion.svga.dxProvokingVertex = "0"
2026-07-26T02:29:20.451Z No(00) vmx ConfigDB: Setting vmotion.svga.sm41 = "1"
2026-07-26T02:29:20.451Z No(00) vmx ConfigDB: Setting vmotion.svga.multisample2x = "1"
2026-07-26T02:29:20.451Z No(00) vmx ConfigDB: Setting vmotion.svga.multisample4x = "1"
2026-07-26T02:29:20.451Z No(00) vmx ConfigDB: Setting vmotion.svga.msFullQuality = "1"
2026-07-26T02:29:20.452Z No(00) vmx ConfigDB: Setting vmotion.svga.logicOps = "1"
2026-07-26T02:29:20.452Z No(00) vmx ConfigDB: Setting vmotion.svga.bc67 = "9"
2026-07-26T02:29:20.452Z No(00) vmx ConfigDB: Setting vmotion.svga.sm5 = "1"
2026-07-26T02:29:20.452Z No(00) vmx ConfigDB: Setting vmotion.svga.multisample8x = "1"
2026-07-26T02:29:20.452Z No(00) vmx ConfigDB: Setting vmotion.svga.logicBlendOps = "1"
2026-07-26T02:29:20.452Z No(00) vmx ConfigDB: Setting vmotion.svga.maxForcedSampleCount = "16"
2026-07-26T02:29:20.452Z No(00) vmx ConfigDB: Setting vmotion.svga.gl43 = "0"
2026-07-26T02:29:20.452Z In(05) vmx SVGA3dCaps: guest, compatibility level: 10
2026-07-26T02:29:20.452Z In(05) vmx   cap[  0]: 0x00000001 (3D)
2026-07-26T02:29:20.452Z In(05) vmx   cap[  1]: 0x00000008 (MAX_LIGHTS)
2026-07-26T02:29:20.452Z In(05) vmx   cap[  2]: 0x00000008 (MAX_TEXTURES)
2026-07-26T02:29:20.452Z In(05) vmx   cap[  3]: 0x00000008 (MAX_CLIP_PLANES)
2026-07-26T02:29:20.452Z In(05) vmx   cap[  4]: 0x00000007 (VERTEX_SHADER_VERSION)
2026-07-26T02:29:20.452Z In(05) vmx   cap[  5]: 0x00000001 (VERTEX_SHADER)
2026-07-26T02:29:20.452Z In(05) vmx   cap[  6]: 0x0000000d (FRAGMENT_SHADER_VERSION)
2026-07-26T02:29:20.452Z In(05) vmx   cap[  7]: 0x00000001 (FRAGMENT_SHADER)
2026-07-26T02:29:20.452Z In(05) vmx   cap[  8]: 0x00000008 (MAX_RENDER_TARGETS)
2026-07-26T02:29:20.452Z In(05) vmx   cap[  9]: 0x00000001 (S23E8_TEXTURES)
2026-07-26T02:29:20.452Z In(05) vmx   cap[ 10]: 0x00000001 (S10E5_TEXTURES)
2026-07-26T02:29:20.452Z In(05) vmx   cap[ 11]: 0x00000004 (MAX_FIXED_VERTEXBLEND)
2026-07-26T02:29:20.452Z In(05) vmx   cap[ 12]: 0x00000001 (D16_BUFFER_FORMAT)
2026-07-26T02:29:20.452Z In(05) vmx   cap[ 13]: 0x00000001 (D24S8_BUFFER_FORMAT)
2026-07-26T02:29:20.452Z In(05) vmx   cap[ 14]: 0x00000001 (D24X8_BUFFER_FORMAT)
2026-07-26T02:29:20.452Z In(05) vmx   cap[ 15]: 0x00000001 (QUERY_TYPES)
2026-07-26T02:29:20.452Z In(05) vmx   cap[ 16]: 0x00000001 (TEXTURE_GRADIENT_SAMPLING)
2026-07-26T02:29:20.452Z In(05) vmx   cap[ 17]:   1.000000 (MAX_POINT_SIZE)
2026-07-26T02:29:20.452Z In(05) vmx   cap[ 18]: 0x00000014 (MAX_SHADER_TEXTURES)
2026-07-26T02:29:20.452Z In(05) vmx   cap[ 19]: 0x00004000 (MAX_TEXTURE_WIDTH)
2026-07-26T02:29:20.452Z In(05) vmx   cap[ 20]: 0x00004000 (MAX_TEXTURE_HEIGHT)
2026-07-26T02:29:20.452Z In(05) vmx   cap[ 21]: 0x00000800 (MAX_VOLUME_EXTENT)
2026-07-26T02:29:20.452Z In(05) vmx   cap[ 22]: 0x00004000 (MAX_TEXTURE_REPEAT)
2026-07-26T02:29:20.452Z In(05) vmx   cap[ 23]: 0x00004000 (MAX_TEXTURE_ASPECT_RATIO)
2026-07-26T02:29:20.452Z In(05) vmx   cap[ 24]: 0x00000010 (MAX_TEXTURE_ANISOTROPY)
2026-07-26T02:29:20.452Z In(05) vmx   cap[ 25]: 0x001fffff (MAX_PRIMITIVE_COUNT)
2026-07-26T02:29:20.452Z In(05) vmx   cap[ 26]: 0x000fffff (MAX_VERTEX_INDEX)
2026-07-26T02:29:20.452Z In(05) vmx   cap[ 27]: 0x0000ffff (MAX_VERTEX_SHADER_INSTRUCTIONS)
2026-07-26T02:29:20.452Z In(05) vmx   cap[ 28]: 0x0000ffff (MAX_FRAGMENT_SHADER_INSTRUCTIONS)
2026-07-26T02:29:20.452Z In(05) vmx   cap[ 29]: 0x00000020 (MAX_VERTEX_SHADER_TEMPS)
2026-07-26T02:29:20.452Z In(05) vmx   cap[ 30]: 0x00000020 (MAX_FRAGMENT_SHADER_TEMPS)
2026-07-26T02:29:20.452Z In(05) vmx   cap[ 31]: 0x03ffffff (TEXTURE_OPS)
2026-07-26T02:29:20.452Z In(05) vmx   cap[ 32]: 0x0018ec1f (SURFACEFMT_X8R8G8B8)
2026-07-26T02:29:20.452Z In(05) vmx   cap[ 33]: 0x0018e11f (SURFACEFMT_A8R8G8B8)
2026-07-26T02:29:20.452Z In(05) vmx   cap[ 34]: 0x0008601f (SURFACEFMT_A2R10G10B10)
2026-07-26T02:29:20.452Z In(05) vmx   cap[ 35]: 0x0008601f (SURFACEFMT_X1R5G5B5)
2026-07-26T02:29:20.452Z In(05) vmx   cap[ 36]: 0x0008611f (SURFACEFMT_A1R5G5B5)
2026-07-26T02:29:20.452Z In(05) vmx   cap[ 37]: 0x0000611f (SURFACEFMT_A4R4G4B4)
2026-07-26T02:29:20.452Z In(05) vmx   cap[ 38]: 0x0018ec1f (SURFACEFMT_R5G6B5)
2026-07-26T02:29:20.452Z In(05) vmx   cap[ 39]: 0x0000601f (SURFACEFMT_LUMINANCE16)
2026-07-26T02:29:20.452Z In(05) vmx   cap[ 40]: 0x00006007 (SURFACEFMT_LUMINANCE8_ALPHA8)
2026-07-26T02:29:20.452Z In(05) vmx   cap[ 41]: 0x0000601f (SURFACEFMT_ALPHA8)
2026-07-26T02:29:20.452Z In(05) vmx   cap[ 42]: 0x0000601f (SURFACEFMT_LUMINANCE8)
2026-07-26T02:29:20.452Z In(05) vmx   cap[ 43]: 0x000040c5 (SURFACEFMT_Z_D16)
2026-07-26T02:29:20.452Z In(05) vmx   cap[ 44]: 0x000040c5 (SURFACEFMT_Z_D24S8)
2026-07-26T02:29:20.452Z In(05) vmx   cap[ 45]: 0x000040c5 (SURFACEFMT_Z_D24X8)
2026-07-26T02:29:20.452Z In(05) vmx   cap[ 46]: 0x0000e005 (SURFACEFMT_DXT1)
2026-07-26T02:29:20.452Z In(05) vmx   cap[ 47]: 0x0000e005 (SURFACEFMT_DXT2)
2026-07-26T02:29:20.452Z In(05) vmx   cap[ 48]: 0x0000e005 (SURFACEFMT_DXT3)
2026-07-26T02:29:20.452Z In(05) vmx   cap[ 49]: 0x0000e005 (SURFACEFMT_DXT4)
2026-07-26T02:29:20.452Z In(05) vmx   cap[ 50]: 0x0000e005 (SURFACEFMT_DXT5)
2026-07-26T02:29:20.452Z In(05) vmx   cap[ 51]: 0x00014005 (SURFACEFMT_BUMPX8L8V8U8)
2026-07-26T02:29:20.452Z In(05) vmx   cap[ 52]: 0x00014007 (SURFACEFMT_A2W10V10U10)
2026-07-26T02:29:20.452Z In(05) vmx   cap[ 53]: 0x00014007 (SURFACEFMT_BUMPU8V8)
2026-07-26T02:29:20.452Z In(05) vmx   cap[ 54]: 0x00014005 (SURFACEFMT_Q8W8V8U8)
2026-07-26T02:29:20.452Z In(05) vmx   cap[ 55]: 0x00014001 (SURFACEFMT_CxV8U8)
2026-07-26T02:29:20.452Z In(05) vmx   cap[ 56]: 0x0080601f (SURFACEFMT_R_S10E5)
2026-07-26T02:29:20.452Z In(05) vmx   cap[ 57]: 0x0080601f (SURFACEFMT_R_S23E8)
2026-07-26T02:29:20.452Z In(05) vmx   cap[ 58]: 0x0080601f (SURFACEFMT_RG_S10E5)
2026-07-26T02:29:20.453Z In(05) vmx   cap[ 59]: 0x0080601f (SURFACEFMT_RG_S23E8)
2026-07-26T02:29:20.453Z In(05) vmx   cap[ 60]: 0x0080601f (SURFACEFMT_ARGB_S10E5)
2026-07-26T02:29:20.453Z In(05) vmx   cap[ 61]: 0x0080601f (SURFACEFMT_ARGB_S23E8)
2026-07-26T02:29:20.453Z In(05) vmx   cap[ 62]: 0x00000000 (MISSING62)
2026-07-26T02:29:20.453Z In(05) vmx   cap[ 63]: 0x00000004 (MAX_VERTEX_SHADER_TEXTURES)
2026-07-26T02:29:20.453Z In(05) vmx   cap[ 64]: 0x00000008 (MAX_SIMULTANEOUS_RENDER_TARGETS)
2026-07-26T02:29:20.453Z In(05) vmx   cap[ 65]: 0x00014007 (SURFACEFMT_V16U16)
2026-07-26T02:29:20.453Z In(05) vmx   cap[ 66]: 0x0000601f (SURFACEFMT_G16R16)
2026-07-26T02:29:20.453Z In(05) vmx   cap[ 67]: 0x0000601f (SURFACEFMT_A16B16G16R16)
2026-07-26T02:29:20.453Z In(05) vmx   cap[ 68]: 0x01246000 (SURFACEFMT_UYVY)
2026-07-26T02:29:20.453Z In(05) vmx   cap[ 69]: 0x01246000 (SURFACEFMT_YUY2)
2026-07-26T02:29:20.453Z In(05) vmx   cap[ 70]: 0x00000000 (DEAD4)
2026-07-26T02:29:20.453Z In(05) vmx   cap[ 71]: 0x00000000 (DEAD5)
2026-07-26T02:29:20.453Z In(05) vmx   cap[ 72]: 0x00000000 (DEAD7)
2026-07-26T02:29:20.453Z In(05) vmx   cap[ 73]: 0x00000000 (DEAD6)
2026-07-26T02:29:20.453Z In(05) vmx   cap[ 74]: 0x00000001 (AUTOGENMIPMAPS)
2026-07-26T02:29:20.453Z In(05) vmx   cap[ 75]: 0x01246000 (SURFACEFMT_NV12)
2026-07-26T02:29:20.453Z In(05) vmx   cap[ 76]: 0x00000000 (DEAD10)
2026-07-26T02:29:20.453Z In(05) vmx   cap[ 77]: 0x00000100 (MAX_CONTEXT_IDS)
2026-07-26T02:29:20.453Z In(05) vmx   cap[ 78]: 0x00008000 (MAX_SURFACE_IDS)
2026-07-26T02:29:20.453Z In(05) vmx   cap[ 79]: 0x000040c5 (SURFACEFMT_Z_DF16)
2026-07-26T02:29:20.453Z In(05) vmx   cap[ 80]: 0x000040c5 (SURFACEFMT_Z_DF24)
2026-07-26T02:29:20.453Z In(05) vmx   cap[ 81]: 0x000040c5 (SURFACEFMT_Z_D24S8_INT)
2026-07-26T02:29:20.453Z In(05) vmx   cap[ 82]: 0x00006005 (SURFACEFMT_ATI1)
2026-07-26T02:29:20.453Z In(05) vmx   cap[ 83]: 0x00006005 (SURFACEFMT_ATI2)
2026-07-26T02:29:20.453Z In(05) vmx   cap[ 84]: 0x00000000 (DEAD1)
2026-07-26T02:29:20.453Z In(05) vmx   cap[ 85]: 0x00000000 (DEAD8)
2026-07-26T02:29:20.453Z In(05) vmx   cap[ 86]: 0x00000000 (DEAD9)
2026-07-26T02:29:20.453Z In(05) vmx   cap[ 87]: 0x00000001 (LINE_AA)
2026-07-26T02:29:20.453Z In(05) vmx   cap[ 88]: 0x00000000 (LINE_STIPPLE)
2026-07-26T02:29:20.453Z In(05) vmx   cap[ 89]:  10.000000 (MAX_LINE_WIDTH)
2026-07-26T02:29:20.453Z In(05) vmx   cap[ 90]:  10.000000 (MAX_AA_LINE_WIDTH)
2026-07-26T02:29:20.453Z In(05) vmx   cap[ 91]: 0x01246000 (SURFACEFMT_YV12)
2026-07-26T02:29:20.453Z In(05) vmx   cap[ 92]: 0x00000000 (DEAD3)
2026-07-26T02:29:20.453Z In(05) vmx   cap[ 93]: 0x00000001 (TS_COLOR_KEY)
2026-07-26T02:29:20.453Z In(05) vmx   cap[ 94]: 0x00000000 (DEAD2)
2026-07-26T02:29:20.453Z In(05) vmx   cap[ 95]: 0x00000001 (DXCONTEXT)
2026-07-26T02:29:20.453Z In(05) vmx   cap[ 96]: 0x00000000 (DEAD11)
2026-07-26T02:29:20.453Z In(05) vmx   cap[ 97]: 0x00000010 (DX_MAX_VERTEXBUFFERS)
2026-07-26T02:29:20.453Z In(05) vmx   cap[ 98]: 0x0000000e (DX_MAX_CONSTANT_BUFFERS)
2026-07-26T02:29:20.453Z In(05) vmx   cap[ 99]: 0x00000000 (DX_PROVOKING_VERTEX)
2026-07-26T02:29:20.453Z In(05) vmx   cap[100]: 0x000002f7 (DXFMT_X8R8G8B8)
2026-07-26T02:29:20.453Z In(05) vmx   cap[101]: 0x000003f7 (DXFMT_A8R8G8B8)
2026-07-26T02:29:20.453Z In(05) vmx   cap[102]: 0x000002f7 (DXFMT_R5G6B5)
2026-07-26T02:29:20.453Z In(05) vmx   cap[103]: 0x000000f7 (DXFMT_X1R5G5B5)
2026-07-26T02:29:20.453Z In(05) vmx   cap[104]: 0x000000f7 (DXFMT_A1R5G5B5)
2026-07-26T02:29:20.453Z In(05) vmx   cap[105]: 0x000000f7 (DXFMT_A4R4G4B4)
2026-07-26T02:29:20.453Z In(05) vmx   cap[106]: 0x00000009 (DXFMT_Z_D32)
2026-07-26T02:29:20.453Z In(05) vmx   cap[107]: 0x0000026b (DXFMT_Z_D16)
2026-07-26T02:29:20.453Z In(05) vmx   cap[108]: 0x0000026b (DXFMT_Z_D24S8)
2026-07-26T02:29:20.453Z In(05) vmx   cap[109]: 0x0000000b (DXFMT_Z_D15S1)
2026-07-26T02:29:20.453Z In(05) vmx   cap[110]: 0x000000f7 (DXFMT_LUMINANCE8)
2026-07-26T02:29:20.453Z In(05) vmx   cap[111]: 0x000000e3 (DXFMT_LUMINANCE4_ALPHA4)
2026-07-26T02:29:20.453Z In(05) vmx   cap[112]: 0x000000f7 (DXFMT_LUMINANCE16)
2026-07-26T02:29:20.453Z In(05) vmx   cap[113]: 0x000000e3 (DXFMT_LUMINANCE8_ALPHA8)
2026-07-26T02:29:20.453Z In(05) vmx   cap[114]: 0x00000063 (DXFMT_DXT1)
2026-07-26T02:29:20.453Z In(05) vmx   cap[115]: 0x00000063 (DXFMT_DXT2)
2026-07-26T02:29:20.453Z In(05) vmx   cap[116]: 0x00000063 (DXFMT_DXT3)
2026-07-26T02:29:20.453Z In(05) vmx   cap[117]: 0x00000063 (DXFMT_DXT4)
2026-07-26T02:29:20.453Z In(05) vmx   cap[118]: 0x00000063 (DXFMT_DXT5)
2026-07-26T02:29:20.453Z In(05) vmx   cap[119]: 0x000000e3 (DXFMT_BUMPU8V8)
2026-07-26T02:29:20.453Z In(05) vmx   cap[120]: 0x00000000 (DXFMT_BUMPL6V5U5)
2026-07-26T02:29:20.453Z In(05) vmx   cap[121]: 0x00000063 (DXFMT_BUMPX8L8V8U8)
2026-07-26T02:29:20.453Z In(05) vmx   cap[122]: 0x00000000 (DXFMT_FORMAT_DEAD1)
2026-07-26T02:29:20.453Z In(05) vmx   cap[123]: 0x000003f7 (DXFMT_ARGB_S10E5)
2026-07-26T02:29:20.453Z In(05) vmx   cap[124]: 0x000003f7 (DXFMT_ARGB_S23E8)
2026-07-26T02:29:20.453Z In(05) vmx   cap[125]: 0x000003f7 (DXFMT_A2R10G10B10)
2026-07-26T02:29:20.453Z In(05) vmx   cap[126]: 0x000000e3 (DXFMT_V8U8)
2026-07-26T02:29:20.453Z In(05) vmx   cap[127]: 0x00000063 (DXFMT_Q8W8V8U8)
2026-07-26T02:29:20.454Z In(05) vmx   cap[128]: 0x00000063 (DXFMT_CxV8U8)
2026-07-26T02:29:20.454Z In(05) vmx   cap[129]: 0x000000e3 (DXFMT_X8L8V8U8)
2026-07-26T02:29:20.454Z In(05) vmx   cap[130]: 0x000000e3 (DXFMT_A2W10V10U10)
2026-07-26T02:29:20.454Z In(05) vmx   cap[131]: 0x000000f7 (DXFMT_ALPHA8)
2026-07-26T02:29:20.454Z In(05) vmx   cap[132]: 0x000003f7 (DXFMT_R_S10E5)
2026-07-26T02:29:20.454Z In(05) vmx   cap[133]: 0x000003f7 (DXFMT_R_S23E8)
2026-07-26T02:29:20.454Z In(05) vmx   cap[134]: 0x000003f7 (DXFMT_RG_S10E5)
2026-07-26T02:29:20.454Z In(05) vmx   cap[135]: 0x000003f7 (DXFMT_RG_S23E8)
2026-07-26T02:29:20.454Z In(05) vmx   cap[136]: 0x00000001 (DXFMT_BUFFER)
2026-07-26T02:29:20.454Z In(05) vmx   cap[137]: 0x0000026b (DXFMT_Z_D24X8)
2026-07-26T02:29:20.454Z In(05) vmx   cap[138]: 0x000001e3 (DXFMT_V16U16)
2026-07-26T02:29:20.454Z In(05) vmx   cap[139]: 0x000003f7 (DXFMT_G16R16)
2026-07-26T02:29:20.454Z In(05) vmx   cap[140]: 0x000001f7 (DXFMT_A16B16G16R16)
2026-07-26T02:29:20.454Z In(05) vmx   cap[141]: 0x00000001 (DXFMT_UYVY)
2026-07-26T02:29:20.454Z In(05) vmx   cap[142]: 0x00000041 (DXFMT_YUY2)
2026-07-26T02:29:20.454Z In(05) vmx   cap[143]: 0x00000041 (DXFMT_NV12)
2026-07-26T02:29:20.454Z In(05) vmx   cap[144]: 0x00000000 (DXFMT_FORMAT_DEAD2)
2026-07-26T02:29:20.454Z In(05) vmx   cap[145]: 0x000002e1 (DXFMT_R32G32B32A32_TYPELESS)
2026-07-26T02:29:20.454Z In(05) vmx   cap[146]: 0x000003e7 (DXFMT_R32G32B32A32_UINT)
2026-07-26T02:29:20.454Z In(05) vmx   cap[147]: 0x000003e7 (DXFMT_R32G32B32A32_SINT)
2026-07-26T02:29:20.454Z In(05) vmx   cap[148]: 0x000000e1 (DXFMT_R32G32B32_TYPELESS)
2026-07-26T02:29:20.454Z In(05) vmx   cap[149]: 0x000001e3 (DXFMT_R32G32B32_FLOAT)
2026-07-26T02:29:20.454Z In(05) vmx   cap[150]: 0x000001e3 (DXFMT_R32G32B32_UINT)
2026-07-26T02:29:20.454Z In(05) vmx   cap[151]: 0x000001e3 (DXFMT_R32G32B32_SINT)
2026-07-26T02:29:20.454Z In(05) vmx   cap[152]: 0x000002e1 (DXFMT_R16G16B16A16_TYPELESS)
2026-07-26T02:29:20.454Z In(05) vmx   cap[153]: 0x000003e7 (DXFMT_R16G16B16A16_UINT)
2026-07-26T02:29:20.454Z In(05) vmx   cap[154]: 0x000003f7 (DXFMT_R16G16B16A16_SNORM)
2026-07-26T02:29:20.454Z In(05) vmx   cap[155]: 0x000003e7 (DXFMT_R16G16B16A16_SINT)
2026-07-26T02:29:20.454Z In(05) vmx   cap[156]: 0x000002e1 (DXFMT_R32G32_TYPELESS)
2026-07-26T02:29:20.454Z In(05) vmx   cap[157]: 0x000003e7 (DXFMT_R32G32_UINT)
2026-07-26T02:29:20.454Z In(05) vmx   cap[158]: 0x000003e7 (DXFMT_R32G32_SINT)
2026-07-26T02:29:20.454Z In(05) vmx   cap[159]: 0x00000261 (DXFMT_R32G8X24_TYPELESS)
2026-07-26T02:29:20.454Z In(05) vmx   cap[160]: 0x00000269 (DXFMT_D32_FLOAT_S8X24_UINT)
2026-07-26T02:29:20.454Z In(05) vmx   cap[161]: 0x00000063 (DXFMT_R32_FLOAT_X8X24)
2026-07-26T02:29:20.454Z In(05) vmx   cap[162]: 0x00000063 (DXFMT_X32_G8X24_UINT)
2026-07-26T02:29:20.454Z In(05) vmx   cap[163]: 0x000002e1 (DXFMT_R10G10B10A2_TYPELESS)
2026-07-26T02:29:20.454Z In(05) vmx   cap[164]: 0x000003e7 (DXFMT_R10G10B10A2_UINT)
2026-07-26T02:29:20.454Z In(05) vmx   cap[165]: 0x000003f7 (DXFMT_R11G11B10_FLOAT)
2026-07-26T02:29:20.454Z In(05) vmx   cap[166]: 0x000002e1 (DXFMT_R8G8B8A8_TYPELESS)
2026-07-26T02:29:20.454Z In(05) vmx   cap[167]: 0x000003f7 (DXFMT_R8G8B8A8_UNORM)
2026-07-26T02:29:20.454Z In(05) vmx   cap[168]: 0x000002f7 (DXFMT_R8G8B8A8_UNORM_SRGB)
2026-07-26T02:29:20.454Z In(05) vmx   cap[169]: 0x000003e7 (DXFMT_R8G8B8A8_UINT)
2026-07-26T02:29:20.454Z In(05) vmx   cap[170]: 0x000003e7 (DXFMT_R8G8B8A8_SINT)
2026-07-26T02:29:20.454Z In(05) vmx   cap[171]: 0x000002e1 (DXFMT_R16G16_TYPELESS)
2026-07-26T02:29:20.454Z In(05) vmx   cap[172]: 0x000003e7 (DXFMT_R16G16_UINT)
2026-07-26T02:29:20.454Z In(05) vmx   cap[173]: 0x000003e7 (DXFMT_R16G16_SINT)
2026-07-26T02:29:20.454Z In(05) vmx   cap[174]: 0x000002e1 (DXFMT_R32_TYPELESS)
2026-07-26T02:29:20.454Z In(05) vmx   cap[175]: 0x00000269 (DXFMT_D32_FLOAT)
2026-07-26T02:29:20.454Z In(05) vmx   cap[176]: 0x000003e7 (DXFMT_R32_UINT)
2026-07-26T02:29:20.454Z In(05) vmx   cap[177]: 0x000003e7 (DXFMT_R32_SINT)
2026-07-26T02:29:20.454Z In(05) vmx   cap[178]: 0x00000261 (DXFMT_R24G8_TYPELESS)
2026-07-26T02:29:20.454Z In(05) vmx   cap[179]: 0x00000269 (DXFMT_D24_UNORM_S8_UINT)
2026-07-26T02:29:20.454Z In(05) vmx   cap[180]: 0x00000063 (DXFMT_R24_UNORM_X8)
2026-07-26T02:29:20.454Z In(05) vmx   cap[181]: 0x00000063 (DXFMT_X24_G8_UINT)
2026-07-26T02:29:20.454Z In(05) vmx   cap[182]: 0x000002e1 (DXFMT_R8G8_TYPELESS)
2026-07-26T02:29:20.454Z In(05) vmx   cap[183]: 0x000003f7 (DXFMT_R8G8_UNORM)
2026-07-26T02:29:20.454Z In(05) vmx   cap[184]: 0x000003e7 (DXFMT_R8G8_UINT)
2026-07-26T02:29:20.454Z In(05) vmx   cap[185]: 0x000003e7 (DXFMT_R8G8_SINT)
2026-07-26T02:29:20.454Z In(05) vmx   cap[186]: 0x000002e1 (DXFMT_R16_TYPELESS)
2026-07-26T02:29:20.455Z In(05) vmx   cap[187]: 0x000003f7 (DXFMT_R16_UNORM)
2026-07-26T02:29:20.455Z In(05) vmx   cap[188]: 0x000003e7 (DXFMT_R16_UINT)
2026-07-26T02:29:20.455Z In(05) vmx   cap[189]: 0x000003f7 (DXFMT_R16_SNORM)
2026-07-26T02:29:20.455Z In(05) vmx   cap[190]: 0x000003e7 (DXFMT_R16_SINT)
2026-07-26T02:29:20.455Z In(05) vmx   cap[191]: 0x000002e1 (DXFMT_R8_TYPELESS)
2026-07-26T02:29:20.455Z In(05) vmx   cap[192]: 0x000003f7 (DXFMT_R8_UNORM)
2026-07-26T02:29:20.455Z In(05) vmx   cap[193]: 0x000003e7 (DXFMT_R8_UINT)
2026-07-26T02:29:20.455Z In(05) vmx   cap[194]: 0x000003f7 (DXFMT_R8_SNORM)
2026-07-26T02:29:20.455Z In(05) vmx   cap[195]: 0x000003e7 (DXFMT_R8_SINT)
2026-07-26T02:29:20.455Z In(05) vmx   cap[196]: 0x00000001 (DXFMT_P8)
2026-07-26T02:29:20.455Z In(05) vmx   cap[197]: 0x000000e3 (DXFMT_R9G9B9E5_SHAREDEXP)
2026-07-26T02:29:20.455Z In(05) vmx   cap[198]: 0x000000e3 (DXFMT_R8G8_B8G8_UNORM)
2026-07-26T02:29:20.455Z In(05) vmx   cap[199]: 0x000000e3 (DXFMT_G8R8_G8B8_UNORM)
2026-07-26T02:29:20.455Z In(05) vmx   cap[200]: 0x000000e1 (DXFMT_BC1_TYPELESS)
2026-07-26T02:29:20.455Z In(05) vmx   cap[201]: 0x000000e3 (DXFMT_BC1_UNORM_SRGB)
2026-07-26T02:29:20.455Z In(05) vmx   cap[202]: 0x000000e1 (DXFMT_BC2_TYPELESS)
2026-07-26T02:29:20.455Z In(05) vmx   cap[203]: 0x000000e3 (DXFMT_BC2_UNORM_SRGB)
2026-07-26T02:29:20.455Z In(05) vmx   cap[204]: 0x000000e1 (DXFMT_BC3_TYPELESS)
2026-07-26T02:29:20.455Z In(05) vmx   cap[205]: 0x000000e3 (DXFMT_BC3_UNORM_SRGB)
2026-07-26T02:29:20.455Z In(05) vmx   cap[206]: 0x000000e1 (DXFMT_BC4_TYPELESS)
2026-07-26T02:29:20.455Z In(05) vmx   cap[207]: 0x00000063 (DXFMT_ATI1)
2026-07-26T02:29:20.455Z In(05) vmx   cap[208]: 0x000000e3 (DXFMT_BC4_SNORM)
2026-07-26T02:29:20.455Z In(05) vmx   cap[209]: 0x000000e1 (DXFMT_BC5_TYPELESS)
2026-07-26T02:29:20.455Z In(05) vmx   cap[210]: 0x00000063 (DXFMT_ATI2)
2026-07-26T02:29:20.455Z In(05) vmx   cap[211]: 0x000000e3 (DXFMT_BC5_SNORM)
2026-07-26T02:29:20.455Z In(05) vmx   cap[212]: 0x00000045 (DXFMT_R10G10B10_XR_BIAS_A2_UNORM)
2026-07-26T02:29:20.455Z In(05) vmx   cap[213]: 0x000002e1 (DXFMT_B8G8R8A8_TYPELESS)
2026-07-26T02:29:20.455Z In(05) vmx   cap[214]: 0x000002f7 (DXFMT_B8G8R8A8_UNORM_SRGB)
2026-07-26T02:29:20.455Z In(05) vmx   cap[215]: 0x000002e1 (DXFMT_B8G8R8X8_TYPELESS)
2026-07-26T02:29:20.455Z In(05) vmx   cap[216]: 0x000002f7 (DXFMT_B8G8R8X8_UNORM_SRGB)
2026-07-26T02:29:20.455Z In(05) vmx   cap[217]: 0x0000006b (DXFMT_Z_DF16)
2026-07-26T02:29:20.455Z In(05) vmx   cap[218]: 0x0000006b (DXFMT_Z_DF24)
2026-07-26T02:29:20.455Z In(05) vmx   cap[219]: 0x0000006b (DXFMT_Z_D24S8_INT)
2026-07-26T02:29:20.455Z In(05) vmx   cap[220]: 0x00000001 (DXFMT_YV12)
2026-07-26T02:29:20.455Z In(05) vmx   cap[221]: 0x000003f7 (DXFMT_R32G32B32A32_FLOAT)
2026-07-26T02:29:20.455Z In(05) vmx   cap[222]: 0x000003f7 (DXFMT_R16G16B16A16_FLOAT)
2026-07-26T02:29:20.455Z In(05) vmx   cap[223]: 0x000003f7 (DXFMT_R16G16B16A16_UNORM)
2026-07-26T02:29:20.455Z In(05) vmx   cap[224]: 0x000003f7 (DXFMT_R32G32_FLOAT)
2026-07-26T02:29:20.455Z In(05) vmx   cap[225]: 0x000003f7 (DXFMT_R10G10B10A2_UNORM)
2026-07-26T02:29:20.455Z In(05) vmx   cap[226]: 0x000003f7 (DXFMT_R8G8B8A8_SNORM)
2026-07-26T02:29:20.455Z In(05) vmx   cap[227]: 0x000003f7 (DXFMT_R16G16_FLOAT)
2026-07-26T02:29:20.455Z In(05) vmx   cap[228]: 0x000003f7 (DXFMT_R16G16_UNORM)
2026-07-26T02:29:20.455Z In(05) vmx   cap[229]: 0x000003f7 (DXFMT_R16G16_SNORM)
2026-07-26T02:29:20.455Z In(05) vmx   cap[230]: 0x000003f7 (DXFMT_R32_FLOAT)
2026-07-26T02:29:20.455Z In(05) vmx   cap[231]: 0x000003f7 (DXFMT_R8G8_SNORM)
2026-07-26T02:29:20.455Z In(05) vmx   cap[232]: 0x000003f7 (DXFMT_R16_FLOAT)
2026-07-26T02:29:20.455Z In(05) vmx   cap[233]: 0x00000269 (DXFMT_D16_UNORM)
2026-07-26T02:29:20.455Z In(05) vmx   cap[234]: 0x000002f7 (DXFMT_A8_UNORM)
2026-07-26T02:29:20.455Z In(05) vmx   cap[235]: 0x000000e3 (DXFMT_BC1_UNORM)
2026-07-26T02:29:20.455Z In(05) vmx   cap[236]: 0x000000e3 (DXFMT_BC2_UNORM)
2026-07-26T02:29:20.455Z In(05) vmx   cap[237]: 0x000000e3 (DXFMT_BC3_UNORM)
2026-07-26T02:29:20.455Z In(05) vmx   cap[238]: 0x000002f7 (DXFMT_B5G6R5_UNORM)
2026-07-26T02:29:20.455Z In(05) vmx   cap[239]: 0x000002f7 (DXFMT_B5G5R5A1_UNORM)
2026-07-26T02:29:20.455Z In(05) vmx   cap[240]: 0x000003f7 (DXFMT_B8G8R8A8_UNORM)
2026-07-26T02:29:20.455Z In(05) vmx   cap[241]: 0x000003f7 (DXFMT_B8G8R8X8_UNORM)
2026-07-26T02:29:20.455Z In(05) vmx   cap[242]: 0x000000e3 (DXFMT_BC4_UNORM)
2026-07-26T02:29:20.455Z In(05) vmx   cap[243]: 0x000000e3 (DXFMT_BC5_UNORM)
2026-07-26T02:29:20.455Z In(05) vmx   cap[244]: 0x00000001 (SM41)
2026-07-26T02:29:20.455Z In(05) vmx   cap[245]: 0x00000001 (MULTISAMPLE_2X)
2026-07-26T02:29:20.455Z In(05) vmx   cap[246]: 0x00000001 (MULTISAMPLE_4X)
2026-07-26T02:29:20.455Z In(05) vmx   cap[247]: 0x00000001 (MS_FULL_QUALITY)
2026-07-26T02:29:20.455Z In(05) vmx   cap[248]: 0x00000001 (LOGICOPS)
2026-07-26T02:29:20.455Z In(05) vmx   cap[249]: 0x00000001 (LOGIC_BLENDOPS)
2026-07-26T02:29:20.455Z In(05) vmx   cap[250]: 0x00000000 (DEAD12)
2026-07-26T02:29:20.455Z In(05) vmx   cap[251]: 0x000000e1 (DXFMT_BC6H_TYPELESS)
2026-07-26T02:29:20.455Z In(05) vmx   cap[252]: 0x000000e3 (DXFMT_BC6H_UF16)
2026-07-26T02:29:20.455Z In(05) vmx   cap[253]: 0x000000e3 (DXFMT_BC6H_SF16)
2026-07-26T02:29:20.455Z In(05) vmx   cap[254]: 0x000000e1 (DXFMT_BC7_TYPELESS)
2026-07-26T02:29:20.455Z In(05) vmx   cap[255]: 0x000000e3 (DXFMT_BC7_UNORM)
2026-07-26T02:29:20.455Z In(05) vmx   cap[256]: 0x000000e3 (DXFMT_BC7_UNORM_SRGB)
2026-07-26T02:29:20.456Z In(05) vmx   cap[257]: 0x00000000 (DEAD13)
2026-07-26T02:29:20.456Z In(05) vmx   cap[258]: 0x00000001 (SM5)
2026-07-26T02:29:20.456Z In(05) vmx   cap[259]: 0x00000001 (MULTISAMPLE_8X)
2026-07-26T02:29:20.456Z In(05) vmx   cap[260]: 0x00000010 (MAX_FORCED_SAMPLE_COUNT)
2026-07-26T02:29:20.456Z In(05) vmx   cap[261]: 0x00000000 (GL43)
2026-07-26T02:29:20.456Z In(05) vmx SVGA3dClamp:    Guest Requires     BC67Level:     9 (    9,     9)
2026-07-26T02:29:20.456Z In(05) vmx SVGA3dClamp:    Guest Requires BaseCapsLevel:     9 (    9,     9)
2026-07-26T02:29:20.456Z In(05) vmx SVGA3dClamp:    Guest Requires    ClampLevel:    10 (    0,    10)
2026-07-26T02:29:20.494Z In(05) vmx USB: Initializing 'UHCI' host controller.
2026-07-26T02:29:20.494Z In(05) vmx USB: PowerOnCreateDevice 'usb:0' #0, found port 2A553B84450.
2026-07-26T02:29:20.495Z No(00) vmx ConfigDB: Setting usb:0.present = "TRUE"
2026-07-26T02:29:20.495Z No(00) vmx ConfigDB: Setting usb:0.deviceType = "hid"
2026-07-26T02:29:20.495Z No(00) vmx ConfigDB: Setting usb:0.port = "0"
2026-07-26T02:29:20.495Z No(00) vmx ConfigDB: Setting usb:0.parent = "-1"
2026-07-26T02:29:20.503Z In(05) vmx USB: PowerOnCreateDevice 'usb:1' #1, found port 2A553B84488.
2026-07-26T02:29:20.503Z No(00) vmx ConfigDB: Setting usb:1.speed = "2"
2026-07-26T02:29:20.517Z In(05) vmx Ethernet0 MAC Address: 00:0c:29:9b:8e:e6
2026-07-26T02:29:20.519Z In(05) vmx Ethernet1 MAC Address: 00:0c:29:9b:8e:f0
2026-07-26T02:29:20.521Z In(05) vmx USB: Initializing 'EHCI' host controller.
2026-07-26T02:29:20.522Z No(00) vmx ConfigDB: Setting vmci0.id = "547065574"
2026-07-26T02:29:20.533Z In(05) vmx AHCI:Successfully created adapter 'sata0' as num 0
2026-07-26T02:29:20.533Z In(05) vmx SCSI DEVICE (sata0:1): Computed value of sata0:1.useBounceBuffers: default
2026-07-26T02:29:20.533Z In(05) vmx DISKUTIL: sata0:1 : capacity=0 logical sector size=2048
2026-07-26T02:29:20.533Z In(05) vmx DISKUTIL: sata0:1 : geometry=0/0/0
2026-07-26T02:29:20.533Z In(05) vmx AHCI:Creating ATAPI CDROM on SATA adapter.
2026-07-26T02:29:20.533Z In(05) vmx AHCI:Successfully created device: sata0:1
2026-07-26T02:29:20.537Z In(05) vmx WORKER: Creating new group with maxThreads=1 (35)
2026-07-26T02:29:20.537Z In(05) vmx DISKUTIL: scsi0:0 : max toolsVersion = 12448, type = 4
2026-07-26T02:29:20.537Z In(05) vmx TOOLS setting legacy tools version to '12448' type 4, manifest status is 9
2026-07-26T02:29:20.537Z In(05) worker-49660 ToolsVersionGetStatusWorkerThread: Tools status 8 derived from environment
2026-07-26T02:29:20.537Z In(05) vmx Tools: sending 'OS_PowerOn' (state = 3) state change request
2026-07-26T02:29:20.537Z In(05) vmx Tools: Delaying state change request to state 3.
2026-07-26T02:29:20.537Z In(05) vmx TOOLS INSTALL initializing state to IDLE on power on.
2026-07-26T02:29:20.538Z In(05) vmx TOOLS INSTALL updating Rpc handlers registration.
2026-07-26T02:29:20.538Z In(05) vmx TOOLS INSTALL register RPC: upgrader.setGuestFileRoot
2026-07-26T02:29:20.538Z In(05) vmx TOOLS INSTALL register RPC: toolinstall.is_image_inserted
2026-07-26T02:29:20.538Z In(05) vmx TOOLS INSTALL register RPC: toolinstall.installerActive
2026-07-26T02:29:20.538Z In(05) vmx TOOLS INSTALL register RPC: guest.upgrader_send_cmd_line_args
2026-07-26T02:29:20.538Z In(05) vmx P9FS_PowerOn: 9PFS server is not enabled.
2026-07-26T02:29:20.538Z In(05) vmx HgfsServerManagerVigorInit: Initialize: dev api
2026-07-26T02:29:20.539Z In(05) vmx MKSBackdoor: Copy/paste enabled = 1
2026-07-26T02:29:20.539Z In(05) vmx DEPLOYPKG: No pending deploy package name set
2026-07-26T02:29:20.539Z In(05) vmx DEPLOYPKG: ToolsDeployPkgPublishState: state=0, code=0, message=(null)
2026-07-26T02:29:20.562Z In(05) vmx MonPmc: ctrBase 0x4c1 selBase 0x186/1 PGC 1/1 SMM 1 drain 0 AMD 0
2026-07-26T02:29:20.562Z In(05)+ vmx MonPmc:   gen counters num: 4 width 48 write width 48
2026-07-26T02:29:20.562Z In(05)+ vmx MonPmc:   fix counters num: 3 width 48; version 3
2026-07-26T02:29:20.562Z In(05)+ vmx MonPmc:   unavailable counters: 0x700000000
2026-07-26T02:29:20.577Z No(00) vmx ConfigDB: Setting monitor.phys_bits_used = "45"
2026-07-26T02:29:20.577Z In(05) vmx Full guest CPUID with differences from hostCPUID highlighted.
2026-07-26T02:29:20.577Z In(05) vmx guest vs. host CPUID guest vendor: GenuineIntel
2026-07-26T02:29:20.577Z In(05) vmx guest vs. host CPUID guest family: 0x6 model: 0x3c stepping: 0x3
2026-07-26T02:29:20.577Z In(05) vmx guest vs. host CPUID guest codename: Haswell DT
2026-07-26T02:29:20.577Z In(05) vmx guest vs. host CPUID guest name: Intel(R) Core(TM) i7-4810MQ CPU @ 2.80GHz
2026-07-26T02:29:20.577Z In(05) vmx guest vs. host CPUID       level eaxIn, ecxIn:        eax        ebx        ecx        edx
2026-07-26T02:29:20.577Z In(05) vmx guest vs. host CPUID guest level 00000000,  0: 0x0000000d 0x756e6547 0x6c65746e 0x49656e69
2026-07-26T02:29:20.578Z In(05) vmx guest vs. host CPUID guest level 00000001,  0: 0x000306c3 0x00010800 0xf7fa3203 0x0f8bfbff
2026-07-26T02:29:20.578Z In(05) vmx guest vs. host CPUID *host level 00000001,  0: 0x000306c3 0x00100800 0x7ffafbff 0xbfebfbff
2026-07-26T02:29:20.578Z In(05) vmx guest vs. host CPUID guest level 00000002,  0: 0x76036301 0x00f0b5ff 0x00000000 0x00c10000
2026-07-26T02:29:20.578Z In(05) vmx guest vs. host CPUID guest level 00000004,  0: 0x00000121 0x01c0003f 0x0000003f 0x00000000
2026-07-26T02:29:20.578Z In(05) vmx guest vs. host CPUID *host level 00000004,  0: 0x1c004121 0x01c0003f 0x0000003f 0x00000000
2026-07-26T02:29:20.578Z In(05) vmx guest vs. host CPUID guest level 00000004,  1: 0x00000122 0x01c0003f 0x0000003f 0x00000000
2026-07-26T02:29:20.578Z In(05) vmx guest vs. host CPUID *host level 00000004,  1: 0x1c004122 0x01c0003f 0x0000003f 0x00000000
2026-07-26T02:29:20.578Z In(05) vmx guest vs. host CPUID guest level 00000004,  2: 0x00000143 0x01c0003f 0x000001ff 0x00000000
2026-07-26T02:29:20.578Z In(05) vmx guest vs. host CPUID *host level 00000004,  2: 0x1c004143 0x01c0003f 0x000001ff 0x00000000
2026-07-26T02:29:20.578Z In(05) vmx guest vs. host CPUID guest level 00000004,  3: 0x00000163 0x02c0003f 0x00001fff 0x00000006
2026-07-26T02:29:20.578Z In(05) vmx guest vs. host CPUID *host level 00000004,  3: 0x1c03c163 0x02c0003f 0x00001fff 0x00000006
2026-07-26T02:29:20.578Z In(05) vmx guest vs. host CPUID guest level 00000006,  0: 0x00000004 0x00000000 0x00000000 0x00000000
2026-07-26T02:29:20.578Z In(05) vmx guest vs. host CPUID *host level 00000006,  0: 0x00000077 0x00000002 0x00000009 0x00000000
2026-07-26T02:29:20.578Z In(05) vmx guest vs. host CPUID guest level 00000007,  0: 0x00000000 0x000027ab 0x00000000 0xbc000400
2026-07-26T02:29:20.578Z In(05) vmx guest vs. host CPUID *host level 00000007,  0: 0x00000000 0x000027ab 0x00000000 0x9c000400
2026-07-26T02:29:20.578Z In(05) vmx guest vs. host CPUID guest level 0000000a,  0: 0x07300401 0x000000ff 0x00000000 0x00000000
2026-07-26T02:29:20.578Z In(05) vmx guest vs. host CPUID *host level 0000000a,  0: 0x07300403 0x00000000 0x00000000 0x00000603
2026-07-26T02:29:20.578Z In(05) vmx guest vs. host CPUID guest level 0000000b,  0: 0x00000000 0x00000001 0x00000100 0x00000000
2026-07-26T02:29:20.578Z In(05) vmx guest vs. host CPUID *host level 0000000b,  0: 0x00000001 0x00000002 0x00000100 0x00000000
2026-07-26T02:29:20.578Z In(05) vmx guest vs. host CPUID guest level 0000000b,  1: 0x00000000 0x00000001 0x00000201 0x00000000
2026-07-26T02:29:20.578Z In(05) vmx guest vs. host CPUID *host level 0000000b,  1: 0x00000004 0x00000008 0x00000201 0x00000000
2026-07-26T02:29:20.578Z In(05) vmx guest vs. host CPUID guest level 0000000d,  0: 0x00000007 0x00000340 0x00000340 0x00000000
2026-07-26T02:29:20.578Z In(05) vmx guest vs. host CPUID guest level 0000000d,  1: 0x00000001 0x00000000 0x00000000 0x00000000
2026-07-26T02:29:20.578Z In(05) vmx guest vs. host CPUID guest level 0000000d,  2: 0x00000100 0x00000240 0x00000000 0x00000000
2026-07-26T02:29:20.578Z In(05) vmx guest vs. host CPUID guest level 40000000,  0: 0x40000010 0x61774d56 0x4d566572 0x65726177
2026-07-26T02:29:20.578Z In(05) vmx guest vs. host CPUID guest level 40000010,  0: 0x002aa047 0x000101d0 0x00000002 0x00000000
2026-07-26T02:29:20.578Z In(05) vmx guest vs. host CPUID guest level 80000000,  0: 0x80000008 0x00000000 0x00000000 0x00000000
2026-07-26T02:29:20.578Z In(05) vmx guest vs. host CPUID guest level 80000001,  0: 0x00000000 0x00000000 0x00000021 0x2c100800
2026-07-26T02:29:20.578Z In(05) vmx guest vs. host CPUID guest level 80000002,  0: 0x65746e49 0x2952286c 0x726f4320 0x4d542865
2026-07-26T02:29:20.578Z In(05) vmx guest vs. host CPUID guest level 80000003,  0: 0x37692029 0x3138342d 0x20514d30 0x20555043
2026-07-26T02:29:20.578Z In(05) vmx guest vs. host CPUID guest level 80000004,  0: 0x2e322040 0x48473038 0x0000007a 0x00000000
2026-07-26T02:29:20.578Z In(05) vmx guest vs. host CPUID guest level 80000006,  0: 0x00000000 0x00000000 0x01006040 0x00000000
2026-07-26T02:29:20.578Z In(05) vmx guest vs. host CPUID guest level 80000007,  0: 0x00000000 0x00000000 0x00000000 0x00000100
2026-07-26T02:29:20.578Z In(05) vmx guest vs. host CPUID guest level 80000008,  0: 0x0000302d 0x00000000 0x00000000 0x00000000
2026-07-26T02:29:20.578Z In(05) vmx guest vs. host CPUID *host level 80000008,  0: 0x00003027 0x00000000 0x00000000 0x00000000
2026-07-26T02:29:20.578Z In(05) vmx Minimum ucode level: 0x00000027
2026-07-26T02:29:20.578Z In(05) vmx VPMC: events will use hybrid freeze.
2026-07-26T02:29:20.578Z In(05) vmx VPMC: gen counters: num 4 mask 0xffffffffffff
2026-07-26T02:29:20.578Z In(05) vmx VPMC: fix counters: num 0 mask 0; version 1
2026-07-26T02:29:20.578Z In(05) vmx VPMC: hardware counters: 0
2026-07-26T02:29:20.578Z In(05) vmx VPMC: perf capabilities: 0x2000
2026-07-26T02:29:20.578Z In(05) vmx Guest MSR IA32_ARCH_CAPABILITIES 0x10a = 0xc
2026-07-26T02:29:20.579Z In(05) vmx SVGA-PCI: BAR gfbSize=134217728, fifoSize=8388608
2026-07-26T02:29:20.579Z In(05) vmx SVGA: SVGA_REG_MEMORY_SIZE=4194304
2026-07-26T02:29:20.579Z In(05) vmx SVGA: SVGA_REG_VRAM_SIZE=4194304
2026-07-26T02:29:20.579Z In(05) vmx SVGA: Final Device caps : 0xfdffc3e2
2026-07-26T02:29:20.579Z In(05) vmx SVGA: Final Device caps2: 0x0005efff
2026-07-26T02:29:20.579Z In(05) vmx BusMemSampleSetUpStats: touched: initPct 75 pages 1572864 : dirtied: initPct 75 pages 1572864
2026-07-26T02:29:20.579Z In(05) vmx MemSched: caller 1 numvm 2 locked pages: num 274350 max 3496448
2026-07-26T02:29:20.579Z In(05) vmx MemSched: locked Page Limit: host 3688854 config 3512832
2026-07-26T02:29:20.579Z In(05) vmx MemSched: minmempct 50  timestamp 772741
2026-07-26T02:29:20.579Z In(05) vmx MemSched: VM 0 min 269626 max 531770 shares 524288 paged 4141758 nonpaged 3246 anonymous 4236 locked 269626 touchedPct 5 dirtiedPct 1 timestamp 772740 vmResponsive is 1
2026-07-26T02:29:20.579Z In(05) vmx MemSched: VM 1 min 1069501 max 2118077 shares 2097152 paged 4142788 nonpaged 7559 anonymous 13366 locked 4724 touchedPct 75 dirtiedPct 75 timestamp 772741 vmResponsive is 1
2026-07-26T02:29:20.579Z In(05) vmx MemSched: locked 4724 target 2118077 balloon 0 0 0 swapped 0 0 allocd 0 512 state 0 100
2026-07-26T02:29:20.579Z In(05) vmx MemSched: states: 0 1 : 1 0 : 2 0 : 3 0
2026-07-26T02:29:20.579Z In(05) vmx MemSched: Balloon enabled 1 guestType 0 maxSize 0
2026-07-26T02:29:20.579Z In(05) vmx PStrIntern expansion: nBkts=256
2026-07-26T02:29:20.580Z In(05) vmx FeatureCompat: Capabilities:
2026-07-26T02:29:20.580Z In(05) vmx Capability Found: cpuid.sse3 = 1
2026-07-26T02:29:20.580Z In(05) vmx Capability Found: cpuid.pclmulqdq = 1
2026-07-26T02:29:20.580Z In(05) vmx Capability Found: cpuid.mwait = 1
2026-07-26T02:29:20.580Z In(05) vmx Capability Found: cpuid.vmx = 1
2026-07-26T02:29:20.580Z In(05) vmx Capability Found: cpuid.ssse3 = 1
2026-07-26T02:29:20.580Z In(05) vmx Capability Found: cpuid.fma = 1
2026-07-26T02:29:20.580Z In(05) vmx Capability Found: cpuid.cmpxchg16b = 1
2026-07-26T02:29:20.580Z In(05) vmx Capability Found: cpuid.pcid = 1
2026-07-26T02:29:20.580Z In(05) vmx Capability Found: cpuid.sse41 = 1
2026-07-26T02:29:20.580Z In(05) vmx Capability Found: cpuid.sse42 = 1
2026-07-26T02:29:20.580Z In(05) vmx Capability Found: cpuid.movbe = 1
2026-07-26T02:29:20.580Z In(05) vmx Capability Found: cpuid.popcnt = 1
2026-07-26T02:29:20.580Z In(05) vmx Capability Found: cpuid.aes = 1
2026-07-26T02:29:20.580Z In(05) vmx Capability Found: cpuid.xsave = 1
2026-07-26T02:29:20.580Z In(05) vmx Capability Found: cpuid.avx = 1
2026-07-26T02:29:20.580Z In(05) vmx Capability Found: cpuid.f16c = 1
2026-07-26T02:29:20.580Z In(05) vmx Capability Found: cpuid.rdrand = 1
2026-07-26T02:29:20.580Z In(05) vmx Capability Found: cpuid.ds = 1
2026-07-26T02:29:20.580Z In(05) vmx Capability Found: cpuid.ss = 1
2026-07-26T02:29:20.580Z In(05) vmx Capability Found: cpuid.fsgsbase = 1
2026-07-26T02:29:20.580Z In(05) vmx Capability Found: cpuid.bmi1 = 1
2026-07-26T02:29:20.580Z In(05) vmx Capability Found: cpuid.avx2 = 1
2026-07-26T02:29:20.580Z In(05) vmx Capability Found: cpuid.smep = 1
2026-07-26T02:29:20.580Z In(05) vmx Capability Found: cpuid.bmi2 = 1
2026-07-26T02:29:20.580Z In(05) vmx Capability Found: cpuid.enfstrg = 1
2026-07-26T02:29:20.580Z In(05) vmx Capability Found: cpuid.invpcid = 1
2026-07-26T02:29:20.580Z In(05) vmx Capability Found: cpuid.mdclear = 1
2026-07-26T02:29:20.580Z In(05) vmx Capability Found: cpuid.stibp = 1
2026-07-26T02:29:20.580Z In(05) vmx Capability Found: cpuid.fcmd = 1
2026-07-26T02:29:20.580Z In(05) vmx Capability Found: cpuid.ssbd = 1
2026-07-26T02:29:20.580Z In(05) vmx Capability Found: cpuid.xcr0_master_sse = 1
2026-07-26T02:29:20.580Z In(05) vmx Capability Found: cpuid.xcr0_master_ymm_h = 1
2026-07-26T02:29:20.580Z In(05) vmx Capability Found: cpuid.xcr0_master_bndregs = 1
2026-07-26T02:29:20.581Z In(05) vmx Capability Found: cpuid.xcr0_master_bndcsr = 1
2026-07-26T02:29:20.581Z In(05) vmx Capability Found: cpuid.xsaveopt = 1
2026-07-26T02:29:20.581Z In(05) vmx Capability Found: cpuid.lahf64 = 1
2026-07-26T02:29:20.581Z In(05) vmx Capability Found: cpuid.abm = 1
2026-07-26T02:29:20.581Z In(05) vmx Capability Found: cpuid.nx = 1
2026-07-26T02:29:20.581Z In(05) vmx Capability Found: cpuid.pdpe1gb = 1
2026-07-26T02:29:20.581Z In(05) vmx Capability Found: cpuid.rdtscp = 1
2026-07-26T02:29:20.581Z In(05) vmx Capability Found: cpuid.lm = 1
2026-07-26T02:29:20.581Z In(05) vmx Capability Found: cpuid.intel = 1
2026-07-26T02:29:20.581Z In(05) vmx Capability Found: cpuid.ibrs = 1
2026-07-26T02:29:20.581Z In(05) vmx Capability Found: cpuid.ibpb = 1
2026-07-26T02:29:20.581Z In(05) vmx Capability Found: hv.capable = 1
2026-07-26T02:29:20.581Z In(05) vmx Capability Found: vt.realmode = 1
2026-07-26T02:29:20.581Z In(05) vmx Capability Found: misc.cpuidfaulting = 1
2026-07-26T02:29:20.581Z In(05) vmx Capability Found: vt.eptad = 1
2026-07-26T02:29:20.581Z In(05) vmx Capability Found: vt.ple = 1
2026-07-26T02:29:20.581Z In(05) vmx Capability Found: vpmc.microarchitecture.haswell = 1
2026-07-26T02:29:20.581Z In(05) vmx Capability Found: vpmc.numgenctrs = 4
2026-07-26T02:29:20.581Z In(05) vmx Capability Found: vpmc.numfixedctrs = 3
2026-07-26T02:29:20.581Z In(05) vmx Capability Found: vpmc.genwidth = 0x30
2026-07-26T02:29:20.581Z In(05) vmx Capability Found: vpmc.fixedwidth = 0x30
2026-07-26T02:29:20.581Z In(05) vmx Capability Found: vpmc.version = 3
2026-07-26T02:29:20.581Z In(05) vmx Capability Found: vpmc.genctr.0 = 1
2026-07-26T02:29:20.581Z In(05) vmx Capability Found: vpmc.genctr.1 = 1
2026-07-26T02:29:20.581Z In(05) vmx Capability Found: vpmc.genctr.2 = 1
2026-07-26T02:29:20.581Z In(05) vmx Capability Found: vpmc.genctr.3 = 1
2026-07-26T02:29:20.581Z In(05) vmx Capability Found: svga0*svga.supports3d = 1
2026-07-26T02:29:20.581Z In(05) vmx Capability Found: svga0*svga.basecapslevel = 9
2026-07-26T02:29:20.581Z In(05) vmx Capability Found: svga0*svga.maxpointsize = 1
2026-07-26T02:29:20.581Z In(05) vmx Capability Found: svga0*svga.maxtexturesize = 0x4000
2026-07-26T02:29:20.581Z In(05) vmx Capability Found: svga0*svga.maxvolumeextent = 0x800
2026-07-26T02:29:20.581Z In(05) vmx Capability Found: svga0*svga.maxtextureanisotropy = 0x10
2026-07-26T02:29:20.581Z In(05) vmx Capability Found: svga0*svga.dxmaxconstantbuffers = 0xe
2026-07-26T02:29:20.581Z In(05) vmx Capability Found: svga0*svga.sm41 = 1
2026-07-26T02:29:20.581Z In(05) vmx Capability Found: svga0*svga.multisample2x = 1
2026-07-26T02:29:20.581Z In(05) vmx Capability Found: svga0*svga.multisample4x = 1
2026-07-26T02:29:20.581Z In(05) vmx Capability Found: svga0*svga.msfullquality = 1
2026-07-26T02:29:20.581Z In(05) vmx Capability Found: svga0*svga.logicops = 1
2026-07-26T02:29:20.581Z In(05) vmx Capability Found: svga0*svga.bc67 = 9
2026-07-26T02:29:20.581Z In(05) vmx Capability Found: svga0*svga.sm5 = 1
2026-07-26T02:29:20.581Z In(05) vmx Capability Found: svga0*svga.multisample8x = 1
2026-07-26T02:29:20.581Z In(05) vmx Capability Found: svga0*svga.logicblendops = 1
2026-07-26T02:29:20.581Z In(05) vmx Capability Found: svga0*svga.maxforcedsamplecount = 0x10
2026-07-26T02:29:20.581Z In(05) vmx FeatureCompat: Requirements:
2026-07-26T02:29:20.581Z In(05) vmx VM Features Required: cpuid.sse3 - Bool:Min:1
2026-07-26T02:29:20.581Z In(05) vmx VM Features Required: cpuid.pclmulqdq - Bool:Min:1
2026-07-26T02:29:20.581Z In(05) vmx VM Features Required: cpuid.ssse3 - Bool:Min:1
2026-07-26T02:29:20.582Z In(05) vmx VM Features Required: cpuid.fma - Bool:Min:1
2026-07-26T02:29:20.582Z In(05) vmx VM Features Required: cpuid.cmpxchg16b - Bool:Min:1
2026-07-26T02:29:20.582Z In(05) vmx VM Features Required: cpuid.pcid - Bool:Min:1
2026-07-26T02:29:20.582Z In(05) vmx VM Features Required: cpuid.sse41 - Bool:Min:1
2026-07-26T02:29:20.582Z In(05) vmx VM Features Required: cpuid.sse42 - Bool:Min:1
2026-07-26T02:29:20.582Z In(05) vmx VM Features Required: cpuid.movbe - Bool:Min:1
2026-07-26T02:29:20.582Z In(05) vmx VM Features Required: cpuid.popcnt - Bool:Min:1
2026-07-26T02:29:20.582Z In(05) vmx VM Features Required: cpuid.aes - Bool:Min:1
2026-07-26T02:29:20.582Z In(05) vmx VM Features Required: cpuid.xsave - Bool:Min:1
2026-07-26T02:29:20.582Z In(05) vmx VM Features Required: cpuid.avx - Bool:Min:1
2026-07-26T02:29:20.582Z In(05) vmx VM Features Required: cpuid.f16c - Bool:Min:1
2026-07-26T02:29:20.582Z In(05) vmx VM Features Required: cpuid.rdrand - Bool:Min:1
2026-07-26T02:29:20.582Z In(05) vmx VM Features Required: cpuid.ss - Bool:Min:1
2026-07-26T02:29:20.582Z In(05) vmx VM Features Required: cpuid.fsgsbase - Bool:Min:1
2026-07-26T02:29:20.582Z In(05) vmx VM Features Required: cpuid.bmi1 - Bool:Min:1
2026-07-26T02:29:20.582Z In(05) vmx VM Features Required: cpuid.avx2 - Bool:Min:1
2026-07-26T02:29:20.582Z In(05) vmx VM Features Required: cpuid.smep - Bool:Min:1
2026-07-26T02:29:20.582Z In(05) vmx VM Features Required: cpuid.bmi2 - Bool:Min:1
2026-07-26T02:29:20.582Z In(05) vmx VM Features Required: cpuid.enfstrg - Bool:Min:1
2026-07-26T02:29:20.582Z In(05) vmx VM Features Required: cpuid.invpcid - Bool:Min:1
2026-07-26T02:29:20.582Z In(05) vmx VM Features Required: cpuid.mdclear - Bool:Min:1
2026-07-26T02:29:20.582Z In(05) vmx VM Features Required: cpuid.stibp - Bool:Min:1
2026-07-26T02:29:20.582Z In(05) vmx VM Features Required: cpuid.fcmd - Bool:Min:1
2026-07-26T02:29:20.582Z In(05) vmx VM Features Required: cpuid.ssbd - Bool:Min:1
2026-07-26T02:29:20.582Z In(05) vmx VM Features Required: cpuid.xcr0_master_sse - Bool:Min:1
2026-07-26T02:29:20.582Z In(05) vmx VM Features Required: cpuid.xcr0_master_ymm_h - Bool:Min:1
2026-07-26T02:29:20.582Z In(05) vmx VM Features Required: cpuid.xsaveopt - Bool:Min:1
2026-07-26T02:29:20.582Z In(05) vmx VM Features Required: cpuid.lahf64 - Bool:Min:1
2026-07-26T02:29:20.582Z In(05) vmx VM Features Required: cpuid.abm - Bool:Min:1
2026-07-26T02:29:20.582Z In(05) vmx VM Features Required: cpuid.nx - Bool:Min:1
2026-07-26T02:29:20.582Z In(05) vmx VM Features Required: cpuid.pdpe1gb - Bool:Min:1
2026-07-26T02:29:20.582Z In(05) vmx VM Features Required: cpuid.rdtscp - Bool:Min:1
2026-07-26T02:29:20.582Z In(05) vmx VM Features Required: cpuid.lm - Bool:Min:1
2026-07-26T02:29:20.582Z In(05) vmx VM Features Required: cpuid.intel - Bool:Min:1
2026-07-26T02:29:20.582Z In(05) vmx VM Features Required: cpuid.ibrs - Bool:Min:1
2026-07-26T02:29:20.582Z In(05) vmx VM Features Required: cpuid.ibpb - Bool:Min:1
2026-07-26T02:29:20.582Z In(05) vmx VM Features Required: svga*svga.supports3d - Bool:Min:1
2026-07-26T02:29:20.582Z In(05) vmx VM Features Required: svga*svga.basecapslevel - Num:Min:9
2026-07-26T02:29:20.582Z In(05) vmx VM Features Required: svga*svga.maxpointsize - Num:Min:1
2026-07-26T02:29:20.582Z In(05) vmx VM Features Required: svga*svga.maxtexturesize - Num:Min:0x4000
2026-07-26T02:29:20.582Z In(05) vmx VM Features Required: svga*svga.maxvolumeextent - Num:Min:0x800
2026-07-26T02:29:20.582Z In(05) vmx VM Features Required: svga*svga.maxtextureanisotropy - Num:Min:0x10
2026-07-26T02:29:20.582Z In(05) vmx VM Features Required: svga*svga.dxmaxconstantbuffers - Num:Min:0xe
2026-07-26T02:29:20.582Z In(05) vmx VM Features Required: svga*svga.sm41 - Bool:Min:1
2026-07-26T02:29:20.582Z In(05) vmx VM Features Required: svga*svga.multisample2x - Bool:Min:1
2026-07-26T02:29:20.582Z In(05) vmx VM Features Required: svga*svga.multisample4x - Bool:Min:1
2026-07-26T02:29:20.582Z In(05) vmx VM Features Required: svga*svga.msfullquality - Bool:Min:1
2026-07-26T02:29:20.582Z In(05) vmx VM Features Required: svga*svga.logicops - Bool:Min:1
2026-07-26T02:29:20.582Z In(05) vmx VM Features Required: svga*svga.bc67 - Num:Min:9
2026-07-26T02:29:20.583Z In(05) vmx VM Features Required: svga*svga.sm5 - Bool:Min:1
2026-07-26T02:29:20.583Z In(05) vmx VM Features Required: svga*svga.multisample8x - Bool:Min:1
2026-07-26T02:29:20.583Z In(05) vmx VM Features Required: svga*svga.logicblendops - Bool:Min:1
2026-07-26T02:29:20.583Z In(05) vmx VM Features Required: svga*svga.maxforcedsamplecount - Num:Min:0x10
2026-07-26T02:29:20.585Z In(05) vmx TOOLS received request in VMX to set option 'enableDnD' -> '1'
2026-07-26T02:29:20.586Z In(05) vmx 
2026-07-26T02:29:20.586Z In(05)+ vmx OvhdMem: Static (Power On) Overheads
2026-07-26T02:29:20.586Z In(05) vmx                                                       reserved      |          used
2026-07-26T02:29:20.586Z In(05) vmx OvhdMem excluded                                  cur    max    avg |    cur    max    avg
2026-07-26T02:29:20.586Z In(05) vmx OvhdMem OvhdUser_MainMem                    :  2097152 2097152      - |      0      0      -
2026-07-26T02:29:20.586Z In(05) vmx OvhdMem OvhdUser_VmxText                    :    7936   7936      - |      0      0      -
2026-07-26T02:29:20.586Z In(05) vmx OvhdMem OvhdUser_VmxTextLibs                :   17408  17408      - |      0      0      -
2026-07-26T02:29:20.586Z In(05) vmx OvhdMem Total excluded                      :  2122496 2122496      - |      -      -      -
2026-07-26T02:29:20.586Z In(05) vmx OvhdMem Actual maximum                      :         2122496        |             -
2026-07-26T02:29:20.586Z In(05)+ vmx 
2026-07-26T02:29:20.586Z In(05) vmx                                                       reserved      |          used
2026-07-26T02:29:20.586Z In(05) vmx OvhdMem paged                                     cur    max    avg |    cur    max    avg
2026-07-26T02:29:20.586Z In(05) vmx OvhdMem OvhdUser_STATS_vmm                  :       8      8      - |      0      0      -
2026-07-26T02:29:20.586Z In(05) vmx OvhdMem OvhdUser_STATS_device               :       4      4      - |      0      0      -
2026-07-26T02:29:20.586Z In(05) vmx OvhdMem OvhdUser_SvgaMobFallback            :  1048576 1048576      - |      0      0      -
2026-07-26T02:29:20.586Z In(05) vmx OvhdMem OvhdUser_DiskLibMemUsed             :    3075   3075      - |      0      0      -
2026-07-26T02:29:20.586Z In(05) vmx OvhdMem OvhdUser_SvgaSurfaceTable           :    2944   2944      - |    385    385      -
2026-07-26T02:29:20.586Z In(05) vmx OvhdMem OvhdUser_SvgaSDirtyCache            :      96     96      - |      0      0      -
2026-07-26T02:29:20.587Z In(05) vmx OvhdMem OvhdUser_SvgaShaderTable            :    1000   1000      - |    193    193      -
2026-07-26T02:29:20.587Z In(05) vmx OvhdMem OvhdUser_SvgaShaderText             :    2304   2304      - |      0      0      -
2026-07-26T02:29:20.587Z In(05) vmx OvhdMem OvhdUser_SvgaContextCache           :    1405   1405      - |      0      0      -
2026-07-26T02:29:20.587Z In(05) vmx OvhdMem OvhdUser_SvgaDXRTViewTable          :      31     31      - |      0      0      -
2026-07-26T02:29:20.587Z In(05) vmx OvhdMem OvhdUser_SvgaDXDSViewTable          :      16     16      - |      0      0      -
2026-07-26T02:29:20.587Z In(05) vmx OvhdMem OvhdUser_SvgaDXSRViewTable          :    1021   1021      - |    193    193      -
2026-07-26T02:29:20.587Z In(05) vmx OvhdMem OvhdUser_SvgaDXUAViewTable          :      70     70      - |      0      0      -
2026-07-26T02:29:20.587Z In(05) vmx OvhdMem OvhdUser_SvgaDXBlendStateTable      :      31     31      - |      0      0      -
2026-07-26T02:29:20.587Z In(05) vmx OvhdMem OvhdUser_SvgaDXElementLayoutTable   :     199    199      - |      0      0      -
2026-07-26T02:29:20.587Z In(05) vmx OvhdMem OvhdUser_SvgaDXDepthStencilTable    :      19     19      - |      0      0      -
2026-07-26T02:29:20.587Z In(05) vmx OvhdMem OvhdUser_SvgaDXRasterizerStateTable :      19     19      - |      0      0      -
2026-07-26T02:29:20.587Z In(05) vmx OvhdMem OvhdUser_SvgaDXSamplerTable         :     141    141      - |      0      0      -
2026-07-26T02:29:20.587Z In(05) vmx OvhdMem OvhdUser_SvgaDXContextTable         :    1472   1472      - |      0      0      -
2026-07-26T02:29:20.587Z In(05) vmx OvhdMem OvhdUser_SvgaDXShaderTable          :     241    241      - |      0      0      -
2026-07-26T02:29:20.587Z In(05) vmx OvhdMem OvhdUser_SvgaDXShaderText           :    4352   4352      - |      0      0      -
2026-07-26T02:29:20.587Z In(05) vmx OvhdMem OvhdUser_SvgaDXStreamOutTable       :     516    516      - |      0      0      -
2026-07-26T02:29:20.587Z In(05) vmx OvhdMem OvhdUser_SvgaDXQueryTable           :     132    132      - |      0      0      -
2026-07-26T02:29:20.587Z In(05) vmx OvhdMem OvhdUser_SvgaVAProcessorTable       :       1      1      - |      0      0      -
2026-07-26T02:29:20.587Z In(05) vmx OvhdMem OvhdUser_SvgaVADecoderTable         :       1      1      - |      0      0      -
2026-07-26T02:29:20.587Z In(05) vmx OvhdMem OvhdUser_SvgaCursor                 :      10     10      - |     10     10      -
2026-07-26T02:29:20.587Z In(05) vmx OvhdMem OvhdUser_SvgaPPNList                :    1026   1026      - |      0      0      -
2026-07-26T02:29:20.587Z In(05) vmx OvhdMem OvhdUser_VmxGlobals                 :   10240  10240      - |      0      0      -
2026-07-26T02:29:20.587Z In(05) vmx OvhdMem OvhdUser_VmxGlobalsLibs             :    3584   3584      - |      0      0      -
2026-07-26T02:29:20.587Z In(05) vmx OvhdMem OvhdUser_VmxHeap                    :   10752  10752      - |      0      0      -
2026-07-26T02:29:20.587Z In(05) vmx OvhdMem OvhdUser_VmxMks                     :      49     49      - |      0      0      -
2026-07-26T02:29:20.587Z In(05) vmx OvhdMem OvhdUser_VmxMksRenderOps            :    3494   3494      - |   2540   2540      -
2026-07-26T02:29:20.587Z In(05) vmx OvhdMem OvhdUser_VmxMks3d                   :  2711552 2711552      - |      0      0      -
2026-07-26T02:29:20.587Z In(05) vmx OvhdMem OvhdUser_VmxMksLLVM                 :   12288  12288      - |      0      0      -
2026-07-26T02:29:20.587Z In(05) vmx OvhdMem OvhdUser_VmxMksScreenTemp           :   69890  69890      - |      0      0      -
2026-07-26T02:29:20.587Z In(05) vmx OvhdMem OvhdUser_VmxMksVnc                  :   74936  74936      - |      0      0      -
2026-07-26T02:29:20.587Z In(05) vmx OvhdMem OvhdUser_VmxMksScreen               :  131075 131075      - |      0      0      -
2026-07-26T02:29:20.587Z In(05) vmx OvhdMem OvhdUser_VmxMksSVGAVO               :    4096   4096      - |      0      0      -
2026-07-26T02:29:20.587Z In(05) vmx OvhdMem OvhdUser_VmxMksSwbCursor            :    4096   4096      - |      0      0      -
2026-07-26T02:29:20.587Z In(05) vmx OvhdMem OvhdUser_VmxPhysMemErrPages         :      10     10      - |      0      0      -
2026-07-26T02:29:20.587Z In(05) vmx OvhdMem OvhdUser_VmxSLEntryBuf              :     128    128      - |      0      0      -
2026-07-26T02:29:20.587Z In(05) vmx OvhdMem OvhdUser_VmxThreads                 :   37888  37888      - |      0      0      -
2026-07-26T02:29:20.587Z In(05) vmx OvhdMem Total paged                         :  4142788 4142788      - |   3321   3321      -
2026-07-26T02:29:20.587Z In(05) vmx OvhdMem Actual maximum                      :         4142788        |        4142788
2026-07-26T02:29:20.587Z In(05)+ vmx 
2026-07-26T02:29:20.587Z In(05) vmx                                                       reserved      |          used
2026-07-26T02:29:20.587Z In(05) vmx OvhdMem nonpaged                                  cur    max    avg |    cur    max    avg
2026-07-26T02:29:20.587Z In(05) vmx OvhdMem OvhdUser_SharedArea                 :     175    175      - |    157    157      -
2026-07-26T02:29:20.587Z In(05) vmx OvhdMem OvhdUser_BusMemTraceBitmap          :      69     69      - |      0      0      -
2026-07-26T02:29:20.587Z In(05) vmx OvhdMem OvhdUser_PFrame                     :    4285   5314      - |   4285   4285      -
2026-07-26T02:29:20.587Z In(05) vmx OvhdMem OvhdUser_VIDE_KSEG                  :      16     16      - |     16     16      -
2026-07-26T02:29:20.587Z In(05) vmx OvhdMem OvhdUser_VGA                        :      64     64      - |     64     64      -
2026-07-26T02:29:20.587Z In(05) vmx OvhdMem OvhdUser_BalloonMPN                 :       1      1      - |      1      1      -
2026-07-26T02:29:20.587Z In(05) vmx OvhdMem OvhdUser_P2MUpdateBuffer            :       3      3      - |      0      0      -
2026-07-26T02:29:20.587Z In(05) vmx OvhdMem OvhdUser_ServicesMPN                :       3      3      - |      2      2      -
2026-07-26T02:29:20.587Z In(05) vmx OvhdMem OvhdUser_LocalApic                  :       4      4      - |      4      4      -
2026-07-26T02:29:20.587Z In(05) vmx OvhdMem OvhdUser_VBIOS                      :       8      8      - |      0      0      -
2026-07-26T02:29:20.587Z In(05) vmx OvhdMem OvhdUser_LSIBIOS                    :       4      4      - |      0      0      -
2026-07-26T02:29:20.587Z In(05) vmx OvhdMem OvhdUser_LSIRings                   :       4      4      - |      0      0      -
2026-07-26T02:29:20.587Z In(05) vmx OvhdMem OvhdUser_SAS1068BIOS                :       4      4      - |      0      0      -
2026-07-26T02:29:20.587Z In(05) vmx OvhdMem OvhdUser_SBIOS                      :      16     16      - |      0      0      -
2026-07-26T02:29:20.587Z In(05) vmx OvhdMem OvhdUser_AHCIBIOS                   :      16     16      - |      0      0      -
2026-07-26T02:29:20.587Z In(05) vmx OvhdMem OvhdUser_AHCIREGS                   :       1      1      - |      1      1      -
2026-07-26T02:29:20.587Z In(05) vmx OvhdMem OvhdUser_FlashRam                   :     128    128      - |      0      0      -
2026-07-26T02:29:20.587Z In(05) vmx OvhdMem OvhdUser_SMM                        :      63     63      - |      0      0      -
2026-07-26T02:29:20.587Z In(05) vmx OvhdMem OvhdUser_SVGAFB                     :    1024   1024      - |      0      0      -
2026-07-26T02:29:20.587Z In(05) vmx OvhdMem OvhdUser_SVGAMEM                    :      64    512      - |      0      0      -
2026-07-26T02:29:20.587Z In(05) vmx OvhdMem OvhdUser_HDAudioReg                 :       3      3      - |      0      0      -
2026-07-26T02:29:20.588Z In(05) vmx OvhdMem OvhdUser_EHCIRegister               :       1      1      - |      1      1      -
2026-07-26T02:29:20.588Z In(05) vmx OvhdMem OvhdUser_XhciRegister               :       1      1      - |      0      0      -
2026-07-26T02:29:20.588Z In(05) vmx OvhdMem OvhdUser_HyperV                     :       2      2      - |      0      0      -
2026-07-26T02:29:20.588Z In(05) vmx OvhdMem OvhdUser_ExtCfg                     :       4      4      - |      0      0      -
2026-07-26T02:29:20.588Z In(05) vmx OvhdMem OvhdUser_vhvCachedVMCS              :       4      4      - |      0      0      -
2026-07-26T02:29:20.588Z In(05) vmx OvhdMem OvhdUser_vhvNestedAPIC              :       4      4      - |      0      0      -
2026-07-26T02:29:20.588Z In(05) vmx OvhdMem OvhdUser_LBR                        :       4      4      - |      0      0      -
2026-07-26T02:29:20.588Z In(05) vmx OvhdMem OvhdUser_MonWired                   :      89     89      - |     89     89      -
2026-07-26T02:29:20.588Z In(05) vmx OvhdMem OvhdUser_MonNuma                    :     395    395      - |      0      0      -
2026-07-26T02:29:20.588Z In(05) vmx OvhdMem OvhdUser_NVDC                       :       1      1      - |      0      0      -
2026-07-26T02:29:20.588Z In(05) vmx OvhdMem OvhdUser_PCIeMMIOArea               :      70     70      - |     37     37      -
2026-07-26T02:29:20.588Z In(05) vmx OvhdMem Total nonpaged                      :    6530   8007      - |   4657   4657      -
2026-07-26T02:29:20.588Z In(05) vmx OvhdMem Actual maximum                      :           6530        |          8007
2026-07-26T02:29:20.588Z In(05)+ vmx 
2026-07-26T02:29:20.588Z In(05) vmx                                                       reserved      |          used
2026-07-26T02:29:20.588Z In(05) vmx OvhdMem anonymous                                 cur    max    avg |    cur    max    avg
2026-07-26T02:29:20.588Z In(05) vmx OvhdMem OvhdMon_Alloc                       :     392    392      - |      0      0      -
2026-07-26T02:29:20.588Z In(05) vmx OvhdMem OvhdMon_BusMemFrame                 :    2114   2171      - |      0      0      -
2026-07-26T02:29:20.588Z In(05) vmx OvhdMem OvhdMon_BusMem2MInfo                :      32     32      - |      0      0      -
2026-07-26T02:29:20.588Z In(05) vmx OvhdMem OvhdMon_BusMem1GInfo                :       1      1      - |      0      0      -
2026-07-26T02:29:20.588Z In(05) vmx OvhdMem OvhdMon_BusMemZapListMPN            :       1      1      - |      0      0      -
2026-07-26T02:29:20.588Z In(05) vmx OvhdMem OvhdMon_BusMemPreval                :      16     16      - |      0      0      -
2026-07-26T02:29:20.588Z In(05) vmx OvhdMem OvhdMon_MonAS                       :       4      4      - |      0      0      -
2026-07-26T02:29:20.588Z In(05) vmx OvhdMem OvhdMon_GuestMem                    :     160    160      - |      0      0      -
2026-07-26T02:29:20.588Z In(05) vmx OvhdMem OvhdMon_TC                          :    2052   2052      - |      0      0      -
2026-07-26T02:29:20.588Z In(05) vmx OvhdMem OvhdMon_BusMemMonAS                 :       8      8      - |      0      0      -
2026-07-26T02:29:20.588Z In(05) vmx OvhdMem OvhdMon_PlatformMonAS               :      13     13      - |      0      0      -
2026-07-26T02:29:20.588Z In(05) vmx OvhdMem OvhdMon_HVNuma                      :       8      8      - |      0      0      -
2026-07-26T02:29:20.588Z In(05) vmx OvhdMem OvhdMon_HV                          :       4      4      - |      0      0      -
2026-07-26T02:29:20.588Z In(05) vmx OvhdMem OvhdMon_HVMSRBitmap                 :       1      1      - |      0      0      -
2026-07-26T02:29:20.588Z In(05) vmx OvhdMem OvhdMon_VHVGuestMSRBitmap           :       4      4      - |      0      0      -
2026-07-26T02:29:20.588Z In(05) vmx OvhdMem OvhdMon_VHV                         :      12     12      - |      0      0      -
2026-07-26T02:29:20.588Z In(05) vmx OvhdMem OvhdMon_Numa                        :      42     42      - |      0      0      -
2026-07-26T02:29:20.588Z In(05) vmx OvhdMem OvhdMon_NumaTextRodata              :     199    199      - |      0      0      -
2026-07-26T02:29:20.588Z In(05) vmx OvhdMem OvhdMon_NumaDataBss                 :     196    196      - |      0      0      -
2026-07-26T02:29:20.588Z In(05) vmx OvhdMem OvhdMon_BaseWired                   :     116    116      - |      0      0      -
2026-07-26T02:29:20.588Z In(05) vmx OvhdMem OvhdMon_Bootstrap                   :    2303   2303      - |      0      0      -
2026-07-26T02:29:20.588Z In(05) vmx OvhdMem OvhdMon_GPhysTraced                 :     877    877      - |      0      0      -
2026-07-26T02:29:20.588Z In(05) vmx OvhdMem OvhdMon_GPhysHWMMU                  :    4370   4370      - |      0      0      -
2026-07-26T02:29:20.588Z In(05) vmx OvhdMem OvhdMon_GPhysNoTrace                :     270    270      - |      0      0      -
2026-07-26T02:29:20.588Z In(05) vmx OvhdMem OvhdMon_PhysMemGart                 :     104    104      - |      0      0      -
2026-07-26T02:29:20.588Z In(05) vmx OvhdMem OvhdMon_PhysMemErr                  :       9      9      - |      0      0      -
2026-07-26T02:29:20.589Z In(05) vmx OvhdMem OvhdMon_VProbe                      :       1      1      - |      0      0      -
2026-07-26T02:29:20.589Z In(05) vmx OvhdMem Total anonymous                     :   13309  13366      - |      0      0      -
2026-07-26T02:29:20.589Z In(05) vmx OvhdMem Actual maximum                      :          13309        |         13366
2026-07-26T02:29:20.589Z In(05)+ vmx 
2026-07-26T02:29:20.589Z In(05) vmx VMMEM: Precise Reservation: 16260MB (MainMem=8192MB)
2026-07-26T02:29:20.589Z In(05) vmx Vix: [mainDispatch.c:1059]: VMAutomation_PowerOn. Powering on.
2026-07-26T02:29:20.590Z No(00) vmx PowerOnTiming: ALL took 3878368 us
2026-07-26T02:29:20.590Z In(05) vmx VMX_PowerOn: ModuleTable_PowerOn = 1
2026-07-26T02:29:20.590Z No(00) vmx ConfigDB: Setting cleanShutdown = "FALSE"
2026-07-26T02:29:20.590Z No(00) vmx ConfigDB: Setting softPowerOff = "FALSE"
2026-07-26T02:29:20.702Z In(05) vcpu-0 VTHREAD 34536 "vcpu-0"
2026-07-26T02:29:20.703Z In(05) vmx ToolsISO: Refreshing imageName for 'ubuntu-64' (refreshCount=1, lastCount=1).
2026-07-26T02:29:20.703Z In(05) vmx ToolsISO: open of C:\Program Files (x86)\VMware\VMware Workstation\isoimages_manifest.txt.sig failed: Could not find the file
2026-07-26T02:29:20.703Z In(05) vmx ToolsISO: Unable to read signature file 'C:\Program Files (x86)\VMware\VMware Workstation\isoimages_manifest.txt.sig', ignoring.
2026-07-26T02:29:20.704Z In(05) vmx ToolsISO: Updated cached value for imageName to 'linux.iso'.
2026-07-26T02:29:20.704Z In(05) vmx ToolsISO: Selected Tools ISO 'linux.iso' for 'ubuntu-64' guest.
2026-07-26T02:29:20.704Z In(05) vmx Win32U_GetFileAttributes: GetFileAttributesExW("C:\Program Files (x86)\VMware\VMware Workstation\linux.iso", ...) failed, error: 2
2026-07-26T02:29:20.704Z In(05) vmx TOOLS updated cached value for isoImageExists to 0.
2026-07-26T02:29:20.704Z In(05) vmx VMXVmdb_SetToolsVersionStatus: status value set to 'unmanaged', 'unmanaged', install impossible
2026-07-26T02:29:20.715Z In(05) vcpu-0 MonTimer APIC:0/0 vec: 0
2026-07-26T02:29:20.715Z In(05) vcpu-0 APIC: version = 0x15, max LVT = 6, LDR = 0x40000000, DFR = 0xffffffff
2026-07-26T02:29:20.716Z In(05) vcpu-0 Active HV capabilities
2026-07-26T02:29:20.716Z In(05) vcpu-0    Full decode
2026-07-26T02:29:20.716Z In(05) vcpu-0    Nested paging A/D bits
2026-07-26T02:29:20.716Z In(05) vcpu-0    Real-address mode
2026-07-26T02:29:20.716Z In(05) vcpu-0    Skip debug state
2026-07-26T02:29:20.716Z In(05) vcpu-0    X2APIC virtualization
2026-07-26T02:29:20.716Z In(05) vcpu-0    PAUSE-loop exiting
2026-07-26T02:29:20.746Z In(05) vcpu-0 CPU reset: hard (mode Emulation)
2026-07-26T02:29:20.749Z In(05) vcpu-1 VTHREAD 43280 "vcpu-1"
2026-07-26T02:29:20.749Z In(05) vcpu-1 MonTimer APIC:0/0 vec: 0
2026-07-26T02:29:20.749Z In(05) vcpu-2 VTHREAD 40676 "vcpu-2"
2026-07-26T02:29:20.749Z In(05) vcpu-1 APIC: version = 0x15, max LVT = 6, LDR = 0x1000000, DFR = 0xffffffff
2026-07-26T02:29:20.749Z In(05) vcpu-3 VTHREAD 17068 "vcpu-3"
2026-07-26T02:29:20.749Z In(05) vcpu-2 MonTimer APIC:0/0 vec: 0
2026-07-26T02:29:20.749Z In(05) vcpu-2 APIC: version = 0x15, max LVT = 6, LDR = 0x20000000, DFR = 0xffffffff
2026-07-26T02:29:20.749Z In(05) vcpu-3 MonTimer APIC:0/0 vec: 0
2026-07-26T02:29:20.749Z In(05) vcpu-3 APIC: version = 0x15, max LVT = 6, LDR = 0x4000000, DFR = 0xffffffff
2026-07-26T02:29:20.749Z In(05) vcpu-1 CPU reset: hard (mode Emulation)
2026-07-26T02:29:20.750Z In(05) vcpu-2 CPU reset: hard (mode Emulation)
2026-07-26T02:29:20.750Z In(05) vcpu-3 CPU reset: hard (mode Emulation)
2026-07-26T02:29:20.750Z In(05) vcpu-0 GuestRpc: Successfully created RPCI listening socket.
2026-07-26T02:29:20.750Z In(05) vcpu-0 GuestRpc: Using vsocket for TCLO messaging is disabled.
2026-07-26T02:29:20.750Z In(05) svga MKSThread: SVGA thread is entering the main loop
2026-07-26T02:29:20.751Z No(00) vcpu-0 ConfigDB: Unsetting all entries with prefix "usb:0."
2026-07-26T02:29:20.851Z In(05) vcpu-0 USB: DevID(2000000400000000): Disconnecting device.
2026-07-26T02:29:20.851Z In(05) vcpu-0 USB: DevID(200000050e0f0003): Connecting device desc:name:VMware\ Virtual\ USB\ Mouse vid:0e0f pid:0003 speed:full family:hid deviceType:virtual-hid info:0000005 version:5.
2026-07-26T02:29:20.851Z No(00) vcpu-0 ConfigDB: Setting usb:0.present = "TRUE"
2026-07-26T02:29:20.851Z No(00) vcpu-0 ConfigDB: Setting usb:0.deviceType = "hid"
2026-07-26T02:29:20.851Z No(00) vcpu-0 ConfigDB: Setting usb:0.port = "0"
2026-07-26T02:29:20.851Z No(00) vcpu-0 ConfigDB: Setting usb:0.parent = "-1"
2026-07-26T02:29:20.935Z In(05) vcpu-0 memoryHotplug: Node 0: Present: 8191 MB (100 %) Size:131071 MB (100 %)
2026-07-26T02:29:20.935Z In(05) vcpu-0 PIIX4: PM Resuming from suspend type 0x0, chipset.onlineStandby 0
2026-07-26T02:29:21.402Z In(05) vcpu-0 SOUND 801.593654 ES1371Win32GetMixerCtl mixerGetLineInfo error 1024
2026-07-26T02:29:21.403Z In(05) vcpu-0 VNET: MACVNetConnectToNetwork 'Ethernet1' notify available.
2026-07-26T02:29:21.404Z In(05) vcpu-0 VNET: 'ethernet0' enable link state propagation, lsp.state = 5
2026-07-26T02:29:21.405Z In(05) vcpu-0 VNET: MACVNetConnectToNetwork 'ethernet0' lsp.state = 4
2026-07-26T02:29:21.405Z In(05) vcpu-0 VNET: MACVNetConnectToNetwork 'Ethernet0' notify available.
2026-07-26T02:29:21.405Z In(05) vcpu-0 CDROM: Connecting sata0:1 to 'C:\Users\User\Downloads\ubuntu-24.04.4-live-server-amd64.iso'. type=2 remote=0
2026-07-26T02:29:21.406Z In(05) vcpu-0 DMG_Open: Not an unencrypted .dmg file (footer signature 0x45464920).
2026-07-26T02:29:21.406Z In(05) vcpu-0 DMG_Close: max cached entries 8
2026-07-26T02:29:21.406Z In(05) vcpu-0 CDROM: Checking initial physical media state...
2026-07-26T02:29:21.406Z In(05) vcpu-0 CDROM:  initial physical CDROM state is 1 (sense)
2026-07-26T02:29:21.407Z In(05) vcpu-0 HGFSPublish: publishing 0 shares
2026-07-26T02:29:21.411Z In(05) vcpu-0 Win32U_GetFileAttributes: GetFileAttributesExW("C:\Users\User\Documents\Virtual Machines\Richard's Liver Server 1\Richard's Liver Server 1.vmpl", ...) failed, error: 2
2026-07-26T02:29:21.411Z In(05) vcpu-0 PolicyVMXFindPolicyKey: policy file does not exist.
2026-07-26T02:29:21.416Z In(05) vcpu-0 DEVSWAP: GuestOS does not require LSI adapter swap.
2026-07-26T02:29:21.416Z No(00) vcpu-0 Metrics lastUpdate (s): 797801
2026-07-26T02:29:21.416Z In(05) vcpu-0 Vix: [mainDispatch.c:4213]: VMAutomation_ReportPowerOpFinished: statevar=0, newAppState=1872, success=1 additionalError=0
2026-07-26T02:29:21.416Z In(05) vcpu-0 Vix: [mainDispatch.c:4130]: VMAutomationReportPowerStateChange: Reporting power state change (opcode=0, err=0).
2026-07-26T02:29:21.416Z In(05) vcpu-0 Vix: [mainDispatch.c:4130]: VMAutomationReportPowerStateChange: Reporting power state change (opcode=2, err=0).
2026-07-26T02:29:21.417Z In(05) vcpu-0 Transitioned vmx/execState/val to poweredOn
2026-07-26T02:29:21.417Z In(05) vcpu-0 Tools: Adding Tools inactivity timer.
2026-07-26T02:29:21.417Z In(05) vcpu-0 Intel VT: FlexPriority disabled, VPID enabled.
2026-07-26T02:29:21.419Z In(05) vmx USB: New set of 4 USB devices.
2026-07-26T02:29:21.419Z In(05) vmx USB: Found device [name:Intel(R)\ Wireless\ Bluetooth(R) vid:8087 pid:07dc path:1/0/7 speed:full family:wireless,bluetooth instanceId:USB\\VID_8087&PID_07DC\\5&8F97EA0&0&8 arbRuntimeKey:7 version:5]
2026-07-26T02:29:21.419Z In(05) vmx USB: Found device [name:Sierra\ Wireless\ EM7305 vid:1199 pid:9041 path:1/0/10 speed:high family:vendor,comm instanceId:USB\\VID_1199&PID_9041\\5&8F97EA0&0&11 arbRuntimeKey:3 version:5]
2026-07-26T02:29:21.419Z In(05) vmx USB: Found device [name:Chicony\ FJ\ Camera vid:04f2 pid:b3b4 path:1/0/11 speed:high family:video instanceId:USB\\VID_04F2&PID_B3B4\\0X0001 serialnum:0X0001 arbRuntimeKey:4 version:5]
2026-07-26T02:29:21.419Z In(05) vmx USB: Found device [name:O2\ Micro\ O2Micro\ CCID\ SC\ Reader vid:0b97 pid:7772 path:1/0/4/1 speed:full family:smart-card instanceId:USB\\VID_0B97&PID_7772\\6&19995A7D&0&2 arbRuntimeKey:1 quirks:skip-setconfig,skip-reset,pause-pm-policy version:5]
2026-07-26T02:29:21.421Z In(05) vmx USB: New set of 5 USB devices.
2026-07-26T02:29:21.421Z In(05) vmx USB: Found device [name:Intel(R)\ Wireless\ Bluetooth(R) vid:8087 pid:07dc path:1/0/7 speed:full family:wireless,bluetooth instanceId:USB\\VID_8087&PID_07DC\\5&8F97EA0&0&8 arbRuntimeKey:7 version:5]
2026-07-26T02:29:21.422Z In(05) vmx USB: Found device [name:Sierra\ Wireless\ EM7305 vid:1199 pid:9041 path:1/0/10 speed:high family:vendor,comm instanceId:USB\\VID_1199&PID_9041\\5&8F97EA0&0&11 arbRuntimeKey:3 version:5]
2026-07-26T02:29:21.422Z In(05) vmx USB: Found device [name:Chicony\ FJ\ Camera vid:04f2 pid:b3b4 path:1/0/11 speed:high family:video instanceId:USB\\VID_04F2&PID_B3B4\\0X0001 serialnum:0X0001 arbRuntimeKey:4 version:5]
2026-07-26T02:29:21.422Z In(05) vmx USB: Found device [name:O2\ Micro\ O2Micro\ CCID\ SC\ Reader vid:0b97 pid:7772 path:1/0/4/1 speed:full family:smart-card instanceId:USB\\VID_0B97&PID_7772\\6&19995A7D&0&2 arbRuntimeKey:1 quirks:skip-setconfig,skip-reset,pause-pm-policy version:5]
2026-07-26T02:29:21.422Z In(05) vmx USB: Found device [name:Shared\ O2Micro\ CCID\ SC\ Reader\ 0 vid:0e0f pid:0004 speed:full family:smart-card deviceType:virtual-smartcard version:5]
2026-07-26T02:29:21.428Z In(05) vmx VNET: MACVNetLinkStateEventHandler: event, up:1, adapter:0
2026-07-26T02:29:21.428Z In(05) vmx VNET: MACVNetLinkStateEventHandler: 'ethernet0' state from 4 to 6.
2026-07-26T02:29:21.495Z In(05) mks MKSControlMgr: connected
2026-07-26T02:29:21.496Z In(05) mks SWBWindow: Number of MKSWindows changed: 1 rendering MKSWindow(s) of total 1.
2026-07-26T02:29:21.496Z In(05) mks SWBWindow: Window 0 Defined: src screenId=-1, src xywh(0, 0, 1280, 800) dest xywh(0, 0, 1280, 800) pixelScale=1, flags=0x7
2026-07-26T02:29:21.496Z In(05) mks MKS-HWinMux: Backend Switch Queued
2026-07-26T02:29:21.496Z In(05) mks SWBWindow: Number of MKSWindows changed: 1 rendering MKSWindow(s) of total 2.
2026-07-26T02:29:21.496Z In(05) mks SWBWindow: Window 1 Defined: src screenId=-1, src xywh(0, 0, 1280, 800) dest xywh(0, 0, 1280, 800) pixelScale=1, flags=0x8
2026-07-26T02:29:21.496Z In(05) mks MKS-HWinMux: Backend Switch Queued
2026-07-26T02:29:21.540Z In(05) mks DXGIPresentation: Enumerating adapter 0
2026-07-26T02:29:21.540Z In(05) mks DXGIPresentation: `NVIDIA Quadro K1100M` vendor=0x10de device=0x0ff6 revision=161
2026-07-26T02:29:21.540Z In(05) mks DXGIPresentation: video=2009MB system=0MB shared=8132MB
2026-07-26T02:29:21.676Z In(05) mks DXGIPresentation: LOCAL     budget  1708M usage     0M avail   904M res     0M
2026-07-26T02:29:21.676Z In(05) mks DXGIPresentation: NON-LOCAL budget  7470M usage     0M avail  3863M res     0M
2026-07-26T02:29:21.676Z Wa(03) mks DXGIPresentation: Adapter LUID does not match renderer
2026-07-26T02:29:21.676Z In(05) mks DXGIPresentation: Enumerating adapter 1
2026-07-26T02:29:21.676Z In(05) mks DXGIPresentation: `Intel(R) HD Graphics 4600` vendor=0x8086 device=0x0416 revision=6
2026-07-26T02:29:21.676Z In(05) mks DXGIPresentation: video=112MB system=0MB shared=2048MB
2026-07-26T02:29:21.676Z In(05) mks DXGIPresentation: LOCAL     budget  2048M usage     0M avail  2048M res     0M
2026-07-26T02:29:21.676Z In(05) mks DXGIPresentation: NON-LOCAL budget     0M usage     0M avail     0M res     0M
2026-07-26T02:29:21.735Z In(05) mks DXGIPresentation: Using device unknown; adapter `Intel(R) HD Graphics 4600`
2026-07-26T02:29:21.735Z In(05) mks DXGIPresentation: Enumerating adapter 2
2026-07-26T02:29:21.735Z In(05) mks DXGIPresentation: `Microsoft Basic Render Driver` vendor=0x1414 device=0x008c revision=0
2026-07-26T02:29:21.735Z In(05) mks DXGIPresentation: video=0MB system=0MB shared=8132MB
2026-07-26T02:29:21.735Z In(05) mks DXGIPresentation: LOCAL     budget  7470M usage     0M avail  3863M res     0M
2026-07-26T02:29:21.735Z In(05) mks DXGIPresentation: NON-LOCAL budget     0M usage     0M avail     0M res     0M
2026-07-26T02:29:21.808Z In(05) mks MKS-HWinMux: Started DXGI presentation backend.
2026-07-26T02:29:21.808Z In(05) svga SWBScreen: Screen 0 Defined: xywh(0, 0, 640, 480) flags=0x3
2026-07-26T02:29:21.814Z In(05) mks SWBWindow: Window #0 validation failed: no valid host window or host surface.
2026-07-26T02:29:21.814Z In(05) mks SWBVmdb: Destroy SWB Window Id #0 because an invalid MKSWindow definition is received from UI over VMDB.
2026-07-26T02:29:21.815Z In(05) mks SWBWindow: Window 0 Destroyed: src screenId=-1, src xywh(0, 0, 1280, 800) dest xywh(0, 0, 1280, 800) pixelScale=1, flags=0x7
2026-07-26T02:29:21.816Z In(05) mks SWBWindow: Number of MKSWindows changed: 0 rendering MKSWindow(s) of total 1.
2026-07-26T02:29:21.816Z In(05) mks MKS-VMDB: VMDB requested a screenshot
2026-07-26T02:29:21.816Z In(05) svga MKSScreenShotMgr: Taking a screenshot
2026-07-26T02:29:21.877Z In(05) mks SWBWindow: Number of MKSWindows changed: 1 rendering MKSWindow(s) of total 2.
2026-07-26T02:29:21.877Z In(05) mks SWBWindow: Window 0 Defined: src screenId=-1, src xywh(0, 0, 640, 480) dest xywh(0, 0, 640, 480) pixelScale=1, flags=0x7
2026-07-26T02:29:21.950Z In(05) vmx VNET: MACVNetLinkStateTimerHandler: 'ethernet0' state from 6 to 1.
2026-07-26T02:29:22.166Z In(05) vcpu-0 SVGA: Registering MemSpace at 0xe8000000(0x0) and 0xfe000000(0x0)
2026-07-26T02:29:22.166Z In(05) vcpu-0 SVGA: FIFO is already mapped
2026-07-26T02:29:22.181Z In(05) vcpu-0 SVGA: Unregistering MemSpace at 0xe8000000(0xe8000000) and 0xfe000000(0xfe000000)
2026-07-26T02:29:22.181Z In(05) vcpu-0 SVGA: FIFO is already mapped
2026-07-26T02:29:22.876Z In(05) vcpu-0 SVGA: Registering MemSpace at 0xe8000000(0xe8000000) and 0xfe000000(0xfe000000)
2026-07-26T02:29:22.877Z In(05) vcpu-0 SVGA: FIFO is already mapped
2026-07-26T02:29:22.899Z In(05) vcpu-0 SVGA: Unregistering MemSpace at 0xe8000000(0xe8000000) and 0xfe000000(0xfe000000)
2026-07-26T02:29:22.899Z In(05) vcpu-0 SVGA: FIFO is already mapped
2026-07-26T02:29:22.901Z In(05) vcpu-0 SVGA: Registering IOSpace at 0x1070
2026-07-26T02:29:22.901Z In(05) vcpu-0 SVGA: Registering MemSpace at 0xe8000000(0xe8000000) and 0xfe000000(0xfe000000)
2026-07-26T02:29:22.901Z In(05) vcpu-0 SVGA: FIFO is already mapped
2026-07-26T02:29:22.964Z In(05) vcpu-1 CPU reset: soft (mode Emulation)
2026-07-26T02:29:22.968Z In(05) vcpu-2 CPU reset: soft (mode Emulation)
2026-07-26T02:29:22.974Z In(05) vcpu-3 CPU reset: soft (mode Emulation)
2026-07-26T02:29:23.018Z In(05) vcpu-0 SVGA: FIFO is already mapped
2026-07-26T02:29:23.028Z In(05) vcpu-0 SVGA: FIFO is already mapped
2026-07-26T02:29:23.218Z In(05) vcpu-0 AHCI: Tried to enable/disable IO space.
2026-07-26T02:29:23.291Z In(05) vcpu-0 DISKUTIL: scsi0:0 : geometry=7832/255/63
2026-07-26T02:29:23.291Z In(05) vcpu-0 DISKUTIL: scsi0:0 : capacity=125829120 logical sector size=512
2026-07-26T02:29:25.245Z In(05) vcpu-0 AHCI: Tried to enable/disable IO space.
2026-07-26T02:29:25.247Z In(05) vcpu-0 AHCI-VMM:HBA reset issued on sata0.
2026-07-26T02:29:25.294Z In(05) vcpu-1 CPU reset: soft (mode Emulation)
2026-07-26T02:29:25.297Z In(05) vcpu-2 CPU reset: soft (mode Emulation)
2026-07-26T02:29:25.299Z In(05) vcpu-3 CPU reset: soft (mode Emulation)
2026-07-26T02:29:25.338Z In(05) vcpu-0 BIOS-UUID is 56 4d a3 da a6 2f d0 bf-86 b1 d9 92 20 9b 8e e6
2026-07-26T02:29:25.570Z In(05) svga SWBScreen: Screen 0 Resized: xywh(0, 0, 720, 400) flags=0x3
2026-07-26T02:29:26.571Z In(05) vcpu-0 SVGA: FIFO is already mapped
2026-07-26T02:29:26.571Z In(05) svga SVGA enabling SVGA
2026-07-26T02:29:26.571Z In(05) svga SWBScreen: Screen 0 Destroyed: xywh(0, 0, 720, 400) flags=0x3
2026-07-26T02:29:26.573Z In(05) svga SVGA-ScreenMgr: Screen type changed to RegisterMode
2026-07-26T02:29:26.573Z In(05) svga SWBScreen: Screen 1 Defined: xywh(0, 0, 640, 480) flags=0x2
2026-07-26T02:29:26.683Z In(05) vcpu-0 DDB: "longContentID" = "80bc33d08c270b1f14484705cb6a4b83" (was "d04f6e4c8dcf6ba2b6fb945e2e08436f")
2026-07-26T02:29:32.368Z In(05) vmx VNET: MACVNetLinkStateTimerHandler: 'ethernet0' state from 1 to 5.
2026-07-26T02:29:35.483Z In(05) svga SVGA disabling SVGA
2026-07-26T02:29:35.483Z In(05) svga SWBScreen: Screen 1 Destroyed: xywh(0, 0, 640, 480) flags=0x2
2026-07-26T02:29:35.497Z In(05) svga SWBScreen: Screen 0 Defined: xywh(0, 0, 720, 400) flags=0x3
2026-07-26T02:29:40.231Z In(05) vcpu-0 Preparing for SPEC_CTRL Guest MSR write (0x48) passthrough.
2026-07-26T02:29:40.824Z In(05) vcpu-1 CPU reset: soft (mode Emulation)
2026-07-26T02:29:40.828Z In(05) vcpu-2 CPU reset: soft (mode Emulation)
2026-07-26T02:29:40.832Z In(05) vcpu-3 CPU reset: soft (mode Emulation)
2026-07-26T02:29:42.477Z In(05) vcpu-3 SVGA: Unregistering IOSpace at 0x1070
2026-07-26T02:29:42.478Z In(05) vcpu-3 SVGA: Unregistering MemSpace at 0xe8000000(0xe8000000) and 0xfe000000(0xfe000000)
2026-07-26T02:29:42.478Z In(05) vcpu-3 SVGA: FIFO is already mapped
2026-07-26T02:29:42.480Z In(05) vcpu-3 SVGA: Registering IOSpace at 0x1070
2026-07-26T02:29:42.481Z In(05) vcpu-3 SVGA: Registering MemSpace at 0xe8000000(0xe8000000) and 0xfe000000(0xfe000000)
2026-07-26T02:29:42.481Z In(05) vcpu-3 SVGA: FIFO is already mapped
2026-07-26T02:29:45.895Z In(05) vcpu-1 Guest MSR write (0x49: 0x1)
2026-07-26T02:29:47.203Z In(05) vcpu-0 AHCI-VMM:HBA reset issued on sata0.
2026-07-26T02:29:47.204Z In(05) vcpu-0 AHCI-VMM:Write to reserved or READ ONLY global register
2026-07-26T02:29:47.204Z In(05) vcpu-0 AHCI-VMM:Write to reserved or READ ONLY global register
2026-07-26T02:29:47.281Z In(05) vcpu-0 VMMouse: CMD Read ID
2026-07-26T02:29:47.322Z In(05) vcpu-1 SCSI0: RESET BUS
2026-07-26T02:29:47.396Z In(05) vcpu-0 AHCI-VMM: sata0:0 Port COMRESET requested.
2026-07-26T02:29:47.396Z In(05) vcpu-0 AHCI-VMM: sata0:0: Write to PxSCTL.DET while no device present.
2026-07-26T02:29:47.396Z In(05) vcpu-0 AHCI-VMM: sata0:0: Moved to COMRESET state.
2026-07-26T02:29:47.397Z In(05) vcpu-0 AHCI-VMM: sata0:1 Port COMRESET requested.
2026-07-26T02:29:47.397Z In(05) vcpu-0 AHCI-VMM: sata0:1: Moved to COMRESET state.
2026-07-26T02:29:47.397Z In(05) vcpu-1 AHCI-VMM: sata0:2 Port COMRESET requested.
2026-07-26T02:29:47.397Z In(05) vcpu-1 AHCI-VMM: sata0:2: Write to PxSCTL.DET while no device present.
2026-07-26T02:29:47.397Z In(05) vcpu-1 AHCI-VMM: sata0:2: Moved to COMRESET state.
2026-07-26T02:29:47.398Z In(05) vcpu-2 AHCI-VMM: sata0:3 Port COMRESET requested.
2026-07-26T02:29:47.398Z In(05) vcpu-2 AHCI-VMM: sata0:3: Write to PxSCTL.DET while no device present.
2026-07-26T02:29:47.398Z In(05) vcpu-2 AHCI-VMM: sata0:3: Moved to COMRESET state.
2026-07-26T02:29:47.398Z In(05) vcpu-0 AHCI-VMM: sata0:1: Exiting COMRESET state.
2026-07-26T02:29:47.398Z In(05) vcpu-0 AHCI-VMM: sata0:0: Exiting COMRESET state.
2026-07-26T02:29:47.399Z In(05) vcpu-2 AHCI-VMM: sata0:4 Port COMRESET requested.
2026-07-26T02:29:47.399Z In(05) vcpu-2 AHCI-VMM: sata0:4: Write to PxSCTL.DET while no device present.
2026-07-26T02:29:47.399Z In(05) vcpu-2 AHCI-VMM: sata0:4: Moved to COMRESET state.
2026-07-26T02:29:47.399Z In(05) vcpu-0 AHCI-VMM: sata0:3: Exiting COMRESET state.
2026-07-26T02:29:47.399Z In(05) vcpu-1 AHCI-VMM: sata0:2: Exiting COMRESET state.
2026-07-26T02:29:47.400Z In(05) vcpu-1 AHCI-VMM: sata0:5 Port COMRESET requested.
2026-07-26T02:29:47.400Z In(05) vcpu-1 AHCI-VMM: sata0:5: Write to PxSCTL.DET while no device present.
2026-07-26T02:29:47.400Z In(05) vcpu-1 AHCI-VMM: sata0:5: Moved to COMRESET state.
2026-07-26T02:29:47.400Z In(05) vcpu-1 AHCI-VMM: sata0:6 Port COMRESET requested.
2026-07-26T02:29:47.400Z In(05) vcpu-1 AHCI-VMM: sata0:6: Write to PxSCTL.DET while no device present.
2026-07-26T02:29:47.400Z In(05) vcpu-1 AHCI-VMM: sata0:6: Moved to COMRESET state.
2026-07-26T02:29:47.400Z In(05) vcpu-2 AHCI-VMM: sata0:4: Exiting COMRESET state.
2026-07-26T02:29:47.401Z In(05) vcpu-1 AHCI-VMM: sata0:7 Port COMRESET requested.
2026-07-26T02:29:47.401Z In(05) vcpu-1 AHCI-VMM: sata0:7: Write to PxSCTL.DET while no device present.
2026-07-26T02:29:47.401Z In(05) vcpu-1 AHCI-VMM: sata0:7: Moved to COMRESET state.
2026-07-26T02:29:47.401Z In(05) vcpu-1 AHCI-VMM: sata0:5: Exiting COMRESET state.
2026-07-26T02:29:47.402Z In(05) vcpu-1 AHCI-VMM: sata0:6: Exiting COMRESET state.
2026-07-26T02:29:47.402Z In(05) vcpu-1 AHCI-VMM: sata0:8 Port COMRESET requested.
2026-07-26T02:29:47.402Z In(05) vcpu-1 AHCI-VMM: sata0:8: Write to PxSCTL.DET while no device present.
2026-07-26T02:29:47.402Z In(05) vcpu-1 AHCI-VMM: sata0:8: Moved to COMRESET state.
2026-07-26T02:29:47.402Z In(05) vcpu-0 AHCI-VMM: sata0:9 Port COMRESET requested.
2026-07-26T02:29:47.402Z In(05) vcpu-0 AHCI-VMM: sata0:9: Write to PxSCTL.DET while no device present.
2026-07-26T02:29:47.402Z In(05) vcpu-0 AHCI-VMM: sata0:9: Moved to COMRESET state.
2026-07-26T02:29:47.403Z In(05) vcpu-1 AHCI-VMM: sata0:7: Exiting COMRESET state.
2026-07-26T02:29:47.403Z In(05) vcpu-1 AHCI-VMM: sata0:8: Exiting COMRESET state.
2026-07-26T02:29:47.403Z In(05) vcpu-1 AHCI-VMM: sata0:10 Port COMRESET requested.
2026-07-26T02:29:47.403Z In(05) vcpu-1 AHCI-VMM: sata0:10: Write to PxSCTL.DET while no device present.
2026-07-26T02:29:47.403Z In(05) vcpu-1 AHCI-VMM: sata0:10: Moved to COMRESET state.
2026-07-26T02:29:47.403Z In(05) vcpu-0 AHCI-VMM: sata0:9: Exiting COMRESET state.
2026-07-26T02:29:47.404Z In(05) vcpu-1 AHCI-VMM: sata0:11 Port COMRESET requested.
2026-07-26T02:29:47.404Z In(05) vcpu-1 AHCI-VMM: sata0:11: Write to PxSCTL.DET while no device present.
2026-07-26T02:29:47.404Z In(05) vcpu-1 AHCI-VMM: sata0:11: Moved to COMRESET state.
2026-07-26T02:29:47.404Z In(05) vcpu-1 AHCI-VMM: sata0:12 Port COMRESET requested.
2026-07-26T02:29:47.404Z In(05) vcpu-1 AHCI-VMM: sata0:12: Write to PxSCTL.DET while no device present.
2026-07-26T02:29:47.404Z In(05) vcpu-1 AHCI-VMM: sata0:12: Moved to COMRESET state.
2026-07-26T02:29:47.405Z In(05) vcpu-1 AHCI-VMM: sata0:10: Exiting COMRESET state.
2026-07-26T02:29:47.405Z In(05) vcpu-1 AHCI-VMM: sata0:13 Port COMRESET requested.
2026-07-26T02:29:47.405Z In(05) vcpu-1 AHCI-VMM: sata0:13: Write to PxSCTL.DET while no device present.
2026-07-26T02:29:47.405Z In(05) vcpu-1 AHCI-VMM: sata0:13: Moved to COMRESET state.
2026-07-26T02:29:47.405Z In(05) vcpu-1 AHCI-VMM: sata0:11: Exiting COMRESET state.
2026-07-26T02:29:47.405Z In(05) vcpu-2 AHCI-VMM: sata0:14 Port COMRESET requested.
2026-07-26T02:29:47.405Z In(05) vcpu-2 AHCI-VMM: sata0:14: Write to PxSCTL.DET while no device present.
2026-07-26T02:29:47.405Z In(05) vcpu-2 AHCI-VMM: sata0:14: Moved to COMRESET state.
2026-07-26T02:29:47.405Z In(05) vcpu-1 AHCI-VMM: sata0:12: Exiting COMRESET state.
2026-07-26T02:29:47.406Z In(05) vcpu-2 AHCI-VMM: sata0:15 Port COMRESET requested.
2026-07-26T02:29:47.406Z In(05) vcpu-2 AHCI-VMM: sata0:15: Write to PxSCTL.DET while no device present.
2026-07-26T02:29:47.406Z In(05) vcpu-2 AHCI-VMM: sata0:15: Moved to COMRESET state.
2026-07-26T02:29:47.406Z In(05) vcpu-1 AHCI-VMM: sata0:13: Exiting COMRESET state.
2026-07-26T02:29:47.406Z In(05) vcpu-1 AHCI-VMM: sata0:16 Port COMRESET requested.
2026-07-26T02:29:47.406Z In(05) vcpu-1 AHCI-VMM: sata0:16: Write to PxSCTL.DET while no device present.
2026-07-26T02:29:47.407Z In(05) vcpu-1 AHCI-VMM: sata0:16: Moved to COMRESET state.
2026-07-26T02:29:47.407Z In(05) vcpu-2 AHCI-VMM: sata0:14: Exiting COMRESET state.
2026-07-26T02:29:47.407Z In(05) vcpu-2 AHCI-VMM: sata0:15: Exiting COMRESET state.
2026-07-26T02:29:47.407Z In(05) vcpu-1 AHCI-VMM: sata0:17 Port COMRESET requested.
2026-07-26T02:29:47.407Z In(05) vcpu-1 AHCI-VMM: sata0:17: Write to PxSCTL.DET while no device present.
2026-07-26T02:29:47.407Z In(05) vcpu-1 AHCI-VMM: sata0:17: Moved to COMRESET state.
2026-07-26T02:29:47.407Z In(05) vcpu-2 AHCI-VMM: sata0:18 Port COMRESET requested.
2026-07-26T02:29:47.407Z In(05) vcpu-2 AHCI-VMM: sata0:18: Write to PxSCTL.DET while no device present.
2026-07-26T02:29:47.407Z In(05) vcpu-2 AHCI-VMM: sata0:18: Moved to COMRESET state.
2026-07-26T02:29:47.408Z In(05) vcpu-1 AHCI-VMM: sata0:16: Exiting COMRESET state.
2026-07-26T02:29:47.408Z In(05) vcpu-1 AHCI-VMM: sata0:17: Exiting COMRESET state.
2026-07-26T02:29:47.409Z In(05) vcpu-1 AHCI-VMM: sata0:19 Port COMRESET requested.
2026-07-26T02:29:47.409Z In(05) vcpu-1 AHCI-VMM: sata0:19: Write to PxSCTL.DET while no device present.
2026-07-26T02:29:47.409Z In(05) vcpu-1 AHCI-VMM: sata0:19: Moved to COMRESET state.
2026-07-26T02:29:47.409Z In(05) vcpu-2 AHCI-VMM: sata0:18: Exiting COMRESET state.
2026-07-26T02:29:47.409Z In(05) vcpu-1 AHCI-VMM: sata0:20 Port COMRESET requested.
2026-07-26T02:29:47.409Z In(05) vcpu-1 AHCI-VMM: sata0:20: Write to PxSCTL.DET while no device present.
2026-07-26T02:29:47.409Z In(05) vcpu-1 AHCI-VMM: sata0:20: Moved to COMRESET state.
2026-07-26T02:29:47.410Z In(05) vcpu-1 AHCI-VMM: sata0:21 Port COMRESET requested.
2026-07-26T02:29:47.410Z In(05) vcpu-1 AHCI-VMM: sata0:21: Write to PxSCTL.DET while no device present.
2026-07-26T02:29:47.410Z In(05) vcpu-1 AHCI-VMM: sata0:21: Moved to COMRESET state.
2026-07-26T02:29:47.410Z In(05) vcpu-1 AHCI-VMM: sata0:19: Exiting COMRESET state.
2026-07-26T02:29:47.411Z In(05) vcpu-1 AHCI-VMM: sata0:20: Exiting COMRESET state.
2026-07-26T02:29:47.411Z In(05) vcpu-2 AHCI-VMM: sata0:22 Port COMRESET requested.
2026-07-26T02:29:47.411Z In(05) vcpu-2 AHCI-VMM: sata0:22: Write to PxSCTL.DET while no device present.
2026-07-26T02:29:47.411Z In(05) vcpu-2 AHCI-VMM: sata0:22: Moved to COMRESET state.
2026-07-26T02:29:47.411Z In(05) vcpu-1 AHCI-VMM: sata0:21: Exiting COMRESET state.
2026-07-26T02:29:47.411Z In(05) vcpu-2 AHCI-VMM: sata0:23 Port COMRESET requested.
2026-07-26T02:29:47.411Z In(05) vcpu-2 AHCI-VMM: sata0:23: Write to PxSCTL.DET while no device present.
2026-07-26T02:29:47.412Z In(05) vcpu-2 AHCI-VMM: sata0:23: Moved to COMRESET state.
2026-07-26T02:29:47.412Z In(05) vcpu-1 AHCI-VMM: sata0:24 Port COMRESET requested.
2026-07-26T02:29:47.412Z In(05) vcpu-1 AHCI-VMM: sata0:24: Write to PxSCTL.DET while no device present.
2026-07-26T02:29:47.412Z In(05) vcpu-1 AHCI-VMM: sata0:24: Moved to COMRESET state.
2026-07-26T02:29:47.413Z In(05) vcpu-2 AHCI-VMM: sata0:22: Exiting COMRESET state.
2026-07-26T02:29:47.413Z In(05) vcpu-2 AHCI-VMM: sata0:23: Exiting COMRESET state.
2026-07-26T02:29:47.413Z In(05) vcpu-1 AHCI-VMM: sata0:25 Port COMRESET requested.
2026-07-26T02:29:47.413Z In(05) vcpu-1 AHCI-VMM: sata0:25: Write to PxSCTL.DET while no device present.
2026-07-26T02:29:47.413Z In(05) vcpu-1 AHCI-VMM: sata0:25: Moved to COMRESET state.
2026-07-26T02:29:47.413Z In(05) vcpu-1 AHCI-VMM: sata0:24: Exiting COMRESET state.
2026-07-26T02:29:47.413Z In(05) vcpu-1 AHCI-VMM: sata0:26 Port COMRESET requested.
2026-07-26T02:29:47.414Z In(05) vcpu-1 AHCI-VMM: sata0:26: Write to PxSCTL.DET while no device present.
2026-07-26T02:29:47.414Z In(05) vcpu-1 AHCI-VMM: sata0:26: Moved to COMRESET state.
2026-07-26T02:29:47.414Z In(05) vcpu-1 AHCI-VMM: sata0:27 Port COMRESET requested.
2026-07-26T02:29:47.414Z In(05) vcpu-1 AHCI-VMM: sata0:27: Write to PxSCTL.DET while no device present.
2026-07-26T02:29:47.414Z In(05) vcpu-1 AHCI-VMM: sata0:27: Moved to COMRESET state.
2026-07-26T02:29:47.415Z In(05) vcpu-1 AHCI-VMM: sata0:25: Exiting COMRESET state.
2026-07-26T02:29:47.415Z In(05) vcpu-2 AHCI-VMM: sata0:28 Port COMRESET requested.
2026-07-26T02:29:47.415Z In(05) vcpu-2 AHCI-VMM: sata0:28: Write to PxSCTL.DET while no device present.
2026-07-26T02:29:47.415Z In(05) vcpu-2 AHCI-VMM: sata0:28: Moved to COMRESET state.
2026-07-26T02:29:47.415Z In(05) vcpu-2 AHCI-VMM: sata0:29 Port COMRESET requested.
2026-07-26T02:29:47.415Z In(05) vcpu-2 AHCI-VMM: sata0:29: Write to PxSCTL.DET while no device present.
2026-07-26T02:29:47.415Z In(05) vcpu-2 AHCI-VMM: sata0:29: Moved to COMRESET state.
2026-07-26T02:29:47.415Z In(05) vcpu-1 AHCI-VMM: sata0:26: Exiting COMRESET state.
2026-07-26T02:29:47.415Z In(05) vcpu-1 AHCI-VMM: sata0:27: Exiting COMRESET state.
2026-07-26T02:29:47.416Z In(05) vcpu-2 AHCI-VMM: sata0:28: Exiting COMRESET state.
2026-07-26T02:29:47.417Z In(05) vcpu-2 AHCI-VMM: sata0:29: Exiting COMRESET state.
2026-07-26T02:29:47.473Z In(05) vcpu-1 SCSI0: RESET BUS
2026-07-26T02:29:47.493Z In(05) vcpu-1 DISKUTIL: scsi0:0 : capacity=125829120 logical sector size=512
2026-07-26T02:29:47.495Z In(05) vcpu-1 SCSI DEVICE (scsi0:0): MODE SENSE(6) for unsupported page 0x8
2026-07-26T02:29:47.507Z In(05) vcpu-1 DISKUTIL: scsi0:0 : capacity=125829120 logical sector size=512
2026-07-26T02:29:47.507Z In(05) vcpu-1 SCSI DEVICE (scsi0:0): MODE SENSE(6) for unsupported page 0x8
2026-07-26T02:29:47.722Z In(05) vcpu-0 CDROM: Emulate GET CONFIGURATION RT 0 starting feature 40
2026-07-26T02:29:47.722Z In(05) vcpu-0 CDROM: Emulate GET CONFIGURATION RT 0 starting feature 32
2026-07-26T02:29:47.724Z In(05) vcpu-0 CDROM sata0:1: CMD 0x52 (*UNKNOWN (0x52)*) FAILED (key 0x5 asc 0x20 ascq 0)
2026-07-26T02:29:47.766Z In(05) vcpu-1 CDROM sata0:1: CMD 0x52 (*UNKNOWN (0x52)*) FAILED (key 0x5 asc 0x20 ascq 0)
2026-07-26T02:29:50.861Z In(05) vcpu-1 CDROM sata0:1: CMD 0x52 (*UNKNOWN (0x52)*) FAILED (key 0x5 asc 0x20 ascq 0)
2026-07-26T02:29:58.870Z In(05) vcpu-1 CDROM: Emulate GET CONFIGURATION RT 0 starting feature 0
2026-07-26T02:29:58.877Z In(05) vcpu-1 CDROM: Emulate GET CONFIGURATION RT 0 starting feature 0
2026-07-26T02:29:58.952Z In(05) vcpu-3 CDROM sata0:1: CMD 0x52 (*UNKNOWN (0x52)*) FAILED (key 0x5 asc 0x20 ascq 0)
2026-07-26T02:29:58.981Z In(05) svga SVGA hiding SVGA
2026-07-26T02:29:58.990Z In(05) vcpu-3 Guest: vmwgfx: Module Version: 2.20.0 (kernel: 6.8.0-136-generic)
2026-07-26T02:29:58.990Z In(05) vcpu-3 SVGA: Guest reported SVGA driver: (2, 101187596, 34865152, 0)
2026-07-26T02:29:59.037Z In(05) svga SVGA enabling SVGA
2026-07-26T02:29:59.037Z In(05) svga SWBScreen: Screen 0 Destroyed: xywh(0, 0, 720, 400) flags=0x3
2026-07-26T02:29:59.038Z In(05) svga SWBScreen: Screen 1 Defined: xywh(0, 0, 640, 480) flags=0x2
2026-07-26T02:29:59.071Z In(05) svga SWBScreen: Screen 1 Destroyed: xywh(0, 0, 640, 480) flags=0x2
2026-07-26T02:29:59.072Z In(05) svga SVGA-ScreenMgr: Screen type changed to ScreenTarget
2026-07-26T02:29:59.072Z In(05) svga SWBScreen: Screen 1 Defined: xywh(0, 0, 1280, 800) flags=0x2
2026-07-26T02:29:59.982Z In(05) vcpu-0 Tools: Running status rpc handler: 0 => 1.
2026-07-26T02:29:59.982Z In(05) vcpu-0 Tools: Changing running status: 0 => 1.
2026-07-26T02:29:59.982Z In(05) vcpu-0 Tools: [RunningStatus] Last heartbeat value 1 (last received 0s ago)
2026-07-26T02:29:59.982Z In(05) vcpu-0 Tools: Removing Tools inactivity timer.
2026-07-26T02:30:00.415Z In(05) vcpu-1 SOUND 840.606770 ES1371Win32GetMixerCtl mixerGetLineInfo error 1024
2026-07-26T02:30:01.511Z In(05) vmx GuestRpc: Got RPCI vsocket connection 7, assigned to channel 0.
2026-07-26T02:30:01.511Z In(05) vmx Guest: [vgauthservice] VGAuthService build-24276846 starting up
2026-07-26T02:30:01.512Z In(05) vmx GuestRpc: Closing channel 0 connection 7
2026-07-26T02:30:01.636Z In(05) vmx GuestRpc: Got RPCI vsocket connection 8, assigned to channel 0.
2026-07-26T02:30:01.637Z In(05) vmx Guest: [vgauthservice] SAML_Init: Using xmlsec1 1.2.39 for XML signature support
2026-07-26T02:30:01.637Z In(05) vmx GuestRpc: Closing channel 0 connection 8
2026-07-26T02:30:01.694Z In(05) vmx GuestRpc: Got RPCI vsocket connection 9, assigned to channel 0.
2026-07-26T02:30:01.936Z In(05) vmx DEVSWAP: GuestOS does not require LSI adapter swap.
2026-07-26T02:30:01.936Z In(05) vmx Guest: toolbox: Version: 12.5.0.51152 (build-24276846)
2026-07-26T02:30:01.937Z Wa(03) vcpu-1 GuestRpc: application toolbox, changing channel 65535 -> 0
2026-07-26T02:30:01.937Z In(05) vcpu-1 GuestRpc: Channel 0, guest application toolbox.
2026-07-26T02:30:01.937Z In(05) vcpu-1 Tools: [AppStatus] Last heartbeat value 1 (last received 1s ago)
2026-07-26T02:30:01.937Z In(05) vcpu-1 TOOLS: appName=toolbox, oldStatus=0, status=1, guestInitiated=0.
2026-07-26T02:30:01.953Z In(05) vmx Tools: Changing running status: 1 => 2.
2026-07-26T02:30:01.953Z In(05) vmx Tools: [RunningStatus] Last heartbeat value 1 (last received 1s ago)
2026-07-26T02:30:01.960Z In(05) vmx TOOLS Received tools.set.versiontype rpc call, version = 12448, type = 4
2026-07-26T02:30:01.960Z In(05) vmx TOOLS Setting toolsVersionStatus = TOOLS_STATUS_UNMANAGED
2026-07-26T02:30:01.960Z In(05) vmx Tools_SetVersionAndType did nothing; new tools version (12448) and type (4) match old Tools version and type
2026-07-26T02:30:01.962Z In(05) vmx Guest: Executing script for state change 'OS_PowerOn'.
2026-07-26T02:30:01.975Z In(05) vcpu-1 Tools: State change '3' progress: last event 0, event 1, success 1.
2026-07-26T02:30:02.844Z In(05) vmx Guest: Script exit code: 0, success = 1
2026-07-26T02:30:02.845Z In(05) vmx TOOLS state change 3 returned status 1
2026-07-26T02:30:02.845Z In(05) vmx Tools: State change '3' progress: last event 1, event 2, success 1.
2026-07-26T02:30:02.845Z In(05) vmx Tools: State change '3' progress: last event 1, event 4, success 1.
2026-07-26T02:30:02.845Z In(05) vmx Vix: [mainDispatch.c:4130]: VMAutomationReportPowerStateChange: Reporting power state change (opcode=2, err=0).
2026-07-26T02:30:02.845Z In(05) vmx Tools: Changing running status: 2 => 1.
2026-07-26T02:30:02.845Z In(05) vmx Tools: [RunningStatus] Last heartbeat value 2 (last received 0s ago)
2026-07-26T02:30:11.248Z In(05) vmx Tools_SetGuestResolution: Sending rpcMsg = Resolution_Set 752 963
2026-07-26T02:30:21.423Z In(05) vmx GuestRpcSendTimedOut: message to toolbox-dnd timed out.
2026-07-26T02:30:31.932Z In(05) vmx GuestInfo: HostinfoDetailedDataHeader version: 1
2026-07-26T02:30:31.933Z No(00) vmx ConfigDB: Setting guestInfo.detailed.data = <not printed>
2026-07-26T02:31:22.606Z In(05) vcpu-1 CDROM: Emulate GET CONFIGURATION RT 0 starting feature 0
2026-07-26T02:31:31.944Z In(05) vmx GuestRpcSendTimedOut: message to toolbox-dnd timed out.
2026-07-26T02:32:20.587Z In(05) vcpu-3 sata0:1: Command *UNKNOWN (0x4a)* took 2.013 seconds (ok)
2026-07-26T02:32:20.622Z In(05) vmx scsi0:0: Command READ(10) took 3.414 seconds (ok)
2026-07-26T02:32:20.622Z In(05) vmx scsi0:0: Command READ(10) took 3.623 seconds (ok)
2026-07-26T02:32:20.622Z In(05) vmx scsi0:0: Command READ(10) took 3.623 seconds (ok)
2026-07-26T02:32:20.623Z In(05) vmx scsi0:0: Command READ(10) took 3.425 seconds (ok)
2026-07-26T02:32:27.749Z In(05) vmx scsi0:0: Command READ(10) took 1.040 seconds (ok)
2026-07-26T02:32:27.749Z In(05) vmx scsi0:0: Command READ(10) took 1.039 seconds (ok)
2026-07-26T02:32:27.750Z In(05) vmx scsi0:0: Command READ(10) took 1.039 seconds (ok)
2026-07-26T02:32:27.750Z In(05) vmx scsi0:0: Command READ(10) took 1.039 seconds (ok)
2026-07-26T02:32:27.750Z In(05) vmx scsi0:0: Command READ(10) took 1.040 seconds (ok)
2026-07-26T02:32:27.776Z In(05) vmx scsi0:0: Command READ(10) took 1.051 seconds (ok)
2026-07-26T02:32:42.456Z In(05) vmx scsi0:0: Command READ(10) took 1.101 seconds (ok)
2026-07-26T02:32:42.458Z In(05) vmx scsi0:0: Command READ(10) took 1.103 seconds (ok)
2026-07-26T02:32:42.511Z In(05) vmx scsi0:0: Command READ(10) took 1.034 seconds (ok)
2026-07-26T02:32:42.513Z In(05) vmx scsi0:0: Command READ(10) took 1.035 seconds (ok)
2026-07-26T02:32:42.540Z In(05) vmx scsi0:0: Command READ(10) took 1.044 seconds (ok)
2026-07-26T02:32:42.566Z In(05) vmx scsi0:0: Command READ(10) took 1.035 seconds (ok)
2026-07-26T02:32:42.570Z In(05) vmx scsi0:0: Command READ(10) took 1.039 seconds (ok)
2026-07-26T02:32:42.574Z In(05) vmx scsi0:0: Command READ(10) took 1.014 seconds (ok)
2026-07-26T02:32:42.574Z In(05) vmx scsi0:0: Command READ(10) took 1.014 seconds (ok)
2026-07-26T02:32:42.583Z In(05) vmx scsi0:0: Command READ(10) took 1.024 seconds (ok)
2026-07-26T02:32:42.597Z In(05) vmx scsi0:0: Command READ(10) took 1.037 seconds (ok)
2026-07-26T02:32:42.646Z In(05) vmx scsi0:0: Command READ(10) took 1.046 seconds (ok)
2026-07-26T02:32:42.670Z In(05) vmx scsi0:0: Command READ(10) took 1.100 seconds (ok)
2026-07-26T02:32:44.249Z In(05) vmx scsi0:0: Command READ(10) took 1.046 seconds (ok)
2026-07-26T02:32:49.126Z In(05) vmx scsi0:0: Command READ(10) took 1.006 seconds (ok)
2026-07-26T02:32:49.126Z In(05) vmx scsi0:0: Command READ(10) took 1.007 seconds (ok)
2026-07-26T02:32:49.160Z In(05) vmx scsi0:0: Command READ(10) took 1.040 seconds (ok)
2026-07-26T02:32:49.160Z In(05) vmx scsi0:0: Command READ(10) took 1.040 seconds (ok)
2026-07-26T02:32:49.161Z In(05) vmx scsi0:0: Command READ(10) took 1.040 seconds (ok)
2026-07-26T02:32:49.268Z In(05) vmx scsi0:0: Command READ(10) took 1.017 seconds (ok)
2026-07-26T02:32:49.304Z In(05) vmx scsi0:0: Command READ(10) took 1.018 seconds (ok)
2026-07-26T02:32:51.109Z In(05) vmx scsi0:0: Command READ(10) took 1.032 seconds (ok)
2026-07-26T02:32:51.110Z In(05) vmx scsi0:0: Command READ(10) took 1.033 seconds (ok)
2026-07-26T02:32:51.110Z In(05) vmx scsi0:0: Command READ(10) took 1.033 seconds (ok)
2026-07-26T02:32:51.111Z In(05) vmx scsi0:0: Command READ(10) took 1.033 seconds (ok)
2026-07-26T02:32:51.111Z In(05) vmx scsi0:0: Command READ(10) took 1.033 seconds (ok)
2026-07-26T02:32:51.176Z In(05) vmx scsi0:0: Command READ(10) took 1.087 seconds (ok)
2026-07-26T02:32:51.176Z In(05) vmx scsi0:0: Command READ(10) took 1.087 seconds (ok)
2026-07-26T02:32:55.186Z In(05) vmx scsi0:0: Command READ(10) took 1.050 seconds (ok)
2026-07-26T02:32:55.187Z In(05) vmx scsi0:0: Command READ(10) took 1.050 seconds (ok)
2026-07-26T02:32:55.283Z In(05) vmx scsi0:0: Command READ(10) took 1.090 seconds (ok)
2026-07-26T02:32:55.287Z In(05) vmx scsi0:0: Command READ(10) took 1.171 seconds (ok)
2026-07-26T02:32:55.287Z In(05) vmx scsi0:0: Command READ(10) took 1.171 seconds (ok)
2026-07-26T02:32:55.289Z In(05) vmx scsi0:0: Command READ(10) took 1.172 seconds (ok)
2026-07-26T02:32:55.298Z In(05) vmx scsi0:0: Command READ(10) took 1.091 seconds (ok)
2026-07-26T02:32:55.299Z In(05) vmx scsi0:0: Command READ(10) took 1.092 seconds (ok)
2026-07-26T02:32:55.309Z In(05) vmx scsi0:0: Command READ(10) took 1.047 seconds (ok)
2026-07-26T02:32:55.322Z In(05) vmx scsi0:0: Command READ(10) took 1.174 seconds (ok)
2026-07-26T02:32:55.324Z In(05) vmx scsi0:0: Command READ(10) took 1.175 seconds (ok)
2026-07-26T02:32:55.333Z In(05) vmx scsi0:0: Command READ(10) took 1.125 seconds (ok)
2026-07-26T02:32:55.335Z In(05) vmx scsi0:0: Command READ(10) took 1.127 seconds (ok)
2026-07-26T02:32:55.343Z In(05) vmx scsi0:0: Command READ(10) took 1.121 seconds (ok)
2026-07-26T02:32:55.344Z In(05) vmx scsi0:0: Command READ(10) took 1.122 seconds (ok)
2026-07-26T02:32:55.356Z In(05) vmx scsi0:0: Command READ(10) took 1.183 seconds (ok)
2026-07-26T02:32:55.366Z In(05) vmx scsi0:0: Command READ(10) took 1.157 seconds (ok)
2026-07-26T02:32:55.406Z In(05) vmx scsi0:0: Command READ(10) took 1.232 seconds (ok)
2026-07-26T02:32:57.052Z In(05) vmx scsi0:0: Command READ(10) took 1.015 seconds (ok)
2026-07-26T02:32:57.062Z In(05) vmx scsi0:0: Command READ(10) took 1.013 seconds (ok)
2026-07-26T02:32:57.143Z In(05) vmx scsi0:0: Command READ(10) took 1.157 seconds (ok)
2026-07-26T02:32:58.606Z In(05) vmx scsi0:0: Command READ(10) took 1.155 seconds (ok)
2026-07-26T02:32:58.607Z In(05) vmx scsi0:0: Command READ(10) took 1.155 seconds (ok)
2026-07-26T02:33:18.220Z In(05) vmx scsi0:0: Command READ(10) took 16.683 seconds (ok)
2026-07-26T02:33:18.220Z In(05) vmx scsi0:0: Command READ(10) took 16.635 seconds (ok)
2026-07-26T02:33:18.220Z In(05) vmx scsi0:0: Command READ(10) took 16.633 seconds (ok)
2026-07-26T02:33:18.220Z In(05) vmx scsi0:0: Command READ(10) took 16.592 seconds (ok)
2026-07-26T02:33:18.220Z In(05) vmx scsi0:0: Command READ(10) took 16.592 seconds (ok)
2026-07-26T02:33:18.220Z In(05) vmx scsi0:0: Command READ(10) took 16.634 seconds (ok)
2026-07-26T02:33:18.220Z In(05) vmx scsi0:0: Command READ(10) took 16.358 seconds (ok)
2026-07-26T02:33:21.406Z In(05) vmx scsi0:0: Command READ(10) took 1.098 seconds (ok)
2026-07-26T02:33:21.433Z In(05) vmx scsi0:0: Command READ(10) took 1.115 seconds (ok)
2026-07-26T02:33:21.445Z In(05) vmx scsi0:0: Command READ(10) took 1.113 seconds (ok)
2026-07-26T02:35:47.898Z In(05) vmx scsi0:0: Command WRITE(10) took 1.210 seconds (ok)
2026-07-26T02:35:53.130Z In(05) vmx scsi0:0: Command READ(10) took 1.144 seconds (ok)
2026-07-26T02:35:53.164Z In(05) vmx scsi0:0: Command READ(10) took 1.005 seconds (ok)
2026-07-26T02:35:53.201Z In(05) vmx scsi0:0: Command READ(10) took 1.080 seconds (ok)
2026-07-26T02:35:58.733Z In(05) vmx DISKLIB-LIB   : numIOs = 50000 numMergedIOs = 12900 numSplitIOs = 626
2026-07-26T02:36:10.654Z In(05) vmx scsi0:0: Command READ(10) took 4.215 seconds (ok)
2026-07-26T02:36:10.654Z In(05) vmx scsi0:0: Command READ(10) took 4.215 seconds (ok)
2026-07-26T02:36:10.654Z In(05) vmx scsi0:0: Command READ(10) took 4.102 seconds (ok)
2026-07-26T02:36:10.654Z In(05) vmx scsi0:0: Command READ(10) took 4.102 seconds (ok)
2026-07-26T02:36:10.654Z In(05) vmx scsi0:0: Command READ(10) took 4.932 seconds (ok)
2026-07-26T02:36:10.655Z In(05) vmx scsi0:0: Command READ(10) took 4.448 seconds (ok)
2026-07-26T02:36:10.655Z In(05) vmx scsi0:0: Command READ(10) took 4.953 seconds (ok)
2026-07-26T02:36:10.655Z In(05) vmx scsi0:0: Command READ(10) took 4.953 seconds (ok)
2026-07-26T02:36:10.655Z In(05) vmx scsi0:0: Command READ(10) took 4.907 seconds (ok)
2026-07-26T02:36:10.655Z In(05) vmx scsi0:0: Command READ(10) took 3.987 seconds (ok)
2026-07-26T02:36:10.937Z In(05) vmx scsi0:0: Command WRITE(10) took 4.219 seconds (ok)
2026-07-26T02:38:45.432Z In(05) vmx scsi0:0: Command READ(10) took 1.324 seconds (ok)
2026-07-26T02:38:45.432Z In(05) vmx scsi0:0: Command READ(10) took 1.273 seconds (ok)
2026-07-26T02:38:46.511Z In(05) vmx scsi0:0: Command READ(10) took 1.056 seconds (ok)
2026-07-26T02:38:49.717Z In(05) vmx scsi0:0: Command READ(10) took 1.036 seconds (ok)
2026-07-26T02:38:49.735Z In(05) vmx scsi0:0: Command READ(10) took 1.050 seconds (ok)
2026-07-26T02:38:49.808Z In(05) vmx scsi0:0: Command READ(10) took 1.116 seconds (ok)
2026-07-26T02:38:52.135Z In(05) vmx scsi0:0: Command READ(10) took 1.000 seconds (ok)
2026-07-26T02:38:53.186Z In(05) vmx scsi0:0: Command READ(10) took 1.102 seconds (ok)
2026-07-26T02:38:53.186Z In(05) vmx scsi0:0: Command READ(10) took 1.102 seconds (ok)
2026-07-26T02:38:54.667Z In(05) vmx scsi0:0: Command READ(10) took 1.086 seconds (ok)
2026-07-26T02:38:54.668Z In(05) vmx scsi0:0: Command READ(10) took 1.086 seconds (ok)
2026-07-26T02:38:56.294Z In(05) vmx scsi0:0: Command READ(10) took 1.033 seconds (ok)
2026-07-26T02:38:57.494Z In(05) vmx VNET: MACVNetLinkStateEventHandler: event, up:0, adapter:1
2026-07-26T02:38:57.494Z In(05) vmx VNET: MACVNetLinkStateEventHandler: 'ethernet0' state from 5 to 7.
2026-07-26T02:38:57.496Z In(05) vmx scsi0:0: Command READ(10) took 1.398 seconds (ok)
2026-07-26T02:38:57.496Z In(05) vmx scsi0:0: Command READ(10) took 1.200 seconds (ok)
2026-07-26T02:38:57.496Z In(05) vmx scsi0:0: Command READ(10) took 1.089 seconds (ok)
2026-07-26T02:38:57.497Z In(05) vmx VNET: MACVNetLinkStateEventHandler: event, up:1, adapter:0
2026-07-26T02:38:57.497Z In(05) vmx VNET: MACVNetLinkStateEventHandler: 'ethernet0' state from 7 to 2.
2026-07-26T02:38:59.156Z In(05) vmx scsi0:0: Command READ(10) took 1.662 seconds (ok)
2026-07-26T02:39:00.836Z In(05) vmx scsi0:0: Command READ(10) took 1.115 seconds (ok)
2026-07-26T02:39:00.836Z In(05) vmx scsi0:0: Command READ(10) took 1.115 seconds (ok)
2026-07-26T02:39:00.836Z In(05) vmx scsi0:0: Command READ(10) took 1.115 seconds (ok)
2026-07-26T02:39:00.837Z In(05) vmx scsi0:0: Command READ(10) took 1.115 seconds (ok)
2026-07-26T02:39:00.859Z In(05) vmx scsi0:0: Command READ(10) took 1.230 seconds (ok)
2026-07-26T02:39:02.909Z In(05) vmx scsi0:0: Command READ(10) took 1.464 seconds (ok)
2026-07-26T02:39:02.909Z In(05) vmx scsi0:0: Command READ(10) took 1.464 seconds (ok)
2026-07-26T02:39:02.909Z In(05) vmx scsi0:0: Command READ(10) took 1.458 seconds (ok)
2026-07-26T02:39:02.909Z In(05) vmx scsi0:0: Command READ(10) took 1.448 seconds (ok)
2026-07-26T02:39:02.909Z In(05) vmx scsi0:0: Command READ(10) took 1.445 seconds (ok)
2026-07-26T02:39:04.037Z In(05) vmx scsi0:0: Command READ(10) took 1.125 seconds (ok)
2026-07-26T02:39:04.048Z In(05) vmx scsi0:0: Command READ(10) took 1.138 seconds (ok)
2026-07-26T02:39:04.071Z In(05) vmx scsi0:0: Command READ(10) took 1.158 seconds (ok)
2026-07-26T02:39:04.072Z In(05) vmx scsi0:0: Command READ(10) took 1.158 seconds (ok)
2026-07-26T02:39:04.160Z In(05) vmx scsi0:0: Command READ(10) took 1.249 seconds (ok)
2026-07-26T02:39:04.226Z In(05) vmx scsi0:0: Command READ(10) took 1.305 seconds (ok)
2026-07-26T02:39:05.274Z In(05) vmx VNET: MACVNetLinkStateTimerHandler: 'ethernet0' state from 2 to 6.
2026-07-26T02:39:05.375Z In(05) vmx VNET: MACVNetLinkStateTimerHandler: 'ethernet0' state from 6 to 1.
2026-07-26T02:39:05.782Z In(05) vmx scsi0:0: Command READ(10) took 1.221 seconds (ok)
2026-07-26T02:39:06.113Z In(05) vmx scsi0:0: Command READ(10) took 1.029 seconds (ok)
2026-07-26T02:39:06.172Z In(05) vmx scsi0:0: Command READ(10) took 1.053 seconds (ok)
2026-07-26T02:39:07.742Z In(05) vmx scsi0:0: Command READ(10) took 1.251 seconds (ok)
2026-07-26T02:39:07.742Z In(05) vmx scsi0:0: Command READ(10) took 1.251 seconds (ok)
2026-07-26T02:39:07.743Z In(05) vmx scsi0:0: Command READ(10) took 1.252 seconds (ok)
2026-07-26T02:39:07.754Z In(05) vmx scsi0:0: Command READ(10) took 1.327 seconds (ok)
2026-07-26T02:39:08.117Z In(05) vmx scsi0:0: Command READ(10) took 1.189 seconds (ok)
2026-07-26T02:39:09.121Z In(05) vmx scsi0:0: Command READ(10) took 1.082 seconds (ok)
2026-07-26T02:39:10.464Z In(05) vmx VNET: MACVNetLinkStateTimerHandler: 'ethernet0' state from 1 to 5.
2026-07-26T02:39:10.991Z In(05) vmx scsi0:0: Command READ(10) took 1.421 seconds (ok)
2026-07-26T02:39:11.028Z In(05) vmx scsi0:0: Command READ(10) took 1.082 seconds (ok)
2026-07-26T02:39:11.228Z In(05) vmx scsi0:0: Command READ(10) took 1.226 seconds (ok)
2026-07-26T02:39:16.013Z In(05) vmx scsi0:0: Command READ(10) took 4.554 seconds (ok)
2026-07-26T02:39:16.013Z In(05) vmx scsi0:0: Command READ(10) took 4.491 seconds (ok)
2026-07-26T02:39:16.013Z In(05) vmx scsi0:0: Command READ(10) took 4.191 seconds (ok)
2026-07-26T02:39:16.013Z In(05) vmx scsi0:0: Command READ(10) took 4.238 seconds (ok)
2026-07-26T02:39:26.379Z In(05) vmx scsi0:0: Command READ(10) took 1.073 seconds (ok)
2026-07-26T02:39:29.451Z In(05) vmx scsi0:0: Command READ(10) took 1.057 seconds (ok)
2026-07-26T02:39:29.452Z In(05) vmx scsi0:0: Command READ(10) took 1.081 seconds (ok)
2026-07-26T02:39:29.491Z In(05) vmx scsi0:0: Command READ(10) took 1.019 seconds (ok)
2026-07-26T02:39:30.307Z In(05) vmx scsi0:0: Command READ(10) took 1.005 seconds (ok)
2026-07-26T02:39:31.533Z In(05) vmx scsi0:0: Command READ(10) took 1.133 seconds (ok)
2026-07-26T02:39:32.556Z In(05) vmx scsi0:0: Command READ(10) took 1.013 seconds (ok)
2026-07-26T02:39:34.313Z In(05) vmx scsi0:0: Command READ(10) took 1.143 seconds (ok)
2026-07-26T02:39:34.534Z In(05) vmx scsi0:0: Command READ(10) took 1.238 seconds (ok)
2026-07-26T02:39:35.246Z In(05) vmx scsi0:0: Command READ(10) took 1.850 seconds (ok)
2026-07-26T02:39:36.178Z In(05) vmx scsi0:0: Command READ(10) took 1.338 seconds (ok)
2026-07-26T02:39:36.448Z In(05) vmx scsi0:0: Command READ(10) took 1.500 seconds (ok)
2026-07-26T02:39:37.597Z In(05) vmx scsi0:0: Command READ(10) took 1.100 seconds (ok)
2026-07-26T02:39:37.717Z In(05) vmx scsi0:0: Command READ(10) took 1.020 seconds (ok)
2026-07-26T02:39:38.762Z In(05) vmx scsi0:0: Command READ(10) took 1.373 seconds (ok)
2026-07-26T02:39:39.351Z In(05) vmx scsi0:0: Command READ(10) took 1.020 seconds (ok)
2026-07-26T02:39:39.795Z In(05) vmx scsi0:0: Command READ(10) took 1.030 seconds (ok)
2026-07-26T02:39:40.018Z In(05) vmx scsi0:0: Command READ(10) took 1.254 seconds (ok)
2026-07-26T02:39:40.400Z In(05) vmx scsi0:0: Command READ(10) took 1.046 seconds (ok)
2026-07-26T02:39:40.513Z In(05) vmx scsi0:0: Command READ(10) took 1.131 seconds (ok)
2026-07-26T02:39:40.789Z In(05) vmx scsi0:0: Command READ(10) took 1.618 seconds (ok)
2026-07-26T02:39:40.850Z In(05) vmx scsi0:0: Command READ(10) took 1.055 seconds (ok)
2026-07-26T02:39:41.823Z In(05) vmx scsi0:0: Command READ(10) took 1.031 seconds (ok)
2026-07-26T02:39:42.984Z In(05) vmx scsi0:0: Command READ(10) took 1.209 seconds (ok)
2026-07-26T02:39:42.995Z In(05) vmx scsi0:0: Command READ(10) took 1.220 seconds (ok)
2026-07-26T02:39:43.790Z In(05) vmx scsi0:0: Command READ(10) took 1.127 seconds (ok)
2026-07-26T02:39:44.724Z In(05) vmx scsi0:0: Command READ(10) took 1.353 seconds (ok)
2026-07-26T02:39:45.040Z In(05) vmx scsi0:0: Command READ(10) took 1.189 seconds (ok)
2026-07-26T02:39:45.601Z In(05) vmx scsi0:0: Command READ(10) took 1.022 seconds (ok)
2026-07-26T02:39:46.005Z In(05) vmx scsi0:0: Command READ(10) took 1.121 seconds (ok)
2026-07-26T02:39:46.961Z In(05) vmx scsi0:0: Command READ(10) took 1.319 seconds (ok)
2026-07-26T02:39:50.788Z In(05) vmx scsi0:0: Command READ(10) took 3.256 seconds (ok)
2026-07-26T02:39:50.795Z In(05) vmx scsi0:0: Command READ(10) took 3.254 seconds (ok)
2026-07-26T02:39:50.795Z In(05) vmx scsi0:0: Command READ(10) took 3.295 seconds (ok)
2026-07-26T02:39:50.795Z In(05) vmx scsi0:0: Command READ(10) took 3.228 seconds (ok)
2026-07-26T02:39:50.795Z In(05) vmx scsi0:0: Command READ(10) took 3.094 seconds (ok)
2026-07-26T02:39:50.795Z In(05) vmx scsi0:0: Command READ(10) took 2.828 seconds (ok)
2026-07-26T02:39:50.795Z In(05) vmx scsi0:0: Command READ(10) took 2.831 seconds (ok)
2026-07-26T02:39:50.795Z In(05) vmx scsi0:0: Command READ(10) took 2.831 seconds (ok)
2026-07-26T02:39:50.795Z In(05) vmx scsi0:0: Command READ(10) took 2.893 seconds (ok)
2026-07-26T02:39:51.065Z In(05) vmx VNET: MACVNetLinkStateEventHandler: event, up:0, adapter:1
2026-07-26T02:39:51.065Z In(05) vmx VNET: MACVNetLinkStateEventHandler: 'ethernet0' state from 5 to 7.
2026-07-26T02:39:51.065Z In(05) vmx VNET: MACVNetLinkStateEventHandler: event, up:1, adapter:0
2026-07-26T02:39:51.066Z In(05) vmx VNET: MACVNetLinkStateEventHandler: 'ethernet0' state from 7 to 2.
2026-07-26T02:39:52.020Z In(05) vmx scsi0:0: Command READ(10) took 1.188 seconds (ok)
2026-07-26T02:39:52.072Z In(05) vmx scsi0:0: Command READ(10) took 1.204 seconds (ok)
2026-07-26T02:39:52.119Z In(05) vmx scsi0:0: Command READ(10) took 1.261 seconds (ok)
2026-07-26T02:39:52.250Z In(05) vmx scsi0:0: Command READ(10) took 1.365 seconds (ok)
2026-07-26T02:39:52.344Z In(05) vmx scsi0:0: Command READ(10) took 1.418 seconds (ok)
2026-07-26T02:39:52.401Z In(05) vmx scsi0:0: Command READ(10) took 1.432 seconds (ok)
2026-07-26T02:39:52.827Z In(05) vmx VNET: MACVNetLinkStateEventHandler: event, up:0, adapter:1
2026-07-26T02:39:52.827Z In(05) vmx VNET: MACVNetLinkStateEventHandler: 'ethernet0' state from 2 to 0.
2026-07-26T02:39:52.827Z In(05) vmx VNET: MACVNetLinkStateEventHandler: event, up:1, adapter:0
2026-07-26T02:39:52.827Z In(05) vmx VNET: MACVNetLinkStateEventHandler: 'ethernet0' state from 0 to 2.
2026-07-26T02:39:53.683Z In(05) vmx scsi0:0: Command READ(10) took 1.338 seconds (ok)
2026-07-26T02:39:53.707Z In(05) vmx scsi0:0: Command READ(10) took 1.028 seconds (ok)
2026-07-26T02:39:53.914Z In(05) vmx scsi0:0: Command READ(10) took 1.234 seconds (ok)
2026-07-26T02:39:58.734Z In(05) vmx GuestRpcSendTimedOut: message to toolbox timed out.
2026-07-26T02:39:59.079Z In(05) vmx Tools: [AppStatus] Last heartbeat value 561 (last received 7s ago)
2026-07-26T02:39:59.079Z In(05) vmx TOOLS: appName=toolbox, oldStatus=1, status=2, guestInitiated=0.
2026-07-26T02:40:03.446Z In(05) vmx VNET: MACVNetLinkStateTimerHandler: 'ethernet0' state from 2 to 6.
2026-07-26T02:40:05.071Z In(05) vmx VNET: MACVNetLinkStateTimerHandler: 'ethernet0' state from 6 to 1.
2026-07-26T02:40:05.148Z In(05) vmx scsi0:0: Command READ(10) took 1.688 seconds (ok)
2026-07-26T02:40:05.148Z In(05) vmx scsi0:0: Command READ(10) took 1.688 seconds (ok)
2026-07-26T02:40:05.148Z In(05) vmx scsi0:0: Command READ(10) took 1.673 seconds (ok)
2026-07-26T02:40:05.148Z In(05) vmx scsi0:0: Command READ(10) took 1.682 seconds (ok)
2026-07-26T02:40:05.148Z In(05) vmx scsi0:0: Command READ(10) took 1.699 seconds (ok)
2026-07-26T02:40:05.148Z In(05) vmx scsi0:0: Command READ(10) took 1.654 seconds (ok)
2026-07-26T02:40:05.148Z In(05) vmx scsi0:0: Command READ(10) took 1.654 seconds (ok)
2026-07-26T02:40:05.148Z In(05) vmx scsi0:0: Command READ(10) took 1.654 seconds (ok)
2026-07-26T02:40:05.148Z In(05) vmx scsi0:0: Command READ(10) took 1.654 seconds (ok)
2026-07-26T02:40:05.148Z In(05) vmx scsi0:0: Command READ(10) took 1.673 seconds (ok)
2026-07-26T02:40:05.148Z In(05) vmx scsi0:0: Command READ(10) took 1.688 seconds (ok)
2026-07-26T02:40:05.393Z In(05) vcpu-0 Tools: [AppStatus] Last heartbeat value 562 (last received 5s ago)
2026-07-26T02:40:05.394Z In(05) vcpu-0 TOOLS: appName=toolbox, oldStatus=2, status=1, guestInitiated=0.
2026-07-26T02:40:06.575Z In(05) vmx scsi0:0: Command READ(10) took 1.022 seconds (ok)
2026-07-26T02:40:06.954Z In(05) vmx scsi0:0: Command READ(10) took 1.133 seconds (ok)
2026-07-26T02:40:06.955Z In(05) vmx scsi0:0: Command READ(10) took 1.134 seconds (ok)
2026-07-26T02:40:06.987Z In(05) vmx scsi0:0: Command READ(10) took 1.117 seconds (ok)
2026-07-26T02:40:06.992Z In(05) vmx scsi0:0: Command READ(10) took 1.103 seconds (ok)
2026-07-26T02:40:07.149Z In(05) vmx scsi0:0: Command READ(10) took 1.317 seconds (ok)
2026-07-26T02:40:07.250Z In(05) vmx scsi0:0: Command READ(10) took 1.236 seconds (ok)
2026-07-26T02:40:07.250Z In(05) vmx scsi0:0: Command READ(10) took 1.236 seconds (ok)
2026-07-26T02:40:07.253Z In(05) vmx scsi0:0: Command READ(10) took 1.244 seconds (ok)
2026-07-26T02:40:07.254Z In(05) vmx scsi0:0: Command READ(10) took 1.244 seconds (ok)
2026-07-26T02:40:07.606Z In(05) vmx scsi0:0: Command READ(10) took 1.030 seconds (ok)
2026-07-26T02:40:07.606Z In(05) vmx scsi0:0: Command READ(10) took 1.031 seconds (ok)
2026-07-26T02:40:07.607Z In(05) vmx scsi0:0: Command READ(10) took 1.031 seconds (ok)
2026-07-26T02:40:07.762Z In(05) vmx scsi0:0: Command READ(10) took 1.016 seconds (ok)
2026-07-26T02:40:07.763Z In(05) vmx scsi0:0: Command READ(10) took 1.016 seconds (ok)
2026-07-26T02:40:08.414Z In(05) vmx scsi0:0: Command READ(10) took 1.131 seconds (ok)
2026-07-26T02:40:08.887Z In(05) vmx scsi0:0: Command READ(10) took 1.604 seconds (ok)
2026-07-26T02:40:08.888Z In(05) vmx scsi0:0: Command READ(10) took 1.604 seconds (ok)
2026-07-26T02:40:08.888Z In(05) vmx scsi0:0: Command READ(10) took 1.604 seconds (ok)
2026-07-26T02:40:09.665Z In(05) vmx scsi0:0: Command READ(10) took 1.075 seconds (ok)
2026-07-26T02:40:09.887Z In(05) vmx scsi0:0: Command READ(10) took 1.011 seconds (ok)
2026-07-26T02:40:10.044Z In(05) vmx scsi0:0: Command READ(10) took 1.135 seconds (ok)
2026-07-26T02:40:12.592Z In(05) vmx scsi0:0: Command READ(10) took 3.334 seconds (ok)
2026-07-26T02:40:12.598Z In(05) vmx scsi0:0: Command READ(10) took 3.417 seconds (ok)
2026-07-26T02:40:12.598Z In(05) vmx scsi0:0: Command READ(10) took 3.203 seconds (ok)
2026-07-26T02:40:12.598Z In(05) vmx scsi0:0: Command READ(10) took 3.390 seconds (ok)
2026-07-26T02:40:12.599Z In(05) vmx scsi0:0: Command READ(10) took 3.172 seconds (ok)
2026-07-26T02:40:12.599Z In(05) vmx scsi0:0: Command READ(10) took 3.173 seconds (ok)
2026-07-26T02:40:12.599Z In(05) vmx scsi0:0: Command READ(10) took 2.935 seconds (ok)
2026-07-26T02:40:12.600Z In(05) vmx scsi0:0: Command READ(10) took 2.935 seconds (ok)
2026-07-26T02:40:12.600Z In(05) vmx scsi0:0: Command READ(10) took 2.935 seconds (ok)
2026-07-26T02:40:12.600Z In(05) vmx scsi0:0: Command READ(10) took 2.713 seconds (ok)
2026-07-26T02:40:13.274Z In(05) vmx VNET: MACVNetLinkStateTimerHandler: 'ethernet0' state from 1 to 5.
2026-07-26T02:40:42.299Z In(05) vmx scsi0:0: Command READ(10) took 1.008 seconds (ok)
2026-07-26T02:40:44.755Z In(05) vmx scsi0:0: Command READ(10) took 1.549 seconds (ok)
2026-07-26T02:40:44.759Z In(05) vmx scsi0:0: Command READ(10) took 1.420 seconds (ok)
2026-07-26T02:40:44.760Z In(05) vmx scsi0:0: Command READ(10) took 1.414 seconds (ok)
2026-07-26T02:40:44.760Z In(05) vmx scsi0:0: Command READ(10) took 1.202 seconds (ok)
2026-07-26T02:40:44.760Z In(05) vmx scsi0:0: Command READ(10) took 1.202 seconds (ok)
2026-07-26T02:40:44.760Z In(05) vmx scsi0:0: Command READ(10) took 1.202 seconds (ok)
2026-07-26T02:41:07.124Z In(05) vmx scsi0:0: Command READ(10) took 1.043 seconds (ok)
2026-07-26T02:41:07.146Z In(05) vmx scsi0:0: Command READ(10) took 1.031 seconds (ok)
2026-07-26T02:41:07.231Z In(05) vmx scsi0:0: Command READ(10) took 1.093 seconds (ok)
2026-07-26T02:41:07.231Z In(05) vmx scsi0:0: Command READ(10) took 1.093 seconds (ok)
2026-07-26T02:41:07.232Z In(05) vmx scsi0:0: Command READ(10) took 1.093 seconds (ok)
2026-07-26T02:41:07.234Z In(05) vmx scsi0:0: Command READ(10) took 1.094 seconds (ok)
2026-07-26T02:41:07.234Z In(05) vmx scsi0:0: Command READ(10) took 1.094 seconds (ok)
2026-07-26T02:41:07.249Z In(05) vmx scsi0:0: Command READ(10) took 1.108 seconds (ok)
2026-07-26T02:41:10.407Z In(05) vmx scsi0:0: Command READ(10) took 1.566 seconds (ok)
2026-07-26T02:41:10.419Z In(05) vmx scsi0:0: Command READ(10) took 1.203 seconds (ok)
2026-07-26T02:41:10.521Z In(05) vmx scsi0:0: Command READ(10) took 1.280 seconds (ok)
2026-07-26T02:41:16.157Z In(05) vmx scsi0:0: Command READ(10) took 1.088 seconds (ok)
2026-07-26T02:41:44.464Z In(05) vmx scsi0:0: Command READ(10) took 1.215 seconds (ok)
2026-07-26T02:41:48.252Z In(05) vmx scsi0:0: Command READ(10) took 1.220 seconds (ok)
2026-07-26T02:44:38.011Z In(05) vmx scsi0:0: Command READ(10) took 1.002 seconds (ok)
2026-07-26T02:44:42.306Z In(05) vmx scsi0:0: Command READ(10) took 1.271 seconds (ok)
2026-07-26T02:44:42.307Z In(05) vmx scsi0:0: Command READ(10) took 1.272 seconds (ok)
2026-07-26T02:44:42.307Z In(05) vmx scsi0:0: Command READ(10) took 1.272 seconds (ok)
2026-07-26T02:44:42.307Z In(05) vmx scsi0:0: Command READ(10) took 1.272 seconds (ok)
2026-07-26T02:45:02.132Z In(05) vmx scsi0:0: Command READ(10) took 1.022 seconds (ok)
2026-07-26T02:45:02.239Z In(05) vmx scsi0:0: Command READ(10) took 1.055 seconds (ok)
2026-07-26T02:45:02.239Z In(05) vmx scsi0:0: Command READ(10) took 1.055 seconds (ok)
2026-07-26T02:45:02.239Z In(05) vmx scsi0:0: Command READ(10) took 1.055 seconds (ok)
2026-07-26T02:45:02.239Z In(05) vmx scsi0:0: Command READ(10) took 1.055 seconds (ok)
2026-07-26T02:45:02.240Z In(05) vmx scsi0:0: Command READ(10) took 1.055 seconds (ok)
2026-07-26T02:45:02.391Z In(05) vmx scsi0:0: Command READ(10) took 1.232 seconds (ok)
2026-07-26T02:45:02.391Z In(05) vmx scsi0:0: Command READ(10) took 1.232 seconds (ok)
2026-07-26T02:45:07.878Z In(05) vmx scsi0:0: Command READ(10) took 1.022 seconds (ok)
2026-07-26T02:45:09.550Z In(05) vmx scsi0:0: Command READ(10) took 1.003 seconds (ok)
2026-07-26T02:45:09.551Z In(05) vmx scsi0:0: Command READ(10) took 1.004 seconds (ok)
2026-07-26T02:45:09.551Z In(05) vmx scsi0:0: Command READ(10) took 1.004 seconds (ok)
2026-07-26T02:45:15.484Z In(05) vmx scsi0:0: Command WRITE(10) took 1.847 seconds (ok)
2026-07-26T02:45:17.867Z In(05) vmx scsi0:0: Command WRITE(10) took 2.375 seconds (ok)
2026-07-26T02:45:20.624Z In(05) vmx scsi0:0: Command READ(10) took 1.001 seconds (ok)
2026-07-26T02:45:20.624Z In(05) vmx scsi0:0: Command READ(10) took 1.012 seconds (ok)
2026-07-26T02:45:20.624Z In(05) vmx scsi0:0: Command WRITE(10) took 9.185 seconds (ok)
2026-07-26T02:45:20.624Z In(05) vmx scsi0:0: Command WRITE(10) took 8.704 seconds (ok)
2026-07-26T02:45:21.341Z In(05) vmx scsi0:0: Command WRITE(10) took 1.572 seconds (ok)
2026-07-26T02:45:26.844Z In(05) vmx scsi0:0: Command WRITE(10) took 1.472 seconds (ok)
2026-07-26T02:45:26.919Z In(05) vmx scsi0:0: Command WRITE(10) took 2.192 seconds (ok)
2026-07-26T02:45:27.278Z In(05) vmx scsi0:0: Command WRITE(10) took 2.351 seconds (ok)
2026-07-26T02:45:27.284Z In(05) vmx scsi0:0: Command WRITE(10) took 2.033 seconds (ok)
2026-07-26T02:45:27.298Z In(05) vmx scsi0:0: Command WRITE(10) took 2.571 seconds (ok)
2026-07-26T02:45:28.616Z In(05) vmx scsi0:0: Command READ(10) took 1.176 seconds (ok)
2026-07-26T02:45:29.664Z In(05) vmx scsi0:0: Command WRITE(10) took 4.382 seconds (ok)
2026-07-26T02:45:29.848Z In(05) vmx scsi0:0: Command READ(10) took 1.149 seconds (ok)
2026-07-26T02:45:29.850Z In(05) vmx scsi0:0: Command READ(10) took 1.151 seconds (ok)
2026-07-26T02:45:29.883Z In(05) vmx scsi0:0: Command WRITE(10) took 17.961 seconds (ok)
2026-07-26T02:45:30.432Z In(05) vmx scsi0:0: Command WRITE(10) took 1.416 seconds (ok)
2026-07-26T02:45:31.456Z In(05) vmx scsi0:0: Command READ(10) took 1.009 seconds (ok)
2026-07-26T02:45:31.472Z In(05) vmx scsi0:0: Command WRITE(10) took 1.026 seconds (ok)
2026-07-26T02:45:32.013Z In(05) vmx scsi0:0: Command WRITE(10) took 20.089 seconds (ok)
2026-07-26T02:45:33.333Z In(05) vmx scsi0:0: Command READ(10) took 2.706 seconds (ok)
2026-07-26T02:45:33.333Z In(05) vmx scsi0:0: Command READ(10) took 1.790 seconds (ok)
2026-07-26T02:45:33.333Z In(05) vmx scsi0:0: Command READ(10) took 1.785 seconds (ok)
2026-07-26T02:45:33.334Z In(05) vmx scsi0:0: Command READ(10) took 1.799 seconds (ok)
2026-07-26T02:45:33.334Z In(05) vmx scsi0:0: Command READ(10) took 1.874 seconds (ok)
2026-07-26T02:45:33.334Z In(05) vmx scsi0:0: Command READ(10) took 1.815 seconds (ok)
2026-07-26T02:45:33.334Z In(05) vmx scsi0:0: Command WRITE(10) took 1.320 seconds (ok)
2026-07-26T02:45:35.148Z In(05) vmx scsi0:0: Command WRITE(10) took 23.222 seconds (ok)
2026-07-26T02:45:35.148Z In(05) vmx scsi0:0: Command WRITE(10) took 23.221 seconds (ok)
2026-07-26T02:45:35.149Z In(05) vmx scsi0:0: Command WRITE(10) took 23.220 seconds (ok)
2026-07-26T02:45:35.149Z In(05) vmx scsi0:0: Command WRITE(10) took 23.218 seconds (ok)
2026-07-26T02:45:35.149Z In(05) vmx scsi0:0: Command WRITE(10) took 9.880 seconds (ok)
2026-07-26T02:45:35.149Z In(05) vmx scsi0:0: Command WRITE(10) took 9.879 seconds (ok)
2026-07-26T02:45:35.150Z In(05) vmx scsi0:0: Command WRITE(10) took 9.875 seconds (ok)
2026-07-26T02:45:35.150Z In(05) vmx scsi0:0: Command WRITE(10) took 9.877 seconds (ok)
2026-07-26T02:45:35.150Z In(05) vmx scsi0:0: Command WRITE(10) took 9.878 seconds (ok)
2026-07-26T02:45:35.150Z In(05) vmx scsi0:0: Command WRITE(10) took 9.874 seconds (ok)
2026-07-26T02:45:35.151Z In(05) vmx scsi0:0: Command WRITE(10) took 9.873 seconds (ok)
2026-07-26T02:45:36.801Z In(05) vmx scsi0:0: Command READ(10) took 1.089 seconds (ok)
2026-07-26T02:45:37.438Z In(05) vmx scsi0:0: Command READ(10) took 1.734 seconds (ok)
2026-07-26T02:45:37.438Z In(05) vmx scsi0:0: Command READ(10) took 1.726 seconds (ok)
2026-07-26T02:45:37.438Z In(05) vmx scsi0:0: Command READ(10) took 1.711 seconds (ok)
2026-07-26T02:45:38.818Z In(05) vmx scsi0:0: Command WRITE(10) took 2.450 seconds (ok)
2026-07-26T02:45:42.042Z In(05) vmx scsi0:0: Command READ(10) took 1.146 seconds (ok)
2026-07-26T02:45:42.042Z In(05) vmx scsi0:0: Command READ(10) took 1.147 seconds (ok)
2026-07-26T02:45:42.042Z In(05) vmx scsi0:0: Command READ(10) took 1.147 seconds (ok)
2026-07-26T02:45:43.391Z In(05) vmx scsi0:0: Command READ(10) took 1.119 seconds (ok)
2026-07-26T02:45:43.391Z In(05) vmx scsi0:0: Command READ(10) took 1.119 seconds (ok)
2026-07-26T02:45:43.391Z In(05) vmx scsi0:0: Command READ(10) took 1.119 seconds (ok)
2026-07-26T02:45:43.391Z In(05) vmx scsi0:0: Command READ(10) took 1.119 seconds (ok)
2026-07-26T02:45:43.391Z In(05) vmx scsi0:0: Command READ(10) took 1.119 seconds (ok)
2026-07-26T02:45:43.391Z In(05) vmx scsi0:0: Command READ(10) took 1.119 seconds (ok)
2026-07-26T02:45:43.391Z In(05) vmx scsi0:0: Command READ(10) took 1.119 seconds (ok)
2026-07-26T02:45:43.392Z In(05) vmx scsi0:0: Command READ(10) took 1.170 seconds (ok)
2026-07-26T02:45:43.392Z In(05) vmx scsi0:0: Command READ(10) took 1.145 seconds (ok)
2026-07-26T02:45:43.392Z In(05) vmx scsi0:0: Command READ(10) took 1.145 seconds (ok)
2026-07-26T02:45:43.392Z In(05) vmx scsi0:0: Command READ(10) took 1.145 seconds (ok)
2026-07-26T02:45:43.392Z In(05) vmx scsi0:0: Command READ(10) took 1.145 seconds (ok)
2026-07-26T02:45:43.392Z In(05) vmx scsi0:0: Command READ(10) took 1.145 seconds (ok)
2026-07-26T02:45:43.392Z In(05) vmx scsi0:0: Command READ(10) took 1.145 seconds (ok)
2026-07-26T02:45:43.392Z In(05) vmx scsi0:0: Command WRITE(10) took 1.191 seconds (ok)
2026-07-26T02:45:43.392Z In(05) vmx scsi0:0: Command WRITE(10) took 2.677 seconds (ok)
2026-07-26T02:45:43.393Z In(05) vmx scsi0:0: Command WRITE(10) took 1.198 seconds (ok)
2026-07-26T02:45:43.393Z In(05) vmx scsi0:0: Command WRITE(10) took 1.199 seconds (ok)
2026-07-26T02:45:43.393Z In(05) vmx scsi0:0: Command WRITE(10) took 1.196 seconds (ok)
2026-07-26T02:45:43.393Z In(05) vmx scsi0:0: Command WRITE(10) took 1.194 seconds (ok)
2026-07-26T02:45:47.070Z In(05) vmx scsi0:0: Command READ(10) took 1.110 seconds (ok)
2026-07-26T02:45:47.769Z In(05) vmx scsi0:0: Command READ(10) took 1.732 seconds (ok)
2026-07-26T02:45:47.770Z In(05) vmx scsi0:0: Command READ(10) took 1.732 seconds (ok)
2026-07-26T02:45:47.770Z In(05) vmx scsi0:0: Command READ(10) took 1.732 seconds (ok)
2026-07-26T02:45:47.770Z In(05) vmx scsi0:0: Command READ(10) took 1.732 seconds (ok)
2026-07-26T02:45:47.770Z In(05) vmx scsi0:0: Command READ(10) took 1.157 seconds (ok)
2026-07-26T02:45:48.028Z In(05) vmx scsi0:0: Command READ(10) took 1.009 seconds (ok)
2026-07-26T02:45:48.482Z In(05) vmx scsi0:0: Command READ(10) took 1.463 seconds (ok)
2026-07-26T02:45:48.482Z In(05) vmx scsi0:0: Command READ(10) took 1.442 seconds (ok)
2026-07-26T02:45:48.482Z In(05) vmx scsi0:0: Command READ(10) took 1.442 seconds (ok)
2026-07-26T02:45:48.483Z In(05) vmx scsi0:0: Command READ(10) took 1.428 seconds (ok)
2026-07-26T02:45:59.499Z In(05) vmx scsi0:0: Command WRITE(10) took 2.346 seconds (ok)
2026-07-26T02:46:48.605Z In(05) vmx scsi0:0: Command READ(10) took 1.119 seconds (ok)
2026-07-26T02:47:04.129Z In(05) vmx scsi0:0: Command READ(10) took 1.002 seconds (ok)
2026-07-26T02:47:04.129Z In(05) vmx scsi0:0: Command READ(10) took 1.002 seconds (ok)
2026-07-26T02:47:04.130Z In(05) vmx scsi0:0: Command READ(10) took 1.002 seconds (ok)
2026-07-26T02:47:04.131Z In(05) vmx scsi0:0: Command READ(10) took 1.003 seconds (ok)
2026-07-26T02:47:04.152Z In(05) vmx scsi0:0: Command READ(10) took 1.127 seconds (ok)
2026-07-26T02:47:04.152Z In(05) vmx scsi0:0: Command READ(10) took 1.127 seconds (ok)
2026-07-26T02:47:04.152Z In(05) vmx scsi0:0: Command READ(10) took 1.127 seconds (ok)
2026-07-26T02:47:04.153Z In(05) vmx scsi0:0: Command READ(10) took 1.128 seconds (ok)
2026-07-26T02:47:10.170Z In(05) vmx scsi0:0: Command READ(10) took 1.000 seconds (ok)
2026-07-26T02:47:10.171Z In(05) vmx scsi0:0: Command READ(10) took 1.000 seconds (ok)
2026-07-26T02:47:10.297Z In(05) vmx scsi0:0: Command READ(10) took 1.110 seconds (ok)
2026-07-26T02:47:10.345Z In(05) vmx scsi0:0: Command READ(10) took 1.125 seconds (ok)
2026-07-26T02:50:01.150Z In(05) vmx scsi0:0: Command READ(10) took 2.675 seconds (ok)
2026-07-26T02:50:01.343Z In(05) vmx scsi0:0: Command READ(10) took 2.898 seconds (ok)
2026-07-26T02:50:01.343Z In(05) vmx scsi0:0: Command READ(10) took 2.918 seconds (ok)
2026-07-26T02:50:01.952Z In(05) vmx scsi0:0: Command READ(10) took 2.822 seconds (ok)
2026-07-26T02:50:02.460Z In(05) vmx scsi0:0: Command READ(10) took 1.104 seconds (ok)
2026-07-26T02:50:02.460Z In(05) vmx scsi0:0: Command READ(10) took 1.104 seconds (ok)
2026-07-26T02:50:09.680Z In(05) vmx scsi0:0: Command WRITE(10) took 1.151 seconds (ok)
2026-07-26T02:50:09.680Z In(05) vmx scsi0:0: Command WRITE(10) took 1.148 seconds (ok)
2026-07-26T02:50:09.688Z In(05) vmx scsi0:0: Command WRITE(10) took 1.165 seconds (ok)
2026-07-26T02:50:09.691Z In(05) vmx scsi0:0: Command WRITE(10) took 1.160 seconds (ok)
2026-07-26T02:50:09.699Z In(05) vmx scsi0:0: Command WRITE(10) took 1.172 seconds (ok)
2026-07-26T02:50:09.710Z In(05) vmx scsi0:0: Command WRITE(10) took 1.211 seconds (ok)
2026-07-26T02:50:09.710Z In(05) vmx scsi0:0: Command WRITE(10) took 1.233 seconds (ok)
2026-07-26T02:50:12.241Z In(05) vmx scsi0:0: Command WRITE(10) took 1.535 seconds (ok)
2026-07-26T02:50:12.241Z In(05) vmx scsi0:0: Command WRITE(10) took 1.534 seconds (ok)
2026-07-26T02:50:12.242Z In(05) vmx scsi0:0: Command WRITE(10) took 1.531 seconds (ok)
2026-07-26T02:50:12.384Z In(05) vmx scsi0:0: Command WRITE(10) took 1.675 seconds (ok)
2026-07-26T02:50:12.384Z In(05) vmx scsi0:0: Command WRITE(10) took 1.671 seconds (ok)
2026-07-26T02:50:12.384Z In(05) vmx scsi0:0: Command WRITE(10) took 1.672 seconds (ok)
2026-07-26T02:50:12.385Z In(05) vmx scsi0:0: Command WRITE(10) took 1.669 seconds (ok)
2026-07-26T02:50:14.445Z In(05) vmx scsi0:0: Command READ(10) took 1.037 seconds (ok)
2026-07-26T02:50:14.445Z In(05) vmx scsi0:0: Command READ(10) took 1.030 seconds (ok)
2026-07-26T02:50:15.795Z In(05) vmx scsi0:0: Command READ(10) took 1.006 seconds (ok)
2026-07-26T02:50:15.796Z In(05) vmx scsi0:0: Command READ(10) took 1.007 seconds (ok)
2026-07-26T02:50:15.796Z In(05) vmx scsi0:0: Command READ(10) took 1.345 seconds (ok)
2026-07-26T02:50:17.474Z In(05) vmx scsi0:0: Command READ(10) took 1.067 seconds (ok)
2026-07-26T02:50:17.561Z In(05) vmx scsi0:0: Command READ(10) took 1.154 seconds (ok)
2026-07-26T02:50:17.561Z In(05) vmx scsi0:0: Command READ(10) took 1.150 seconds (ok)
2026-07-26T02:50:19.498Z In(05) vmx scsi0:0: Command READ(10) took 1.879 seconds (ok)
2026-07-26T02:50:19.498Z In(05) vmx scsi0:0: Command READ(10) took 1.879 seconds (ok)
2026-07-26T02:50:19.498Z In(05) vmx scsi0:0: Command READ(10) took 1.879 seconds (ok)
2026-07-26T02:50:19.499Z In(05) vmx scsi0:0: Command READ(10) took 1.938 seconds (ok)
2026-07-26T02:50:19.499Z In(05) vmx scsi0:0: Command READ(10) took 1.932 seconds (ok)
2026-07-26T02:50:19.499Z In(05) vmx scsi0:0: Command READ(10) took 1.932 seconds (ok)
2026-07-26T02:50:19.499Z In(05) vmx scsi0:0: Command READ(10) took 2.025 seconds (ok)
2026-07-26T02:50:19.499Z In(05) vmx scsi0:0: Command READ(10) took 2.358 seconds (ok)
2026-07-26T02:50:19.499Z In(05) vmx scsi0:0: Command READ(10) took 2.358 seconds (ok)
2026-07-26T02:50:19.499Z In(05) vmx scsi0:0: Command READ(10) took 2.358 seconds (ok)
2026-07-26T02:50:19.499Z In(05) vmx scsi0:0: Command READ(10) took 2.358 seconds (ok)
2026-07-26T02:50:19.981Z In(05) vmx scsi0:0: Command READ(10) took 2.839 seconds (ok)
2026-07-26T02:50:19.981Z In(05) vmx scsi0:0: Command READ(10) took 2.837 seconds (ok)
2026-07-26T02:50:19.981Z In(05) vmx scsi0:0: Command READ(10) took 2.837 seconds (ok)
2026-07-26T02:50:19.981Z In(05) vmx scsi0:0: Command READ(10) took 2.837 seconds (ok)
2026-07-26T02:50:19.981Z In(05) vmx scsi0:0: Command READ(10) took 2.418 seconds (ok)
2026-07-26T02:50:19.981Z In(05) vmx scsi0:0: Command READ(10) took 2.852 seconds (ok)
2026-07-26T02:50:19.981Z In(05) vmx scsi0:0: Command READ(10) took 2.363 seconds (ok)
2026-07-26T02:50:19.981Z In(05) vmx scsi0:0: Command READ(10) took 2.363 seconds (ok)
2026-07-26T02:50:19.981Z In(05) vmx scsi0:0: Command READ(10) took 2.363 seconds (ok)
2026-07-26T02:50:19.981Z In(05) vmx scsi0:0: Command READ(10) took 2.363 seconds (ok)
2026-07-26T02:50:19.981Z In(05) vmx scsi0:0: Command READ(10) took 2.363 seconds (ok)
2026-07-26T02:50:22.771Z In(05) vmx scsi0:0: Command READ(10) took 1.078 seconds (ok)
2026-07-26T02:50:22.771Z In(05) vmx scsi0:0: Command READ(10) took 1.169 seconds (ok)
2026-07-26T02:50:22.771Z In(05) vmx scsi0:0: Command READ(10) took 1.155 seconds (ok)
2026-07-26T02:50:22.771Z In(05) vmx scsi0:0: Command READ(10) took 1.155 seconds (ok)
2026-07-26T02:50:22.771Z In(05) vmx scsi0:0: Command READ(10) took 1.155 seconds (ok)
2026-07-26T02:50:22.771Z In(05) vmx scsi0:0: Command READ(10) took 1.155 seconds (ok)
2026-07-26T02:50:22.771Z In(05) vmx scsi0:0: Command READ(10) took 1.071 seconds (ok)
2026-07-26T02:50:24.683Z In(05) vmx scsi0:0: Command READ(10) took 1.119 seconds (ok)
2026-07-26T02:50:24.683Z In(05) vmx scsi0:0: Command READ(10) took 1.119 seconds (ok)
2026-07-26T02:50:24.683Z In(05) vmx scsi0:0: Command READ(10) took 1.119 seconds (ok)
2026-07-26T02:50:24.683Z In(05) vmx scsi0:0: Command READ(10) took 1.119 seconds (ok)
2026-07-26T02:50:28.499Z In(05) vmx scsi0:0: Command READ(10) took 1.247 seconds (ok)
2026-07-26T02:50:29.976Z In(05) vmx scsi0:0: Command READ(10) took 1.467 seconds (ok)
2026-07-26T02:50:29.977Z In(05) vmx scsi0:0: Command READ(10) took 1.467 seconds (ok)
2026-07-26T02:50:29.977Z In(05) vmx scsi0:0: Command READ(10) took 1.467 seconds (ok)
2026-07-26T02:50:29.977Z In(05) vmx scsi0:0: Command READ(10) took 1.466 seconds (ok)
2026-07-26T02:50:29.977Z In(05) vmx scsi0:0: Command READ(10) took 1.466 seconds (ok)
2026-07-26T02:50:29.977Z In(05) vmx scsi0:0: Command READ(10) took 1.466 seconds (ok)
2026-07-26T02:50:29.977Z In(05) vmx scsi0:0: Command READ(10) took 1.404 seconds (ok)
2026-07-26T02:50:29.977Z In(05) vmx scsi0:0: Command READ(10) took 1.478 seconds (ok)
2026-07-26T02:50:29.977Z In(05) vmx scsi0:0: Command READ(10) took 1.466 seconds (ok)
2026-07-26T02:50:29.977Z In(05) vmx scsi0:0: Command READ(10) took 1.163 seconds (ok)
2026-07-26T02:50:29.977Z In(05) vmx scsi0:0: Command WRITE(10) took 1.094 seconds (ok)
2026-07-26T02:50:29.977Z In(05) vmx scsi0:0: Command READ(10) took 1.090 seconds (ok)
2026-07-26T02:50:29.977Z In(05) vmx scsi0:0: Command READ(10) took 1.086 seconds (ok)
2026-07-26T02:50:33.875Z In(05) vmx scsi0:0: Command READ(10) took 1.894 seconds (ok)
2026-07-26T02:50:33.875Z In(05) vmx scsi0:0: Command READ(10) took 1.892 seconds (ok)
2026-07-26T02:50:33.876Z In(05) vmx scsi0:0: Command READ(10) took 1.919 seconds (ok)
2026-07-26T02:50:33.876Z In(05) vmx scsi0:0: Command READ(10) took 1.918 seconds (ok)
2026-07-26T02:50:33.876Z In(05) vmx scsi0:0: Command READ(10) took 1.918 seconds (ok)
2026-07-26T02:50:33.876Z In(05) vmx scsi0:0: Command READ(10) took 1.918 seconds (ok)
2026-07-26T02:50:33.876Z In(05) vmx scsi0:0: Command READ(10) took 1.918 seconds (ok)
2026-07-26T02:50:33.876Z In(05) vmx scsi0:0: Command READ(10) took 1.918 seconds (ok)
2026-07-26T02:50:33.876Z In(05) vmx scsi0:0: Command READ(10) took 1.908 seconds (ok)
2026-07-26T02:50:33.876Z In(05) vmx scsi0:0: Command READ(10) took 1.907 seconds (ok)
2026-07-26T02:50:33.876Z In(05) vmx scsi0:0: Command READ(10) took 1.907 seconds (ok)
2026-07-26T02:50:33.876Z In(05) vmx scsi0:0: Command READ(10) took 1.907 seconds (ok)
2026-07-26T02:50:33.876Z In(05) vmx scsi0:0: Command WRITE(10) took 1.614 seconds (ok)
2026-07-26T02:50:33.876Z In(05) vmx scsi0:0: Command READ(10) took 1.692 seconds (ok)
2026-07-26T02:50:33.876Z In(05) vmx scsi0:0: Command READ(10) took 1.693 seconds (ok)
2026-07-26T02:50:33.876Z In(05) vmx scsi0:0: Command READ(10) took 1.693 seconds (ok)
2026-07-26T02:50:33.876Z In(05) vmx scsi0:0: Command READ(10) took 1.692 seconds (ok)
2026-07-26T02:50:33.877Z In(05) vmx scsi0:0: Command READ(10) took 1.693 seconds (ok)
2026-07-26T02:50:33.877Z In(05) vmx scsi0:0: Command READ(10) took 1.692 seconds (ok)
2026-07-26T02:50:33.877Z In(05) vmx scsi0:0: Command READ(10) took 1.692 seconds (ok)
2026-07-26T02:50:33.877Z In(05) vmx scsi0:0: Command READ(10) took 1.692 seconds (ok)
2026-07-26T02:50:33.877Z In(05) vmx scsi0:0: Command READ(10) took 1.614 seconds (ok)
2026-07-26T02:50:33.877Z In(05) vmx scsi0:0: Command READ(10) took 1.614 seconds (ok)
2026-07-26T02:50:33.877Z In(05) vmx scsi0:0: Command READ(10) took 1.620 seconds (ok)
2026-07-26T02:50:37.381Z In(05) vmx scsi0:0: Command READ(10) took 1.451 seconds (ok)
2026-07-26T02:50:37.381Z In(05) vmx scsi0:0: Command READ(10) took 1.451 seconds (ok)
2026-07-26T02:50:37.381Z In(05) vmx scsi0:0: Command READ(10) took 1.451 seconds (ok)
2026-07-26T02:50:37.381Z In(05) vmx scsi0:0: Command READ(10) took 1.451 seconds (ok)
2026-07-26T02:50:37.381Z In(05) vmx scsi0:0: Command READ(10) took 1.451 seconds (ok)
2026-07-26T02:50:37.381Z In(05) vmx scsi0:0: Command READ(10) took 1.451 seconds (ok)
2026-07-26T02:50:37.381Z In(05) vmx scsi0:0: Command READ(10) took 1.468 seconds (ok)
2026-07-26T02:50:37.381Z In(05) vmx scsi0:0: Command READ(10) took 1.464 seconds (ok)
2026-07-26T02:50:37.381Z In(05) vmx scsi0:0: Command READ(10) took 1.464 seconds (ok)
2026-07-26T02:50:37.382Z In(05) vmx scsi0:0: Command READ(10) took 1.464 seconds (ok)
2026-07-26T02:50:37.382Z In(05) vmx scsi0:0: Command READ(10) took 1.467 seconds (ok)
2026-07-26T02:50:37.382Z In(05) vmx scsi0:0: Command READ(10) took 1.457 seconds (ok)
2026-07-26T02:50:40.302Z In(05) vmx scsi0:0: Command READ(10) took 1.296 seconds (ok)
2026-07-26T02:50:41.325Z In(05) vmx scsi0:0: Command READ(10) took 1.005 seconds (ok)
2026-07-26T02:50:41.325Z In(05) vmx scsi0:0: Command READ(10) took 1.005 seconds (ok)
2026-07-26T02:50:41.325Z In(05) vmx scsi0:0: Command READ(10) took 1.017 seconds (ok)
2026-07-26T02:50:41.326Z In(05) vmx scsi0:0: Command READ(10) took 1.009 seconds (ok)
2026-07-26T02:50:41.326Z In(05) vmx scsi0:0: Command READ(10) took 1.009 seconds (ok)
2026-07-26T02:50:41.326Z In(05) vmx scsi0:0: Command READ(10) took 1.022 seconds (ok)
2026-07-26T02:50:41.326Z In(05) vmx scsi0:0: Command READ(10) took 1.019 seconds (ok)
2026-07-26T02:50:41.326Z In(05) vmx scsi0:0: Command READ(10) took 1.019 seconds (ok)
2026-07-26T02:50:43.662Z In(05) vmx scsi0:0: Command READ(10) took 1.065 seconds (ok)
2026-07-26T02:50:43.662Z In(05) vmx scsi0:0: Command READ(10) took 1.053 seconds (ok)
2026-07-26T02:50:43.662Z In(05) vmx scsi0:0: Command READ(10) took 1.037 seconds (ok)
2026-07-26T02:50:43.662Z In(05) vmx scsi0:0: Command READ(10) took 1.037 seconds (ok)
2026-07-26T02:50:43.662Z In(05) vmx scsi0:0: Command READ(10) took 1.036 seconds (ok)
2026-07-26T02:50:43.662Z In(05) vmx scsi0:0: Command READ(10) took 1.036 seconds (ok)
2026-07-26T02:50:43.662Z In(05) vmx scsi0:0: Command READ(10) took 1.050 seconds (ok)
2026-07-26T02:50:43.662Z In(05) vmx scsi0:0: Command READ(10) took 1.049 seconds (ok)
2026-07-26T02:50:43.783Z In(05) vmx scsi0:0: Command READ(10) took 1.169 seconds (ok)
2026-07-26T02:50:43.783Z In(05) vmx scsi0:0: Command READ(10) took 1.168 seconds (ok)
2026-07-26T02:50:43.783Z In(05) vmx scsi0:0: Command READ(10) took 1.168 seconds (ok)
2026-07-26T02:50:43.783Z In(05) vmx scsi0:0: Command READ(10) took 1.185 seconds (ok)
2026-07-26T02:50:43.783Z In(05) vmx scsi0:0: Command READ(10) took 1.188 seconds (ok)
2026-07-26T02:50:43.783Z In(05) vmx scsi0:0: Command READ(10) took 1.186 seconds (ok)
2026-07-26T02:50:43.783Z In(05) vmx scsi0:0: Command READ(10) took 1.171 seconds (ok)
2026-07-26T02:50:43.784Z In(05) vmx scsi0:0: Command READ(10) took 1.186 seconds (ok)
2026-07-26T02:50:43.784Z In(05) vmx scsi0:0: Command READ(10) took 1.186 seconds (ok)
2026-07-26T02:50:46.049Z In(05) vmx scsi0:0: Command READ(10) took 1.390 seconds (ok)
2026-07-26T02:50:46.049Z In(05) vmx scsi0:0: Command READ(10) took 1.405 seconds (ok)
2026-07-26T02:50:46.049Z In(05) vmx scsi0:0: Command READ(10) took 1.391 seconds (ok)
2026-07-26T02:50:46.523Z In(05) vmx scsi0:0: Command READ(10) took 1.184 seconds (ok)
2026-07-26T02:50:46.523Z In(05) vmx scsi0:0: Command READ(10) took 1.184 seconds (ok)
2026-07-26T02:50:47.812Z In(05) vmx scsi0:0: Command READ(10) took 1.276 seconds (ok)
2026-07-26T02:50:47.812Z In(05) vmx scsi0:0: Command READ(10) took 1.279 seconds (ok)
2026-07-26T02:50:47.812Z In(05) vmx scsi0:0: Command READ(10) took 1.278 seconds (ok)
2026-07-26T02:50:47.812Z In(05) vmx scsi0:0: Command READ(10) took 1.278 seconds (ok)
2026-07-26T02:50:47.812Z In(05) vmx scsi0:0: Command READ(10) took 1.278 seconds (ok)
2026-07-26T02:50:47.812Z In(05) vmx scsi0:0: Command READ(10) took 1.278 seconds (ok)
2026-07-26T02:50:47.812Z In(05) vmx scsi0:0: Command READ(10) took 1.277 seconds (ok)
2026-07-26T02:50:47.812Z In(05) vmx scsi0:0: Command READ(10) took 1.277 seconds (ok)
2026-07-26T02:50:47.812Z In(05) vmx scsi0:0: Command READ(10) took 1.277 seconds (ok)
2026-07-26T02:50:47.812Z In(05) vmx scsi0:0: Command READ(10) took 1.276 seconds (ok)
2026-07-26T02:50:47.812Z In(05) vmx scsi0:0: Command READ(10) took 1.278 seconds (ok)
2026-07-26T02:50:47.812Z In(05) vmx scsi0:0: Command READ(10) took 1.278 seconds (ok)
2026-07-26T02:50:47.812Z In(05) vmx scsi0:0: Command READ(10) took 1.278 seconds (ok)
2026-07-26T02:50:47.812Z In(05) vmx scsi0:0: Command READ(10) took 1.277 seconds (ok)
2026-07-26T02:50:55.884Z In(05) vmx scsi0:0: Command WRITE(10) took 3.963 seconds (ok)
2026-07-26T02:50:55.892Z In(05) vmx scsi0:0: Command WRITE(10) took 1.356 seconds (ok)
2026-07-26T02:50:55.892Z In(05) vmx scsi0:0: Command WRITE(10) took 1.356 seconds (ok)
2026-07-26T02:50:55.892Z In(05) vmx scsi0:0: Command WRITE(10) took 1.353 seconds (ok)
2026-07-26T02:50:55.892Z In(05) vmx scsi0:0: Command WRITE(10) took 1.348 seconds (ok)
2026-07-26T02:50:55.892Z In(05) vmx scsi0:0: Command WRITE(10) took 1.335 seconds (ok)
2026-07-26T02:50:55.892Z In(05) vmx scsi0:0: Command WRITE(10) took 1.356 seconds (ok)
2026-07-26T02:50:55.893Z In(05) vmx scsi0:0: Command WRITE(10) took 4.976 seconds (ok)
2026-07-26T02:50:55.893Z In(05) vmx scsi0:0: Command WRITE(10) took 1.337 seconds (ok)
2026-07-26T02:50:55.893Z In(05) vmx scsi0:0: Command WRITE(10) took 1.334 seconds (ok)
2026-07-26T02:50:55.893Z In(05) vmx scsi0:0: Command WRITE(10) took 1.346 seconds (ok)
2026-07-26T02:50:55.893Z In(05) vmx scsi0:0: Command WRITE(10) took 1.345 seconds (ok)
2026-07-26T02:51:08.247Z In(05) vmx scsi0:0: Command READ(10) took 5.537 seconds (ok)
2026-07-26T02:51:08.247Z In(05) vmx scsi0:0: Command READ(10) took 5.447 seconds (ok)
2026-07-26T02:51:08.247Z In(05) vmx scsi0:0: Command READ(10) took 5.436 seconds (ok)
2026-07-26T02:51:08.247Z In(05) vmx scsi0:0: Command READ(10) took 5.435 seconds (ok)
2026-07-26T02:51:08.247Z In(05) vmx scsi0:0: Command READ(10) took 5.435 seconds (ok)
2026-07-26T02:51:08.247Z In(05) vmx scsi0:0: Command READ(10) took 5.435 seconds (ok)
2026-07-26T02:51:08.247Z In(05) vmx scsi0:0: Command READ(10) took 5.435 seconds (ok)
2026-07-26T02:51:14.400Z In(05) vmx scsi0:0: Command READ(10) took 1.122 seconds (ok)
2026-07-26T02:51:15.829Z In(05) vmx scsi0:0: Command READ(10) took 2.506 seconds (ok)
2026-07-26T02:51:16.313Z In(05) vmx scsi0:0: Command READ(10) took 1.362 seconds (ok)
2026-07-26T02:51:16.313Z In(05) vmx scsi0:0: Command READ(10) took 1.362 seconds (ok)
2026-07-26T02:51:16.313Z In(05) vmx scsi0:0: Command READ(10) took 1.362 seconds (ok)
2026-07-26T02:51:16.582Z In(05) vmx scsi0:0: Command READ(10) took 1.631 seconds (ok)
2026-07-26T02:51:16.582Z In(05) vmx scsi0:0: Command READ(10) took 1.630 seconds (ok)
2026-07-26T02:51:16.990Z In(05) vmx scsi0:0: Command READ(10) took 1.137 seconds (ok)
2026-07-26T02:51:18.552Z In(05) vmx scsi0:0: Command READ(10) took 1.009 seconds (ok)
2026-07-26T02:51:30.544Z In(05) vmx scsi0:0: Command READ(10) took 1.400 seconds (ok)
2026-07-26T02:51:30.544Z In(05) vmx scsi0:0: Command READ(10) took 1.364 seconds (ok)
2026-07-26T02:51:30.544Z In(05) vmx scsi0:0: Command READ(10) took 1.407 seconds (ok)
2026-07-26T02:51:30.544Z In(05) vmx scsi0:0: Command READ(10) took 1.951 seconds (ok)
2026-07-26T02:51:30.544Z In(05) vmx scsi0:0: Command READ(10) took 1.951 seconds (ok)
2026-07-26T02:51:30.544Z In(05) vmx scsi0:0: Command READ(10) took 1.309 seconds (ok)
2026-07-26T02:51:41.833Z In(05) vmx scsi0:0: Command READ(10) took 1.116 seconds (ok)
2026-07-26T02:51:45.531Z In(05) vmx scsi0:0: Command READ(10) took 3.698 seconds (ok)
2026-07-26T02:51:45.531Z In(05) vmx scsi0:0: Command READ(10) took 3.252 seconds (ok)
2026-07-26T02:51:45.531Z In(05) vmx scsi0:0: Command READ(10) took 3.659 seconds (ok)
2026-07-26T02:51:45.531Z In(05) vmx scsi0:0: Command READ(10) took 3.658 seconds (ok)
2026-07-26T02:51:45.531Z In(05) vmx scsi0:0: Command READ(10) took 3.658 seconds (ok)
2026-07-26T02:51:45.531Z In(05) vmx scsi0:0: Command READ(10) took 3.658 seconds (ok)
2026-07-26T02:51:45.531Z In(05) vmx scsi0:0: Command READ(10) took 3.699 seconds (ok)
2026-07-26T02:51:45.531Z In(05) vmx scsi0:0: Command READ(10) took 3.658 seconds (ok)
2026-07-26T02:51:45.531Z In(05) vmx scsi0:0: Command READ(10) took 3.698 seconds (ok)
2026-07-26T02:51:45.531Z In(05) vmx scsi0:0: Command READ(10) took 3.631 seconds (ok)
2026-07-26T02:51:45.532Z In(05) vmx scsi0:0: Command READ(10) took 3.388 seconds (ok)
2026-07-26T02:51:45.532Z In(05) vmx scsi0:0: Command READ(10) took 3.418 seconds (ok)
2026-07-26T02:51:45.532Z In(05) vmx scsi0:0: Command READ(10) took 3.418 seconds (ok)
2026-07-26T02:51:45.532Z In(05) vmx scsi0:0: Command READ(10) took 3.418 seconds (ok)
2026-07-26T02:52:05.679Z In(05) vmx DISKLIB-LIB   : numIOs = 100000 numMergedIOs = 21559 numSplitIOs = 1455
2026-07-26T02:52:28.280Z In(05) vmx scsi0:0: Command READ(10) took 1.012 seconds (ok)
2026-07-26T02:52:28.281Z In(05) vmx scsi0:0: Command READ(10) took 1.012 seconds (ok)
2026-07-26T02:52:28.281Z In(05) vmx scsi0:0: Command READ(10) took 1.012 seconds (ok)
2026-07-26T02:52:35.229Z In(05) vmx scsi0:0: Command READ(10) took 1.842 seconds (ok)
2026-07-26T02:52:35.229Z In(05) vmx scsi0:0: Command READ(10) took 1.908 seconds (ok)
2026-07-26T02:52:35.230Z In(05) vmx scsi0:0: Command READ(10) took 1.908 seconds (ok)
2026-07-26T02:52:35.230Z In(05) vmx scsi0:0: Command READ(10) took 1.917 seconds (ok)
2026-07-26T02:52:35.230Z In(05) vmx scsi0:0: Command READ(10) took 1.991 seconds (ok)
2026-07-26T02:52:35.230Z In(05) vmx scsi0:0: Command READ(10) took 1.842 seconds (ok)
2026-07-26T02:52:35.230Z In(05) vmx scsi0:0: Command READ(10) took 1.723 seconds (ok)
2026-07-26T02:52:35.230Z In(05) vmx scsi0:0: Command READ(10) took 1.755 seconds (ok)
2026-07-26T02:52:35.230Z In(05) vmx scsi0:0: Command READ(10) took 1.762 seconds (ok)
2026-07-26T02:52:38.228Z In(05) vmx scsi0:0: Command WRITE(10) took 2.995 seconds (ok)
2026-07-26T02:52:42.020Z In(05) vmx scsi0:0: Command READ(10) took 1.093 seconds (ok)
2026-07-26T02:52:42.020Z In(05) vmx scsi0:0: Command READ(10) took 1.088 seconds (ok)
2026-07-26T02:52:42.020Z In(05) vmx scsi0:0: Command READ(10) took 1.166 seconds (ok)
2026-07-26T02:52:42.899Z In(05) vmx scsi0:0: Command READ(10) took 1.802 seconds (ok)
2026-07-26T02:52:43.069Z In(05) vmx scsi0:0: Command READ(10) took 1.917 seconds (ok)
2026-07-26T02:52:43.910Z In(05) vmx scsi0:0: Command READ(10) took 1.007 seconds (ok)
2026-07-26T02:53:04.582Z In(05) vmx scsi0:0: Command READ(10) took 1.050 seconds (ok)
2026-07-26T02:53:04.692Z In(05) vmx scsi0:0: Command READ(10) took 1.094 seconds (ok)
2026-07-26T02:53:04.698Z In(05) vmx scsi0:0: Command READ(10) took 1.046 seconds (ok)
2026-07-26T02:53:04.882Z In(05) vmx scsi0:0: Command READ(10) took 1.229 seconds (ok)
2026-07-26T02:53:04.897Z In(05) vmx scsi0:0: Command READ(10) took 1.229 seconds (ok)
2026-07-26T02:53:04.914Z In(05) vmx scsi0:0: Command READ(10) took 1.144 seconds (ok)
2026-07-26T02:53:14.551Z In(05) vmx scsi0:0: Command READ(10) took 1.010 seconds (ok)
2026-07-26T02:53:18.920Z In(05) vmx scsi0:0: Command READ(10) took 1.088 seconds (ok)
2026-07-26T02:53:18.921Z In(05) vmx scsi0:0: Command READ(10) took 1.056 seconds (ok)
2026-07-26T02:53:30.854Z In(05) vmx scsi0:0: Command WRITE(10) took 9.572 seconds (ok)
2026-07-26T02:53:31.176Z In(05) vmx scsi0:0: Command WRITE(10) took 9.894 seconds (ok)
2026-07-26T02:53:31.176Z In(05) vmx scsi0:0: Command WRITE(10) took 9.894 seconds (ok)
2026-07-26T02:53:31.177Z In(05) vmx scsi0:0: Command WRITE(10) took 9.894 seconds (ok)
2026-07-26T02:53:31.219Z In(05) vmx scsi0:0: Command WRITE(10) took 9.863 seconds (ok)
2026-07-26T02:53:31.533Z In(05) vmx scsi0:0: Command WRITE(10) took 10.176 seconds (ok)
2026-07-26T02:53:31.533Z In(05) vmx scsi0:0: Command WRITE(10) took 10.176 seconds (ok)
2026-07-26T02:53:31.533Z In(05) vmx scsi0:0: Command WRITE(10) took 10.176 seconds (ok)
2026-07-26T02:53:31.651Z In(05) vmx scsi0:0: Command WRITE(10) took 8.861 seconds (ok)
2026-07-26T02:53:31.651Z In(05) vmx scsi0:0: Command WRITE(10) took 10.774 seconds (ok)
2026-07-26T02:53:31.651Z In(05) vmx scsi0:0: Command WRITE(10) took 10.757 seconds (ok)
2026-07-26T02:53:31.651Z In(05) vmx scsi0:0: Command WRITE(10) took 10.368 seconds (ok)
2026-07-26T02:53:31.651Z In(05) vmx scsi0:0: Command WRITE(10) took 10.363 seconds (ok)
2026-07-26T02:53:31.651Z In(05) vmx scsi0:0: Command WRITE(10) took 10.366 seconds (ok)
2026-07-26T02:53:31.652Z In(05) vmx scsi0:0: Command WRITE(10) took 8.862 seconds (ok)
2026-07-26T02:53:31.652Z In(05) vmx scsi0:0: Command WRITE(10) took 8.860 seconds (ok)
2026-07-26T02:53:31.652Z In(05) vmx scsi0:0: Command WRITE(10) took 10.362 seconds (ok)
2026-07-26T02:53:31.652Z In(05) vmx scsi0:0: Command WRITE(10) took 8.055 seconds (ok)
2026-07-26T02:53:31.652Z In(05) vmx scsi0:0: Command WRITE(10) took 3.052 seconds (ok)
2026-07-26T02:53:31.652Z In(05) vmx scsi0:0: Command WRITE(10) took 8.860 seconds (ok)
2026-07-26T02:53:31.652Z In(05) vmx scsi0:0: Command WRITE(10) took 8.129 seconds (ok)
2026-07-26T02:53:31.652Z In(05) vmx scsi0:0: Command WRITE(10) took 10.359 seconds (ok)
2026-07-26T02:53:31.652Z In(05) vmx scsi0:0: Command WRITE(10) took 10.361 seconds (ok)
2026-07-26T02:53:31.652Z In(05) vmx scsi0:0: Command WRITE(10) took 3.052 seconds (ok)
2026-07-26T02:53:31.652Z In(05) vmx scsi0:0: Command WRITE(10) took 8.131 seconds (ok)
2026-07-26T02:53:31.652Z In(05) vmx scsi0:0: Command WRITE(10) took 8.133 seconds (ok)
2026-07-26T02:53:31.652Z In(05) vmx scsi0:0: Command WRITE(10) took 3.049 seconds (ok)
2026-07-26T02:53:31.652Z In(05) vmx scsi0:0: Command WRITE(10) took 3.045 seconds (ok)
2026-07-26T02:53:31.652Z In(05) vmx scsi0:0: Command WRITE(10) took 3.046 seconds (ok)
2026-07-26T02:53:31.653Z In(05) vmx scsi0:0: Command WRITE(10) took 3.040 seconds (ok)
2026-07-26T02:53:31.653Z In(05) vmx scsi0:0: Command WRITE(10) took 3.048 seconds (ok)
2026-07-26T02:53:31.653Z In(05) vmx scsi0:0: Command WRITE(10) took 3.042 seconds (ok)
2026-07-26T02:53:32.809Z In(05) vmx scsi0:0: Command WRITE(10) took 1.092 seconds (ok)
2026-07-26T02:53:33.295Z In(05) vmx scsi0:0: Command WRITE(10) took 1.572 seconds (ok)
2026-07-26T02:53:33.414Z In(05) vmx scsi0:0: Command WRITE(10) took 1.689 seconds (ok)
2026-07-26T02:53:33.850Z In(05) vmx scsi0:0: Command WRITE(10) took 1.166 seconds (ok)
2026-07-26T02:53:33.858Z In(05) vmx scsi0:0: Command READ(10) took 1.184 seconds (ok)
2026-07-26T02:53:33.858Z In(05) vmx scsi0:0: Command READ(10) took 1.184 seconds (ok)
2026-07-26T02:53:33.858Z In(05) vmx scsi0:0: Command READ(10) took 1.183 seconds (ok)
2026-07-26T02:53:33.858Z In(05) vmx scsi0:0: Command READ(10) took 1.211 seconds (ok)
2026-07-26T02:53:33.858Z In(05) vmx scsi0:0: Command WRITE(10) took 1.160 seconds (ok)
2026-07-26T02:53:33.859Z In(05) vmx scsi0:0: Command WRITE(10) took 1.153 seconds (ok)
2026-07-26T02:53:33.859Z In(05) vmx scsi0:0: Command WRITE(10) took 1.154 seconds (ok)
2026-07-26T02:53:33.859Z In(05) vmx scsi0:0: Command WRITE(10) took 1.172 seconds (ok)
2026-07-26T02:53:33.859Z In(05) vmx scsi0:0: Command WRITE(10) took 1.151 seconds (ok)
2026-07-26T02:53:33.859Z In(05) vmx scsi0:0: Command WRITE(10) took 1.148 seconds (ok)
2026-07-26T02:53:33.859Z In(05) vmx scsi0:0: Command WRITE(10) took 1.146 seconds (ok)
2026-07-26T02:53:33.859Z In(05) vmx scsi0:0: Command WRITE(10) took 1.169 seconds (ok)
2026-07-26T02:53:33.859Z In(05) vmx scsi0:0: Command WRITE(10) took 1.168 seconds (ok)
2026-07-26T02:53:33.860Z In(05) vmx scsi0:0: Command WRITE(10) took 1.165 seconds (ok)
2026-07-26T02:53:33.860Z In(05) vmx scsi0:0: Command WRITE(10) took 1.162 seconds (ok)
2026-07-26T02:53:33.860Z In(05) vmx scsi0:0: Command WRITE(10) took 1.139 seconds (ok)
2026-07-26T02:53:33.860Z In(05) vmx scsi0:0: Command WRITE(10) took 1.138 seconds (ok)
2026-07-26T02:53:33.860Z In(05) vmx scsi0:0: Command WRITE(10) took 1.161 seconds (ok)
2026-07-26T02:53:33.860Z In(05) vmx scsi0:0: Command WRITE(10) took 1.158 seconds (ok)
2026-07-26T02:53:33.861Z In(05) vmx scsi0:0: Command WRITE(10) took 1.145 seconds (ok)
2026-07-26T02:53:33.861Z In(05) vmx scsi0:0: Command WRITE(10) took 1.142 seconds (ok)
2026-07-26T02:53:33.861Z In(05) vmx scsi0:0: Command WRITE(10) took 1.147 seconds (ok)
2026-07-26T02:53:37.270Z In(05) vmx scsi0:0: Command WRITE(10) took 1.106 seconds (ok)
2026-07-26T02:53:37.564Z In(05) vmx scsi0:0: Command READ(10) took 1.443 seconds (ok)
2026-07-26T02:53:37.564Z In(05) vmx scsi0:0: Command READ(10) took 1.412 seconds (ok)
2026-07-26T02:53:37.564Z In(05) vmx scsi0:0: Command READ(10) took 1.412 seconds (ok)
2026-07-26T02:53:37.564Z In(05) vmx scsi0:0: Command READ(10) took 1.425 seconds (ok)
2026-07-26T02:53:37.564Z In(05) vmx scsi0:0: Command READ(10) took 1.441 seconds (ok)
2026-07-26T02:53:37.564Z In(05) vmx scsi0:0: Command READ(10) took 1.443 seconds (ok)
2026-07-26T02:53:37.564Z In(05) vmx scsi0:0: Command READ(10) took 1.382 seconds (ok)
2026-07-26T02:53:37.564Z In(05) vmx scsi0:0: Command READ(10) took 1.442 seconds (ok)
2026-07-26T02:53:37.564Z In(05) vmx scsi0:0: Command READ(10) took 1.451 seconds (ok)
2026-07-26T02:53:37.564Z In(05) vmx scsi0:0: Command READ(10) took 1.488 seconds (ok)
2026-07-26T02:53:37.564Z In(05) vmx scsi0:0: Command READ(10) took 1.476 seconds (ok)
2026-07-26T02:53:37.564Z In(05) vmx scsi0:0: Command READ(10) took 1.392 seconds (ok)
2026-07-26T02:53:37.564Z In(05) vmx scsi0:0: Command READ(10) took 1.381 seconds (ok)
2026-07-26T02:53:37.564Z In(05) vmx scsi0:0: Command READ(10) took 1.469 seconds (ok)
2026-07-26T02:53:44.421Z In(05) vmx scsi0:0: Command READ(10) took 1.177 seconds (ok)
2026-07-26T02:53:44.421Z In(05) vmx scsi0:0: Command READ(10) took 1.176 seconds (ok)
2026-07-26T02:53:44.421Z In(05) vmx scsi0:0: Command READ(10) took 1.176 seconds (ok)
2026-07-26T02:53:44.421Z In(05) vmx scsi0:0: Command READ(10) took 1.176 seconds (ok)
2026-07-26T02:53:44.599Z In(05) vmx scsi0:0: Command READ(10) took 1.355 seconds (ok)
2026-07-26T02:53:55.823Z In(05) vmx scsi0:0: Command READ(10) took 1.444 seconds (ok)
2026-07-26T02:53:55.823Z In(05) vmx scsi0:0: Command READ(10) took 1.182 seconds (ok)
2026-07-26T02:53:55.823Z In(05) vmx scsi0:0: Command READ(10) took 1.182 seconds (ok)
2026-07-26T02:53:55.823Z In(05) vmx scsi0:0: Command READ(10) took 1.239 seconds (ok)
2026-07-26T02:53:57.694Z In(05) vmx scsi0:0: Command READ(10) took 1.106 seconds (ok)
2026-07-26T02:54:02.878Z In(05) vmx scsi0:0: Command READ(10) took 1.439 seconds (ok)
2026-07-26T02:54:02.878Z In(05) vmx scsi0:0: Command READ(10) took 1.430 seconds (ok)
2026-07-26T02:54:02.878Z In(05) vmx scsi0:0: Command READ(10) took 1.407 seconds (ok)
2026-07-26T02:54:02.878Z In(05) vmx scsi0:0: Command READ(10) took 1.408 seconds (ok)
2026-07-26T02:54:02.878Z In(05) vmx scsi0:0: Command READ(10) took 1.407 seconds (ok)
2026-07-26T02:54:02.878Z In(05) vmx scsi0:0: Command READ(10) took 1.407 seconds (ok)
2026-07-26T02:54:02.878Z In(05) vmx scsi0:0: Command READ(10) took 1.407 seconds (ok)
2026-07-26T02:54:02.878Z In(05) vmx scsi0:0: Command READ(10) took 1.290 seconds (ok)
2026-07-26T02:54:02.878Z In(05) vmx scsi0:0: Command READ(10) took 1.198 seconds (ok)
2026-07-26T02:54:02.878Z In(05) vmx scsi0:0: Command READ(10) took 1.169 seconds (ok)
2026-07-26T02:54:02.878Z In(05) vmx scsi0:0: Command READ(10) took 1.169 seconds (ok)
2026-07-26T02:54:02.878Z In(05) vmx scsi0:0: Command READ(10) took 1.154 seconds (ok)
2026-07-26T02:54:02.879Z In(05) vmx scsi0:0: Command READ(10) took 1.167 seconds (ok)
2026-07-26T02:54:04.522Z In(05) vmx scsi0:0: Command READ(10) took 1.336 seconds (ok)
2026-07-26T02:54:04.522Z In(05) vmx scsi0:0: Command READ(10) took 1.334 seconds (ok)
2026-07-26T02:54:07.885Z In(05) vmx scsi0:0: Command READ(10) took 1.034 seconds (ok)
2026-07-26T02:54:07.912Z In(05) vmx scsi0:0: Command READ(10) took 1.037 seconds (ok)
2026-07-26T02:54:08.925Z In(05) vmx scsi0:0: Command READ(10) took 1.497 seconds (ok)
2026-07-26T02:54:08.925Z In(05) vmx scsi0:0: Command READ(10) took 2.015 seconds (ok)
2026-07-26T02:54:08.926Z In(05) vmx scsi0:0: Command READ(10) took 1.332 seconds (ok)
2026-07-26T02:54:08.926Z In(05) vmx scsi0:0: Command READ(10) took 1.332 seconds (ok)
2026-07-26T02:54:08.926Z In(05) vmx scsi0:0: Command READ(10) took 1.332 seconds (ok)
2026-07-26T02:54:08.926Z In(05) vmx scsi0:0: Command READ(10) took 1.285 seconds (ok)
2026-07-26T02:54:08.926Z In(05) vmx scsi0:0: Command READ(10) took 1.284 seconds (ok)
2026-07-26T02:54:08.926Z In(05) vmx scsi0:0: Command READ(10) took 1.282 seconds (ok)
2026-07-26T02:54:08.926Z In(05) vmx scsi0:0: Command READ(10) took 1.282 seconds (ok)
2026-07-26T02:54:08.926Z In(05) vmx scsi0:0: Command READ(10) took 1.293 seconds (ok)
2026-07-26T02:54:08.926Z In(05) vmx scsi0:0: Command READ(10) took 1.201 seconds (ok)
2026-07-26T02:54:08.926Z In(05) vmx scsi0:0: Command READ(10) took 1.225 seconds (ok)
2026-07-26T02:54:08.926Z In(05) vmx scsi0:0: Command READ(10) took 1.044 seconds (ok)
2026-07-26T02:54:08.926Z In(05) vmx scsi0:0: Command READ(10) took 1.040 seconds (ok)
2026-07-26T02:54:08.926Z In(05) vmx scsi0:0: Command READ(10) took 1.055 seconds (ok)
2026-07-26T02:54:08.926Z In(05) vmx scsi0:0: Command READ(10) took 1.071 seconds (ok)
2026-07-26T02:54:08.926Z In(05) vmx scsi0:0: Command READ(10) took 1.041 seconds (ok)
2026-07-26T02:54:09.509Z In(05) vmx scsi0:0: Command READ(10) took 1.595 seconds (ok)
2026-07-26T02:54:11.307Z In(05) vmx scsi0:0: Command READ(10) took 1.093 seconds (ok)
2026-07-26T02:54:12.979Z In(05) vmx scsi0:0: Command READ(10) took 1.025 seconds (ok)
2026-07-26T02:54:12.979Z In(05) vmx scsi0:0: Command READ(10) took 1.025 seconds (ok)
2026-07-26T02:54:12.979Z In(05) vmx scsi0:0: Command READ(10) took 1.120 seconds (ok)
2026-07-26T02:54:12.980Z In(05) vmx scsi0:0: Command READ(10) took 1.061 seconds (ok)
2026-07-26T02:54:12.980Z In(05) vmx scsi0:0: Command READ(10) took 1.014 seconds (ok)
2026-07-26T02:54:17.646Z In(05) vmx scsi0:0: Command READ(10) took 1.382 seconds (ok)
2026-07-26T02:54:18.184Z In(05) vmx scsi0:0: Command READ(10) took 1.493 seconds (ok)
2026-07-26T02:54:18.184Z In(05) vmx scsi0:0: Command READ(10) took 1.459 seconds (ok)
2026-07-26T02:54:18.185Z In(05) vmx scsi0:0: Command READ(10) took 1.459 seconds (ok)
2026-07-26T02:54:18.185Z In(05) vmx scsi0:0: Command READ(10) took 1.573 seconds (ok)
2026-07-26T02:54:18.185Z In(05) vmx scsi0:0: Command READ(10) took 1.574 seconds (ok)
2026-07-26T02:54:18.186Z In(05) vmx scsi0:0: Command READ(10) took 1.655 seconds (ok)
2026-07-26T02:54:18.186Z In(05) vmx scsi0:0: Command READ(10) took 1.645 seconds (ok)
2026-07-26T02:54:18.186Z In(05) vmx scsi0:0: Command READ(10) took 1.596 seconds (ok)
2026-07-26T02:54:18.186Z In(05) vmx scsi0:0: Command WRITE(10) took 1.449 seconds (ok)
2026-07-26T02:54:19.186Z In(05) vmx scsi0:0: Command READ(10) took 1.001 seconds (ok)
2026-07-26T02:54:22.677Z In(05) vmx scsi0:0: Command READ(10) took 1.033 seconds (ok)
2026-07-26T02:54:23.859Z In(05) vmx scsi0:0: Command READ(10) took 1.174 seconds (ok)
2026-07-26T02:54:23.859Z In(05) vmx scsi0:0: Command READ(10) took 1.173 seconds (ok)
2026-07-26T02:54:23.859Z In(05) vmx scsi0:0: Command READ(10) took 1.173 seconds (ok)
2026-07-26T02:54:23.859Z In(05) vmx scsi0:0: Command READ(10) took 1.173 seconds (ok)
2026-07-26T02:54:23.859Z In(05) vmx scsi0:0: Command READ(10) took 1.172 seconds (ok)
2026-07-26T02:54:23.859Z In(05) vmx scsi0:0: Command READ(10) took 1.177 seconds (ok)
2026-07-26T02:54:23.859Z In(05) vmx scsi0:0: Command READ(10) took 1.181 seconds (ok)
2026-07-26T02:54:25.165Z In(05) vmx scsi0:0: Command READ(10) took 1.044 seconds (ok)
2026-07-26T02:54:25.420Z In(05) vmx scsi0:0: Command READ(10) took 1.147 seconds (ok)
2026-07-26T02:54:28.121Z In(05) vmx scsi0:0: Command READ(10) took 1.206 seconds (ok)
2026-07-26T02:54:28.121Z In(05) vmx scsi0:0: Command READ(10) took 1.341 seconds (ok)
2026-07-26T02:54:28.121Z In(05) vmx scsi0:0: Command READ(10) took 1.057 seconds (ok)
2026-07-26T02:54:28.121Z In(05) vmx scsi0:0: Command READ(10) took 1.056 seconds (ok)
2026-07-26T02:54:28.121Z In(05) vmx scsi0:0: Command READ(10) took 1.015 seconds (ok)
2026-07-26T02:54:28.121Z In(05) vmx scsi0:0: Command READ(10) took 1.049 seconds (ok)
2026-07-26T02:54:54.747Z In(05) vmx scsi0:0: Command READ(10) took 22.608 seconds (ok)
2026-07-26T02:54:54.750Z In(05) vmx scsi0:0: Command READ(10) took 22.781 seconds (ok)
2026-07-26T02:54:54.750Z In(05) vmx scsi0:0: Command READ(10) took 22.664 seconds (ok)
2026-07-26T02:54:55.239Z In(05) vmx scsi0:0: Command READ(10) took 23.301 seconds (ok)
2026-07-26T02:54:55.239Z In(05) vmx scsi0:0: Command READ(10) took 23.294 seconds (ok)
2026-07-26T02:54:55.239Z In(05) vmx scsi0:0: Command READ(10) took 23.175 seconds (ok)
2026-07-26T02:55:04.056Z In(05) vmx scsi0:0: Command READ(10) took 1.124 seconds (ok)
2026-07-26T02:55:04.056Z In(05) vmx scsi0:0: Command READ(10) took 1.119 seconds (ok)
2026-07-26T02:55:04.056Z In(05) vmx scsi0:0: Command READ(10) took 1.119 seconds (ok)
2026-07-26T02:55:04.056Z In(05) vmx scsi0:0: Command READ(10) took 1.119 seconds (ok)
2026-07-26T02:55:04.056Z In(05) vmx scsi0:0: Command READ(10) took 1.118 seconds (ok)
2026-07-26T02:55:04.056Z In(05) vmx scsi0:0: Command READ(10) took 1.119 seconds (ok)
2026-07-26T02:55:04.056Z In(05) vmx scsi0:0: Command READ(10) took 1.108 seconds (ok)
2026-07-26T02:55:04.056Z In(05) vmx scsi0:0: Command READ(10) took 1.118 seconds (ok)
2026-07-26T02:55:04.056Z In(05) vmx scsi0:0: Command READ(10) took 1.109 seconds (ok)
2026-07-26T02:55:04.057Z In(05) vmx scsi0:0: Command READ(10) took 1.109 seconds (ok)
2026-07-26T02:55:04.057Z In(05) vmx scsi0:0: Command READ(10) took 1.073 seconds (ok)
2026-07-26T02:55:04.057Z In(05) vmx scsi0:0: Command READ(10) took 1.117 seconds (ok)
2026-07-26T02:55:04.057Z In(05) vmx scsi0:0: Command READ(10) took 1.103 seconds (ok)
2026-07-26T02:55:05.328Z In(05) vmx scsi0:0: Command READ(10) took 1.272 seconds (ok)
2026-07-26T02:55:05.328Z In(05) vmx scsi0:0: Command READ(10) took 1.266 seconds (ok)
2026-07-26T02:55:05.328Z In(05) vmx scsi0:0: Command READ(10) took 1.269 seconds (ok)
2026-07-26T02:55:05.328Z In(05) vmx scsi0:0: Command READ(10) took 1.269 seconds (ok)
2026-07-26T02:55:05.328Z In(05) vmx scsi0:0: Command READ(10) took 1.269 seconds (ok)
2026-07-26T02:55:05.328Z In(05) vmx scsi0:0: Command READ(10) took 1.269 seconds (ok)
2026-07-26T02:55:05.328Z In(05) vmx scsi0:0: Command READ(10) took 1.268 seconds (ok)
2026-07-26T02:55:05.328Z In(05) vmx scsi0:0: Command READ(10) took 1.268 seconds (ok)
2026-07-26T02:55:05.328Z In(05) vmx scsi0:0: Command READ(10) took 1.268 seconds (ok)
2026-07-26T02:55:05.328Z In(05) vmx scsi0:0: Command READ(10) took 1.266 seconds (ok)
2026-07-26T02:55:05.328Z In(05) vmx scsi0:0: Command READ(10) took 1.271 seconds (ok)
2026-07-26T02:55:05.328Z In(05) vmx scsi0:0: Command READ(10) took 1.269 seconds (ok)
2026-07-26T02:55:05.328Z In(05) vmx scsi0:0: Command READ(10) took 1.267 seconds (ok)
2026-07-26T02:55:05.328Z In(05) vmx scsi0:0: Command READ(10) took 1.250 seconds (ok)
2026-07-26T02:55:05.328Z In(05) vmx scsi0:0: Command READ(10) took 1.268 seconds (ok)
2026-07-26T02:55:05.328Z In(05) vmx scsi0:0: Command READ(10) took 1.267 seconds (ok)
2026-07-26T02:55:05.328Z In(05) vmx scsi0:0: Command READ(10) took 1.262 seconds (ok)
2026-07-26T02:55:05.329Z In(05) vmx scsi0:0: Command READ(10) took 1.100 seconds (ok)
2026-07-26T02:55:07.533Z In(05) vmx scsi0:0: Command READ(10) took 1.826 seconds (ok)
2026-07-26T02:55:07.533Z In(05) vmx scsi0:0: Command READ(10) took 2.201 seconds (ok)
2026-07-26T02:55:07.533Z In(05) vmx scsi0:0: Command READ(10) took 1.674 seconds (ok)
2026-07-26T02:55:07.533Z In(05) vmx scsi0:0: Command READ(10) took 2.200 seconds (ok)
2026-07-26T02:55:07.533Z In(05) vmx scsi0:0: Command READ(10) took 2.191 seconds (ok)
2026-07-26T02:55:07.533Z In(05) vmx scsi0:0: Command READ(10) took 1.643 seconds (ok)
2026-07-26T02:55:07.533Z In(05) vmx scsi0:0: Command READ(10) took 1.643 seconds (ok)
2026-07-26T02:55:07.533Z In(05) vmx scsi0:0: Command READ(10) took 1.643 seconds (ok)
2026-07-26T02:55:07.533Z In(05) vmx scsi0:0: Command READ(10) took 1.643 seconds (ok)
2026-07-26T02:55:07.533Z In(05) vmx scsi0:0: Command READ(10) took 1.643 seconds (ok)
2026-07-26T02:55:07.533Z In(05) vmx scsi0:0: Command READ(10) took 1.643 seconds (ok)
2026-07-26T02:55:07.533Z In(05) vmx scsi0:0: Command READ(10) took 1.643 seconds (ok)
2026-07-26T02:55:07.533Z In(05) vmx scsi0:0: Command READ(10) took 1.417 seconds (ok)
2026-07-26T02:55:07.534Z In(05) vmx scsi0:0: Command READ(10) took 1.642 seconds (ok)
2026-07-26T02:55:07.534Z In(05) vmx scsi0:0: Command READ(10) took 1.637 seconds (ok)
2026-07-26T02:55:07.534Z In(05) vmx scsi0:0: Command READ(10) took 1.659 seconds (ok)
2026-07-26T02:55:07.534Z In(05) vmx scsi0:0: Command READ(10) took 1.653 seconds (ok)
2026-07-26T02:55:07.534Z In(05) vmx scsi0:0: Command READ(10) took 1.358 seconds (ok)
2026-07-26T02:55:07.534Z In(05) vmx scsi0:0: Command READ(10) took 1.642 seconds (ok)
2026-07-26T02:55:07.534Z In(05) vmx scsi0:0: Command READ(10) took 1.495 seconds (ok)
2026-07-26T02:55:07.534Z In(05) vmx scsi0:0: Command READ(10) took 1.495 seconds (ok)
2026-07-26T02:55:07.534Z In(05) vmx scsi0:0: Command READ(10) took 1.510 seconds (ok)
2026-07-26T02:55:07.535Z In(05) vmx scsi0:0: Command READ(10) took 1.656 seconds (ok)
2026-07-26T02:55:07.535Z In(05) vmx scsi0:0: Command READ(10) took 1.340 seconds (ok)
2026-07-26T02:55:11.680Z In(05) vmx scsi0:0: Command READ(10) took 1.668 seconds (ok)
2026-07-26T02:55:11.681Z In(05) vmx scsi0:0: Command READ(10) took 1.164 seconds (ok)
2026-07-26T02:55:11.682Z In(05) vmx scsi0:0: Command READ(10) took 1.245 seconds (ok)
2026-07-26T02:55:11.682Z In(05) vmx scsi0:0: Command READ(10) took 1.728 seconds (ok)
2026-07-26T02:55:11.682Z In(05) vmx scsi0:0: Command READ(10) took 1.728 seconds (ok)
2026-07-26T02:55:11.682Z In(05) vmx scsi0:0: Command READ(10) took 1.728 seconds (ok)
2026-07-26T02:55:11.682Z In(05) vmx scsi0:0: Command READ(10) took 1.178 seconds (ok)
2026-07-26T02:55:11.682Z In(05) vmx scsi0:0: Command READ(10) took 1.411 seconds (ok)
2026-07-26T02:55:11.682Z In(05) vmx scsi0:0: Command READ(10) took 1.401 seconds (ok)
2026-07-26T02:55:11.682Z In(05) vmx scsi0:0: Command READ(10) took 1.695 seconds (ok)
2026-07-26T02:55:11.682Z In(05) vmx scsi0:0: Command READ(10) took 1.384 seconds (ok)
2026-07-26T02:55:11.682Z In(05) vmx scsi0:0: Command READ(10) took 1.186 seconds (ok)
2026-07-26T02:55:12.731Z In(05) vmx scsi0:0: Command READ(10) took 1.037 seconds (ok)
2026-07-26T02:55:12.731Z In(05) vmx scsi0:0: Command READ(10) took 1.042 seconds (ok)
2026-07-26T02:55:12.731Z In(05) vmx scsi0:0: Command READ(10) took 1.037 seconds (ok)
2026-07-26T02:55:12.731Z In(05) vmx scsi0:0: Command READ(10) took 1.046 seconds (ok)
2026-07-26T02:55:12.732Z In(05) vmx scsi0:0: Command READ(10) took 1.046 seconds (ok)
2026-07-26T02:55:12.732Z In(05) vmx scsi0:0: Command READ(10) took 1.045 seconds (ok)
2026-07-26T02:55:12.732Z In(05) vmx scsi0:0: Command READ(10) took 1.043 seconds (ok)
2026-07-26T02:55:12.732Z In(05) vmx scsi0:0: Command READ(10) took 1.025 seconds (ok)
2026-07-26T02:55:12.732Z In(05) vmx scsi0:0: Command READ(10) took 1.043 seconds (ok)
2026-07-26T02:55:12.732Z In(05) vmx scsi0:0: Command READ(10) took 1.030 seconds (ok)
2026-07-26T02:55:12.732Z In(05) vmx scsi0:0: Command READ(10) took 1.044 seconds (ok)
2026-07-26T02:55:13.640Z In(05) vmx scsi0:0: Command READ(10) took 1.650 seconds (ok)
2026-07-26T02:55:13.641Z In(05) vmx scsi0:0: Command READ(10) took 1.650 seconds (ok)
2026-07-26T02:55:13.641Z In(05) vmx scsi0:0: Command READ(10) took 1.651 seconds (ok)
2026-07-26T02:55:14.176Z In(05) vmx scsi0:0: Command READ(10) took 1.439 seconds (ok)
2026-07-26T02:55:14.176Z In(05) vmx scsi0:0: Command READ(10) took 1.436 seconds (ok)
2026-07-26T02:55:14.176Z In(05) vmx scsi0:0: Command READ(10) took 1.424 seconds (ok)
2026-07-26T02:55:15.632Z In(05) vmx scsi0:0: Command READ(10) took 1.989 seconds (ok)
2026-07-26T02:55:15.632Z In(05) vmx scsi0:0: Command READ(10) took 1.992 seconds (ok)
2026-07-26T02:55:15.633Z In(05) vmx scsi0:0: Command READ(10) took 1.988 seconds (ok)
2026-07-26T02:55:15.633Z In(05) vmx scsi0:0: Command READ(10) took 1.988 seconds (ok)
2026-07-26T02:55:15.633Z In(05) vmx scsi0:0: Command READ(10) took 1.988 seconds (ok)
2026-07-26T02:55:15.633Z In(05) vmx scsi0:0: Command READ(10) took 1.990 seconds (ok)
2026-07-26T02:55:15.633Z In(05) vmx scsi0:0: Command READ(10) took 1.454 seconds (ok)
2026-07-26T02:55:15.633Z In(05) vmx scsi0:0: Command READ(10) took 1.457 seconds (ok)
2026-07-26T02:55:15.633Z In(05) vmx scsi0:0: Command READ(10) took 1.455 seconds (ok)
2026-07-26T02:55:15.633Z In(05) vmx scsi0:0: Command READ(10) took 1.457 seconds (ok)
2026-07-26T02:55:17.894Z In(05) vmx scsi0:0: Command READ(10) took 1.171 seconds (ok)
2026-07-26T02:55:17.894Z In(05) vmx scsi0:0: Command READ(10) took 1.061 seconds (ok)
2026-07-26T02:55:17.894Z In(05) vmx scsi0:0: Command READ(10) took 1.002 seconds (ok)
2026-07-26T02:55:17.931Z In(05) vmx scsi0:0: Command READ(10) took 1.087 seconds (ok)
2026-07-26T02:55:17.949Z In(05) vmx scsi0:0: Command READ(10) took 1.096 seconds (ok)
2026-07-26T02:55:17.989Z In(05) vmx scsi0:0: Command READ(10) took 1.265 seconds (ok)
2026-07-26T02:55:22.033Z In(05) vmx scsi0:0: Command READ(10) took 1.232 seconds (ok)
2026-07-26T02:55:22.033Z In(05) vmx scsi0:0: Command READ(10) took 1.232 seconds (ok)
2026-07-26T02:55:22.033Z In(05) vmx scsi0:0: Command READ(10) took 1.232 seconds (ok)
2026-07-26T02:55:22.033Z In(05) vmx scsi0:0: Command READ(10) took 1.231 seconds (ok)
2026-07-26T02:55:22.033Z In(05) vmx scsi0:0: Command READ(10) took 1.231 seconds (ok)
2026-07-26T02:55:25.175Z In(05) vmx scsi0:0: Command READ(10) took 1.006 seconds (ok)
2026-07-26T02:55:25.176Z In(05) vmx scsi0:0: Command READ(10) took 1.004 seconds (ok)
2026-07-26T02:55:25.176Z In(05) vmx scsi0:0: Command READ(10) took 1.153 seconds (ok)
2026-07-26T02:55:25.176Z In(05) vmx scsi0:0: Command READ(10) took 1.138 seconds (ok)
2026-07-26T02:55:25.176Z In(05) vmx scsi0:0: Command READ(10) took 1.026 seconds (ok)
2026-07-26T02:55:25.176Z In(05) vmx scsi0:0: Command READ(10) took 1.007 seconds (ok)
2026-07-26T02:55:25.176Z In(05) vmx scsi0:0: Command READ(10) took 1.141 seconds (ok)
2026-07-26T02:55:25.176Z In(05) vmx scsi0:0: Command READ(10) took 1.043 seconds (ok)
2026-07-26T02:55:28.051Z In(05) vmx scsi0:0: Command READ(10) took 1.062 seconds (ok)
2026-07-26T02:55:30.103Z In(05) vmx scsi0:0: Command READ(10) took 2.046 seconds (ok)
2026-07-26T02:55:30.103Z In(05) vmx scsi0:0: Command READ(10) took 2.049 seconds (ok)
2026-07-26T02:55:30.103Z In(05) vmx scsi0:0: Command READ(10) took 2.052 seconds (ok)
2026-07-26T02:55:30.104Z In(05) vmx scsi0:0: Command WRITE(10) took 2.054 seconds (ok)
2026-07-26T02:55:30.104Z In(05) vmx scsi0:0: Command READ(10) took 1.929 seconds (ok)
2026-07-26T02:55:30.104Z In(05) vmx scsi0:0: Command READ(10) took 1.825 seconds (ok)
2026-07-26T02:55:30.104Z In(05) vmx scsi0:0: Command READ(10) took 2.052 seconds (ok)
2026-07-26T02:55:30.104Z In(05) vmx scsi0:0: Command READ(10) took 1.603 seconds (ok)
2026-07-26T02:55:30.104Z In(05) vmx scsi0:0: Command READ(10) took 1.495 seconds (ok)
2026-07-26T02:55:30.104Z In(05) vmx scsi0:0: Command READ(10) took 1.495 seconds (ok)
2026-07-26T02:55:30.104Z In(05) vmx scsi0:0: Command READ(10) took 1.495 seconds (ok)
2026-07-26T02:55:30.104Z In(05) vmx scsi0:0: Command READ(10) took 1.500 seconds (ok)
2026-07-26T02:55:30.104Z In(05) vmx scsi0:0: Command READ(10) took 1.594 seconds (ok)
2026-07-26T02:55:30.104Z In(05) vmx scsi0:0: Command READ(10) took 1.612 seconds (ok)
2026-07-26T02:55:35.883Z In(05) vmx scsi0:0: Command READ(10) took 2.614 seconds (ok)
2026-07-26T02:55:35.883Z In(05) vmx scsi0:0: Command READ(10) took 2.430 seconds (ok)
2026-07-26T02:55:35.883Z In(05) vmx scsi0:0: Command READ(10) took 2.886 seconds (ok)
2026-07-26T02:55:35.883Z In(05) vmx scsi0:0: Command READ(10) took 2.518 seconds (ok)
2026-07-26T02:55:35.883Z In(05) vmx scsi0:0: Command READ(10) took 2.415 seconds (ok)
2026-07-26T02:55:35.883Z In(05) vmx scsi0:0: Command READ(10) took 2.863 seconds (ok)
2026-07-26T02:55:35.883Z In(05) vmx scsi0:0: Command READ(10) took 2.899 seconds (ok)
2026-07-26T02:55:35.883Z In(05) vmx scsi0:0: Command READ(10) took 2.494 seconds (ok)
2026-07-26T02:55:35.883Z In(05) vmx scsi0:0: Command READ(10) took 2.453 seconds (ok)
2026-07-26T02:55:36.996Z In(05) vmx Tools_SetGuestResolution: Sending rpcMsg = Resolution_Set 752 963
2026-07-26T02:55:47.674Z In(05) vmx VigorUpdateScoreboard: time elapsed < 1 s unpexectedly (now = 799387)
2026-07-26T02:55:47.784Z In(05) vmx Tools_SetGuestResolution: Sending rpcMsg = Resolution_Set 752 963
2026-07-26T02:55:47.784Z In(05) vmx Tools_SetGuestResolution: Sending rpcMsg = Resolution_Set 752 963
2026-07-26T02:55:49.783Z In(05) vmx scsi0:0: Command READ(10) took 1.016 seconds (ok)
2026-07-26T02:56:14.631Z In(05) vmx scsi0:0: Command READ(10) took 1.050 seconds (ok)
2026-07-26T02:56:14.632Z In(05) vmx scsi0:0: Command READ(10) took 1.047 seconds (ok)
2026-07-26T02:56:14.632Z In(05) vmx scsi0:0: Command READ(10) took 1.043 seconds (ok)
2026-07-26T02:56:14.632Z In(05) vmx scsi0:0: Command READ(10) took 1.007 seconds (ok)
2026-07-26T02:56:14.632Z In(05) vmx scsi0:0: Command READ(10) took 1.050 seconds (ok)
2026-07-26T02:56:14.632Z In(05) vmx scsi0:0: Command READ(10) took 1.046 seconds (ok)
2026-07-26T02:56:14.632Z In(05) vmx scsi0:0: Command READ(10) took 1.047 seconds (ok)
2026-07-26T02:56:14.632Z In(05) vmx scsi0:0: Command READ(10) took 1.049 seconds (ok)
2026-07-26T02:56:14.632Z In(05) vmx scsi0:0: Command READ(10) took 1.052 seconds (ok)
2026-07-26T02:56:14.632Z In(05) vmx scsi0:0: Command READ(10) took 1.047 seconds (ok)
2026-07-26T02:56:14.632Z In(05) vmx scsi0:0: Command READ(10) took 1.050 seconds (ok)
2026-07-26T02:56:15.874Z In(05) vmx scsi0:0: Command READ(10) took 1.240 seconds (ok)
2026-07-26T02:56:15.875Z In(05) vmx scsi0:0: Command READ(10) took 1.241 seconds (ok)
2026-07-26T02:56:15.875Z In(05) vmx scsi0:0: Command READ(10) took 1.235 seconds (ok)
2026-07-26T02:56:15.875Z In(05) vmx scsi0:0: Command READ(10) took 1.221 seconds (ok)
2026-07-26T02:56:15.875Z In(05) vmx scsi0:0: Command READ(10) took 1.221 seconds (ok)
2026-07-26T02:56:15.875Z In(05) vmx scsi0:0: Command READ(10) took 1.221 seconds (ok)
2026-07-26T02:56:15.875Z In(05) vmx scsi0:0: Command READ(10) took 1.232 seconds (ok)
2026-07-26T02:56:15.875Z In(05) vmx scsi0:0: Command READ(10) took 1.238 seconds (ok)
2026-07-26T02:56:15.875Z In(05) vmx scsi0:0: Command READ(10) took 1.217 seconds (ok)
2026-07-26T02:56:15.875Z In(05) vmx scsi0:0: Command READ(10) took 1.234 seconds (ok)
2026-07-26T02:56:15.875Z In(05) vmx scsi0:0: Command READ(10) took 1.224 seconds (ok)
2026-07-26T02:56:15.875Z In(05) vmx scsi0:0: Command READ(10) took 1.224 seconds (ok)
2026-07-26T02:56:15.875Z In(05) vmx scsi0:0: Command READ(10) took 1.239 seconds (ok)
2026-07-26T02:56:15.875Z In(05) vmx scsi0:0: Command READ(10) took 1.240 seconds (ok)
2026-07-26T02:56:15.876Z In(05) vmx scsi0:0: Command READ(10) took 1.239 seconds (ok)
2026-07-26T02:56:15.876Z In(05) vmx scsi0:0: Command READ(10) took 1.235 seconds (ok)
2026-07-26T02:56:15.876Z In(05) vmx scsi0:0: Command READ(10) took 1.242 seconds (ok)
2026-07-26T02:56:15.876Z In(05) vmx scsi0:0: Command READ(10) took 1.242 seconds (ok)
2026-07-26T02:56:15.876Z In(05) vmx scsi0:0: Command READ(10) took 1.242 seconds (ok)
2026-07-26T02:56:15.876Z In(05) vmx scsi0:0: Command READ(10) took 1.224 seconds (ok)
2026-07-26T02:56:15.876Z In(05) vmx scsi0:0: Command READ(10) took 1.224 seconds (ok)
2026-07-26T02:56:15.876Z In(05) vmx scsi0:0: Command READ(10) took 1.239 seconds (ok)
2026-07-26T02:56:15.876Z In(05) vmx scsi0:0: Command READ(10) took 1.237 seconds (ok)
2026-07-26T02:56:22.892Z In(05) vmx scsi0:0: Command READ(10) took 1.468 seconds (ok)
2026-07-26T02:56:22.892Z In(05) vmx scsi0:0: Command READ(10) took 1.463 seconds (ok)
2026-07-26T02:56:22.892Z In(05) vmx scsi0:0: Command READ(10) took 1.460 seconds (ok)
2026-07-26T02:56:22.892Z In(05) vmx scsi0:0: Command READ(10) took 1.341 seconds (ok)
2026-07-26T02:56:22.892Z In(05) vmx scsi0:0: Command READ(10) took 1.352 seconds (ok)
2026-07-26T02:56:22.892Z In(05) vmx scsi0:0: Command READ(10) took 1.469 seconds (ok)
2026-07-26T02:56:22.892Z In(05) vmx scsi0:0: Command READ(10) took 1.468 seconds (ok)
2026-07-26T02:56:22.893Z In(05) vmx scsi0:0: Command READ(10) took 1.462 seconds (ok)
2026-07-26T02:56:22.893Z In(05) vmx scsi0:0: Command READ(10) took 1.154 seconds (ok)
2026-07-26T02:56:22.893Z In(05) vmx scsi0:0: Command READ(10) took 1.154 seconds (ok)
2026-07-26T02:56:22.893Z In(05) vmx scsi0:0: Command READ(10) took 1.154 seconds (ok)
2026-07-26T02:56:22.893Z In(05) vmx scsi0:0: Command READ(10) took 1.466 seconds (ok)
2026-07-26T02:56:25.446Z In(05) vmx scsi0:0: Command READ(10) took 1.013 seconds (ok)
2026-07-26T02:56:29.749Z In(05) vmx scsi0:0: Command READ(10) took 1.206 seconds (ok)
2026-07-26T02:56:29.749Z In(05) vmx scsi0:0: Command READ(10) took 1.206 seconds (ok)
2026-07-26T02:56:29.749Z In(05) vmx scsi0:0: Command READ(10) took 1.206 seconds (ok)
2026-07-26T02:56:29.749Z In(05) vmx scsi0:0: Command READ(10) took 1.206 seconds (ok)
2026-07-26T02:56:29.749Z In(05) vmx scsi0:0: Command READ(10) took 1.506 seconds (ok)
2026-07-26T02:56:29.749Z In(05) vmx scsi0:0: Command READ(10) took 1.351 seconds (ok)
2026-07-26T02:56:29.749Z In(05) vmx scsi0:0: Command READ(10) took 1.225 seconds (ok)
2026-07-26T02:56:33.055Z In(05) vmx scsi0:0: Command READ(10) took 1.206 seconds (ok)
2026-07-26T02:56:33.055Z In(05) vmx scsi0:0: Command READ(10) took 1.206 seconds (ok)
2026-07-26T02:56:33.055Z In(05) vmx scsi0:0: Command READ(10) took 1.205 seconds (ok)
2026-07-26T02:56:33.055Z In(05) vmx scsi0:0: Command READ(10) took 1.746 seconds (ok)
2026-07-26T02:56:33.055Z In(05) vmx scsi0:0: Command READ(10) took 1.746 seconds (ok)
2026-07-26T02:56:33.055Z In(05) vmx scsi0:0: Command READ(10) took 1.746 seconds (ok)
2026-07-26T02:56:33.055Z In(05) vmx scsi0:0: Command READ(10) took 1.738 seconds (ok)
2026-07-26T02:56:33.055Z In(05) vmx scsi0:0: Command READ(10) took 1.737 seconds (ok)
2026-07-26T02:56:33.055Z In(05) vmx scsi0:0: Command READ(10) took 1.720 seconds (ok)
2026-07-26T02:56:33.056Z In(05) vmx scsi0:0: Command READ(10) took 1.733 seconds (ok)
2026-07-26T02:56:33.056Z In(05) vmx scsi0:0: Command READ(10) took 1.166 seconds (ok)
2026-07-26T02:56:33.056Z In(05) vmx scsi0:0: Command READ(10) took 1.527 seconds (ok)
2026-07-26T02:56:33.056Z In(05) vmx scsi0:0: Command READ(10) took 1.251 seconds (ok)
2026-07-26T02:56:33.056Z In(05) vmx scsi0:0: Command READ(10) took 1.677 seconds (ok)
2026-07-26T02:56:34.095Z In(05) vmx scsi0:0: Command READ(10) took 1.033 seconds (ok)
2026-07-26T02:56:35.523Z In(05) vmx scsi0:0: Command READ(10) took 1.104 seconds (ok)
2026-07-26T02:56:35.645Z In(05) vmx scsi0:0: Command READ(10) took 1.178 seconds (ok)
2026-07-26T02:56:35.645Z In(05) vmx scsi0:0: Command READ(10) took 1.121 seconds (ok)
2026-07-26T02:56:35.645Z In(05) vmx scsi0:0: Command READ(10) took 1.119 seconds (ok)
2026-07-26T02:56:35.645Z In(05) vmx scsi0:0: Command READ(10) took 1.149 seconds (ok)
2026-07-26T02:56:35.645Z In(05) vmx scsi0:0: Command READ(10) took 1.149 seconds (ok)
2026-07-26T02:56:35.645Z In(05) vmx scsi0:0: Command READ(10) took 1.149 seconds (ok)
2026-07-26T02:56:35.645Z In(05) vmx scsi0:0: Command READ(10) took 1.149 seconds (ok)
2026-07-26T02:56:35.645Z In(05) vmx scsi0:0: Command READ(10) took 1.158 seconds (ok)
2026-07-26T02:56:35.645Z In(05) vmx scsi0:0: Command READ(10) took 1.043 seconds (ok)
2026-07-26T02:56:35.645Z In(05) vmx scsi0:0: Command READ(10) took 1.114 seconds (ok)
2026-07-26T02:56:35.645Z In(05) vmx scsi0:0: Command READ(10) took 1.107 seconds (ok)
2026-07-26T02:56:35.645Z In(05) vmx scsi0:0: Command READ(10) took 1.171 seconds (ok)
2026-07-26T02:56:35.645Z In(05) vmx scsi0:0: Command READ(10) took 1.171 seconds (ok)
2026-07-26T02:56:35.645Z In(05) vmx scsi0:0: Command READ(10) took 1.171 seconds (ok)
2026-07-26T02:56:35.645Z In(05) vmx scsi0:0: Command READ(10) took 1.171 seconds (ok)
2026-07-26T02:56:40.259Z In(05) vmx scsi0:0: Command READ(10) took 1.030 seconds (ok)
2026-07-26T02:56:40.259Z In(05) vmx scsi0:0: Command READ(10) took 1.104 seconds (ok)
2026-07-26T02:56:40.259Z In(05) vmx scsi0:0: Command READ(10) took 1.093 seconds (ok)
2026-07-26T02:56:40.259Z In(05) vmx scsi0:0: Command READ(10) took 1.269 seconds (ok)
2026-07-26T02:57:02.267Z In(05) vmx scsi0:0: Command READ(10) took 1.421 seconds (ok)
2026-07-26T02:57:02.267Z In(05) vmx scsi0:0: Command READ(10) took 1.186 seconds (ok)
2026-07-26T02:57:02.267Z In(05) vmx scsi0:0: Command READ(10) took 1.258 seconds (ok)
2026-07-26T02:57:02.267Z In(05) vmx scsi0:0: Command READ(10) took 1.271 seconds (ok)
2026-07-26T02:57:27.385Z In(05) vcpu-3 DISKLIB-LIB   : numIOs = 150000 numMergedIOs = 24991 numSplitIOs = 2290
2026-07-26T02:58:31.100Z In(05) vmx scsi0:0: Command WRITE(10) took 7.145 seconds (ok)
2026-07-26T02:58:31.145Z In(05) vmx scsi0:0: Command WRITE(10) took 7.140 seconds (ok)
2026-07-26T02:58:31.146Z In(05) vmx scsi0:0: Command WRITE(10) took 7.190 seconds (ok)
2026-07-26T02:58:31.146Z In(05) vmx scsi0:0: Command WRITE(10) took 7.175 seconds (ok)
2026-07-26T02:58:31.146Z In(05) vmx scsi0:0: Command WRITE(10) took 7.175 seconds (ok)
2026-07-26T02:58:31.146Z In(05) vmx scsi0:0: Command WRITE(10) took 7.139 seconds (ok)
2026-07-26T02:58:31.146Z In(05) vmx scsi0:0: Command WRITE(10) took 7.191 seconds (ok)
2026-07-26T02:58:31.146Z In(05) vmx scsi0:0: Command WRITE(10) took 7.140 seconds (ok)
2026-07-26T02:58:31.146Z In(05) vmx scsi0:0: Command WRITE(10) took 7.140 seconds (ok)
2026-07-26T02:58:31.146Z In(05) vmx scsi0:0: Command WRITE(10) took 7.140 seconds (ok)
2026-07-26T02:58:31.146Z In(05) vmx scsi0:0: Command WRITE(10) took 7.175 seconds (ok)
2026-07-26T02:58:31.146Z In(05) vmx scsi0:0: Command WRITE(10) took 7.140 seconds (ok)
2026-07-26T02:58:31.146Z In(05) vmx scsi0:0: Command WRITE(10) took 7.191 seconds (ok)
2026-07-26T02:58:31.146Z In(05) vmx scsi0:0: Command WRITE(10) took 7.067 seconds (ok)
2026-07-26T02:58:31.146Z In(05) vmx scsi0:0: Command WRITE(10) took 6.926 seconds (ok)
2026-07-26T02:58:31.147Z In(05) vmx scsi0:0: Command WRITE(10) took 7.066 seconds (ok)
2026-07-26T02:58:31.147Z In(05) vmx scsi0:0: Command WRITE(10) took 7.195 seconds (ok)
2026-07-26T02:58:31.147Z In(05) vmx scsi0:0: Command WRITE(10) took 6.584 seconds (ok)
2026-07-26T02:58:31.147Z In(05) vmx scsi0:0: Command WRITE(10) took 6.709 seconds (ok)
2026-07-26T02:58:31.147Z In(05) vmx scsi0:0: Command WRITE(10) took 7.177 seconds (ok)
2026-07-26T02:58:31.147Z In(05) vmx scsi0:0: Command WRITE(10) took 7.195 seconds (ok)
2026-07-26T02:58:31.147Z In(05) vmx scsi0:0: Command WRITE(10) took 7.204 seconds (ok)
2026-07-26T02:58:31.147Z In(05) vmx scsi0:0: Command WRITE(10) took 7.199 seconds (ok)
2026-07-26T02:58:31.147Z In(05) vmx scsi0:0: Command WRITE(10) took 7.211 seconds (ok)
2026-07-26T02:58:31.147Z In(05) vmx scsi0:0: Command WRITE(10) took 7.193 seconds (ok)
2026-07-26T02:58:31.147Z In(05) vmx scsi0:0: Command WRITE(10) took 7.191 seconds (ok)
2026-07-26T02:58:31.147Z In(05) vmx scsi0:0: Command WRITE(10) took 6.035 seconds (ok)
2026-07-26T02:58:31.147Z In(05) vmx scsi0:0: Command WRITE(10) took 3.870 seconds (ok)
2026-07-26T02:58:31.147Z In(05) vmx scsi0:0: Command WRITE(10) took 3.788 seconds (ok)
2026-07-26T02:58:31.147Z In(05) vmx scsi0:0: Command WRITE(10) took 5.704 seconds (ok)
2026-07-26T02:58:31.148Z In(05) vmx scsi0:0: Command WRITE(10) took 7.183 seconds (ok)
2026-07-26T02:59:04.111Z In(05) vmx scsi0:0: Command READ(10) took 1.185 seconds (ok)
2026-07-26T02:59:36.724Z In(05) vmx scsi0:0: Command READ(10) took 1.197 seconds (ok)
2026-07-26T02:59:37.160Z In(05) vmx scsi0:0: Command READ(10) took 1.067 seconds (ok)
2026-07-26T02:59:40.208Z In(05) vmx scsi0:0: Command READ(10) took 1.853 seconds (ok)
2026-07-26T02:59:40.606Z In(05) vmx scsi0:0: Command READ(10) took 1.332 seconds (ok)
2026-07-26T02:59:40.606Z In(05) vmx scsi0:0: Command READ(10) took 1.265 seconds (ok)
2026-07-26T02:59:40.606Z In(05) vmx scsi0:0: Command READ(10) took 1.305 seconds (ok)
2026-07-26T02:59:40.606Z In(05) vmx scsi0:0: Command READ(10) took 1.298 seconds (ok)
2026-07-26T02:59:40.606Z In(05) vmx scsi0:0: Command READ(10) took 1.286 seconds (ok)
2026-07-26T02:59:42.204Z In(05) vmx scsi0:0: Command READ(10) took 1.597 seconds (ok)
2026-07-26T02:59:42.204Z In(05) vmx scsi0:0: Command READ(10) took 1.596 seconds (ok)
2026-07-26T02:59:42.204Z In(05) vmx scsi0:0: Command READ(10) took 1.588 seconds (ok)
2026-07-26T02:59:42.204Z In(05) vmx scsi0:0: Command READ(10) took 1.594 seconds (ok)
2026-07-26T02:59:42.204Z In(05) vmx scsi0:0: Command READ(10) took 1.597 seconds (ok)
2026-07-26T02:59:44.483Z In(05) vmx scsi0:0: Command READ(10) took 1.717 seconds (ok)
2026-07-26T02:59:44.483Z In(05) vmx scsi0:0: Command READ(10) took 2.274 seconds (ok)
2026-07-26T02:59:44.484Z In(05) vmx scsi0:0: Command READ(10) took 2.280 seconds (ok)
2026-07-26T02:59:44.484Z In(05) vmx scsi0:0: Command READ(10) took 2.277 seconds (ok)
2026-07-26T02:59:44.484Z In(05) vmx scsi0:0: Command READ(10) took 2.274 seconds (ok)
2026-07-26T02:59:44.484Z In(05) vmx scsi0:0: Command READ(10) took 2.275 seconds (ok)
2026-07-26T02:59:44.484Z In(05) vmx scsi0:0: Command READ(10) took 2.275 seconds (ok)
2026-07-26T02:59:47.120Z In(05) vmx scsi0:0: Command READ(10) took 1.129 seconds (ok)
2026-07-26T02:59:47.120Z In(05) vmx scsi0:0: Command READ(10) took 1.041 seconds (ok)
2026-07-26T02:59:47.120Z In(05) vmx scsi0:0: Command READ(10) took 1.070 seconds (ok)
2026-07-26T02:59:47.120Z In(05) vmx scsi0:0: Command READ(10) took 1.378 seconds (ok)
2026-07-26T02:59:48.562Z In(05) vmx scsi0:0: Command READ(10) took 1.088 seconds (ok)
2026-07-26T02:59:48.562Z In(05) vmx scsi0:0: Command READ(10) took 1.195 seconds (ok)
2026-07-26T02:59:48.562Z In(05) vmx scsi0:0: Command READ(10) took 1.135 seconds (ok)
2026-07-26T02:59:48.562Z In(05) vmx scsi0:0: Command READ(10) took 1.076 seconds (ok)
2026-07-26T03:01:16.649Z In(05) vmx MemSched: caller 1 numvm 2 locked pages: num 2371740 max 3496448
2026-07-26T03:01:16.649Z In(05) vmx MemSched: locked Page Limit: host 3668242 config 3512832
2026-07-26T03:01:16.649Z In(05) vmx MemSched: minmempct 50  timestamp 774657
2026-07-26T03:01:16.649Z In(05) vmx MemSched: VM 0 min 269626 max 531770 shares 524288 paged 4141758 nonpaged 3246 anonymous 4236 locked 269626 touchedPct 5 dirtiedPct 1 timestamp 774655 vmResponsive is 1
2026-07-26T03:01:16.649Z In(05) vmx MemSched: VM 1 min 1066108 max 2114684 shares 2097152 paged 4142788 nonpaged 6530 anonymous 11002 locked 2102114 touchedPct 32 dirtiedPct 26 timestamp 774657 vmResponsive is 1
2026-07-26T03:01:16.649Z In(05) vmx MemSched: locked 2102114 target 2114684 balloon 0 0 1313565 swapped 4172 0 allocd 4 512 state 0 100
2026-07-26T03:01:16.649Z In(05) vmx MemSched: states: 0 1801 : 1 0 : 2 0 : 3 0
2026-07-26T03:01:16.649Z In(05) vmx MemSched: Balloon enabled 1 guestType 1 maxSize 2020870
2026-07-26T03:01:18.003Z In(05) vmx scsi0:0: Command READ(10) took 1.074 seconds (ok)
2026-07-26T03:01:18.003Z In(05) vmx scsi0:0: Command READ(10) took 1.074 seconds (ok)
2026-07-26T03:01:18.003Z In(05) vmx scsi0:0: Command READ(10) took 1.017 seconds (ok)
2026-07-26T03:01:18.003Z In(05) vmx scsi0:0: Command READ(10) took 1.005 seconds (ok)
2026-07-26T03:01:19.672Z In(05) vmx DISKLIB-LIB   : numIOs = 200000 numMergedIOs = 29174 numSplitIOs = 2724
2026-07-26T03:02:12.408Z In(05) vmx scsi0:0: Command READ(10) took 1.169 seconds (ok)
2026-07-26T03:02:12.408Z In(05) vmx scsi0:0: Command READ(10) took 1.169 seconds (ok)
2026-07-26T03:02:28.517Z In(05) vmx scsi0:0: Command READ(10) took 2.515 seconds (ok)
2026-07-26T03:02:30.955Z In(05) vmx scsi0:0: Command READ(10) took 1.234 seconds (ok)
2026-07-26T03:02:31.268Z In(05) vcpu-3 GuestRpc: Reinitializing Channel 0(toolbox)
2026-07-26T03:02:31.268Z In(05) vcpu-3 Tools: [AppStatus] Last heartbeat value 1832 (last received 0s ago)
2026-07-26T03:02:31.268Z In(05) vcpu-3 TOOLS: appName=toolbox, oldStatus=1, status=0, guestInitiated=1.
2026-07-26T03:02:31.579Z In(05) vmx GuestRpc: Got error for channel 0 connection 9: Remote disconnected
2026-07-26T03:02:31.579Z In(05) vmx GuestRpc: GuestRpcResetVsockChannel: channel 0
2026-07-26T03:02:31.579Z In(05) vmx GuestRpc: Closing channel 0 connection 9
2026-07-26T03:02:31.924Z In(05) vmx GuestRpc: Got RPCI vsocket connection 10, assigned to channel 0.
2026-07-26T03:02:31.925Z In(05) vmx Guest: [vgauthservice] VGAuthService END SERVICE
2026-07-26T03:02:31.925Z In(05) vmx GuestRpc: Closing channel 0 connection 10
2026-07-26T03:02:39.700Z In(05) vcpu-0 VMMouse: CMD Disable
2026-07-26T03:02:39.700Z In(05) vcpu-0 VMMouse: Disabling VMMouse mode
2026-07-26T03:03:15.471Z In(05) vcpu-0 Tools: Tools heartbeat timeout.
2026-07-26T03:03:16.183Z In(05) vcpu-0 Tools: Running status rpc handler: 1 => 0.
2026-07-26T03:03:16.184Z In(05) vcpu-0 Tools: Changing running status: 1 => 0.
2026-07-26T03:03:16.184Z In(05) vcpu-0 Tools: [RunningStatus] Last heartbeat value 1833 (last received 44s ago)
2026-07-26T03:03:19.146Z In(05) vcpu-0 PIIX4: PM Soft Off.  Good-bye.
2026-07-26T03:03:19.146Z In(05) vcpu-0 Chipset: The guest has requested that the virtual machine be powered off.
2026-07-26T03:03:19.146Z No(00) vcpu-0 ConfigDB: Setting softPowerOff = "TRUE"
2026-07-26T03:03:32.936Z In(05) vcpu-0 VMX: Issuing power-off request...
2026-07-26T03:03:35.523Z In(05) vmx Stopping VCPU threads...
2026-07-26T03:03:37.563Z In(05) vmx Stopping MKS/SVGA threads
2026-07-26T03:03:37.563Z In(05) vmx MKSThread: Requesting MKS exit
2026-07-26T03:03:37.825Z In(05) svga MKSThread: SVGA thread is exiting the main loop
2026-07-26T03:03:38.760Z In(05) svga SWBScreen: Screen 1 Destroyed: xywh(0, 0, 1280, 800) flags=0x2
2026-07-26T03:03:40.345Z In(05) mks SWBWindow: Window 0 Destroyed: src screenId=-1, src xywh(0, 0, 1280, 800) dest xywh(0, 0, 1280, 800) pixelScale=1, flags=0x7
2026-07-26T03:03:40.346Z In(05) mks SWBWindow: Number of MKSWindows changed: 0 rendering MKSWindow(s) of total 1.
2026-07-26T03:03:40.346Z In(05) mks SWBWindow: Window 1 Destroyed: src screenId=-1, src xywh(0, 0, 1280, 800) dest xywh(0, 0, 1280, 800) pixelScale=1, flags=0x8
2026-07-26T03:03:40.364Z In(05) mks MKS-HWinMux: Backend Switch Queued
2026-07-26T03:03:40.364Z In(05) mks SWBWindow: Number of MKSWindows changed: 0 rendering MKSWindow(s) of total 0.
2026-07-26T03:03:53.595Z In(05) vmx MKS/SVGA threads are stopped
2026-07-26T03:03:55.065Z In(05) vmx USB: DevID(200000050e0f0003): Disconnecting device.
2026-07-26T03:03:57.812Z In(05) vmx 
2026-07-26T03:03:57.812Z In(05)+ vmx OvhdMem: Final (Power Off) Overheads
2026-07-26T03:03:57.837Z In(05) vmx                                                       reserved      |          used
2026-07-26T03:03:57.837Z In(05) vmx OvhdMem excluded                                  cur    max    avg |    cur    max    avg
2026-07-26T03:03:57.837Z In(05) vmx OvhdMem OvhdUser_MainMem                    :  2097152 2097152      - | 2086924 2090658      -
2026-07-26T03:03:57.837Z In(05) vmx OvhdMem OvhdUser_VmxText                    :    7936   7936      - |      0      0      -
2026-07-26T03:03:57.837Z In(05) vmx OvhdMem OvhdUser_VmxTextLibs                :   17408  17408      - |      0      0      -
2026-07-26T03:03:57.837Z In(05) vmx OvhdMem Total excluded                      :  2122496 2122496      - |      -      -      -
2026-07-26T03:03:57.837Z In(05) vmx OvhdMem Actual maximum                      :         2122496        |             -
2026-07-26T03:03:57.837Z In(05)+ vmx 
2026-07-26T03:03:57.837Z In(05) vmx                                                       reserved      |          used
2026-07-26T03:03:57.837Z In(05) vmx OvhdMem paged                                     cur    max    avg |    cur    max    avg
2026-07-26T03:03:57.837Z In(05) vmx OvhdMem OvhdUser_STATS_vmm                  :       8      8      - |      0      0      -
2026-07-26T03:03:57.837Z In(05) vmx OvhdMem OvhdUser_STATS_device               :       4      4      - |      0      0      -
2026-07-26T03:03:57.837Z In(05) vmx OvhdMem OvhdUser_SvgaMobFallback            :  1048576 1048576      - |      0      0      -
2026-07-26T03:03:57.837Z In(05) vmx OvhdMem OvhdUser_DiskLibMemUsed             :    3075   3075      - |      0      0      -
2026-07-26T03:03:57.837Z In(05) vmx OvhdMem OvhdUser_SvgaSurfaceTable           :    2944   2944      - |    459    459      -
2026-07-26T03:03:57.837Z In(05) vmx OvhdMem OvhdUser_SvgaSDirtyCache            :      96     96      - |      0      0      -
2026-07-26T03:03:57.837Z In(05) vmx OvhdMem OvhdUser_SvgaShaderTable            :    1000   1000      - |    193    193      -
2026-07-26T03:03:57.837Z In(05) vmx OvhdMem OvhdUser_SvgaShaderText             :    2304   2304      - |      0      0      -
2026-07-26T03:03:57.837Z In(05) vmx OvhdMem OvhdUser_SvgaContextCache           :    1405   1405      - |      2      2      -
2026-07-26T03:03:57.837Z In(05) vmx OvhdMem OvhdUser_SvgaDXRTViewTable          :      31     31      - |      7      7      -
2026-07-26T03:03:57.837Z In(05) vmx OvhdMem OvhdUser_SvgaDXDSViewTable          :      16     16      - |      4      4      -
2026-07-26T03:03:57.837Z In(05) vmx OvhdMem OvhdUser_SvgaDXSRViewTable          :    1021   1021      - |    193    193      -
2026-07-26T03:03:57.837Z In(05) vmx OvhdMem OvhdUser_SvgaDXUAViewTable          :      70     70      - |     13     13      -
2026-07-26T03:03:57.837Z In(05) vmx OvhdMem OvhdUser_SvgaDXBlendStateTable      :      31     31      - |      4      4      -
2026-07-26T03:03:57.837Z In(05) vmx OvhdMem OvhdUser_SvgaDXElementLayoutTable   :     199    199      - |      4      4      -
2026-07-26T03:03:57.837Z In(05) vmx OvhdMem OvhdUser_SvgaDXDepthStencilTable    :      19     19      - |      4      4      -
2026-07-26T03:03:57.837Z In(05) vmx OvhdMem OvhdUser_SvgaDXRasterizerStateTable :      19     19      - |      4      4      -
2026-07-26T03:03:57.837Z In(05) vmx OvhdMem OvhdUser_SvgaDXSamplerTable         :     141    141      - |     13     13      -
2026-07-26T03:03:57.837Z In(05) vmx OvhdMem OvhdUser_SvgaDXContextTable         :    1472   1472      - |      1      1      -
2026-07-26T03:03:57.837Z In(05) vmx OvhdMem OvhdUser_SvgaDXShaderTable          :     241    241      - |     49     49      -
2026-07-26T03:03:57.837Z In(05) vmx OvhdMem OvhdUser_SvgaDXShaderText           :    4352   4352      - |      0      0      -
2026-07-26T03:03:57.837Z In(05) vmx OvhdMem OvhdUser_SvgaDXStreamOutTable       :     516    516      - |      1      1      -
2026-07-26T03:03:57.837Z In(05) vmx OvhdMem OvhdUser_SvgaDXQueryTable           :     132    132      - |     13     13      -
2026-07-26T03:03:57.837Z In(05) vmx OvhdMem OvhdUser_SvgaVAProcessorTable       :       1      1      - |      0      0      -
2026-07-26T03:03:57.837Z In(05) vmx OvhdMem OvhdUser_SvgaVADecoderTable         :       1      1      - |      0      0      -
2026-07-26T03:03:57.837Z In(05) vmx OvhdMem OvhdUser_SvgaCursor                 :      10     10      - |     10     10      -
2026-07-26T03:03:57.837Z In(05) vmx OvhdMem OvhdUser_SvgaPPNList                :    1026   1026      - |      0      0      -
2026-07-26T03:03:57.837Z In(05) vmx OvhdMem OvhdUser_VmxGlobals                 :   10240  10240      - |      0      0      -
2026-07-26T03:03:57.837Z In(05) vmx OvhdMem OvhdUser_VmxGlobalsLibs             :    3584   3584      - |      0      0      -
2026-07-26T03:03:57.837Z In(05) vmx OvhdMem OvhdUser_VmxHeap                    :   10752  10752      - |      0      0      -
2026-07-26T03:03:57.837Z In(05) vmx OvhdMem OvhdUser_VmxMks                     :      49     49      - |     17     17      -
2026-07-26T03:03:57.837Z In(05) vmx OvhdMem OvhdUser_VmxMksRenderOps            :    3494   3494      - |   2540   2540      -
2026-07-26T03:03:57.837Z In(05) vmx OvhdMem OvhdUser_VmxMks3d                   :  2711552 2711552      - |      0      0      -
2026-07-26T03:03:57.837Z In(05) vmx OvhdMem OvhdUser_VmxMksLLVM                 :   12288  12288      - |      0      0      -
2026-07-26T03:03:57.837Z In(05) vmx OvhdMem OvhdUser_VmxMksScreenTemp           :   69890  69890      - |      0      0      -
2026-07-26T03:03:57.837Z In(05) vmx OvhdMem OvhdUser_VmxMksVnc                  :   74936  74936      - |      0      0      -
2026-07-26T03:03:57.837Z In(05) vmx OvhdMem OvhdUser_VmxMksScreen               :  131075 131075      - |      0      0      -
2026-07-26T03:03:57.837Z In(05) vmx OvhdMem OvhdUser_VmxMksSVGAVO               :    4096   4096      - |      0      0      -
2026-07-26T03:03:57.837Z In(05) vmx OvhdMem OvhdUser_VmxMksSwbCursor            :    4096   4096      - |      0      0      -
2026-07-26T03:03:57.837Z In(05) vmx OvhdMem OvhdUser_VmxPhysMemErrPages         :      10     10      - |      0      0      -
2026-07-26T03:03:57.837Z In(05) vmx OvhdMem OvhdUser_VmxSLEntryBuf              :     128    128      - |      0      0      -
2026-07-26T03:03:57.837Z In(05) vmx OvhdMem OvhdUser_VmxThreads                 :   37888  37888      - |      0      0      -
2026-07-26T03:03:57.837Z In(05) vmx OvhdMem Total paged                         :  4142788 4142788      - |   3531   3531      -
2026-07-26T03:03:57.837Z In(05) vmx OvhdMem Actual maximum                      :         4142788        |        4142788
2026-07-26T03:03:57.837Z In(05)+ vmx 
2026-07-26T03:03:57.837Z In(05) vmx                                                       reserved      |          used
2026-07-26T03:03:57.837Z In(05) vmx OvhdMem nonpaged                                  cur    max    avg |    cur    max    avg
2026-07-26T03:03:57.837Z In(05) vmx OvhdMem OvhdUser_SharedArea                 :     175    175      - |    157    157      -
2026-07-26T03:03:57.837Z In(05) vmx OvhdMem OvhdUser_BusMemTraceBitmap          :      69     69      - |      0      0      -
2026-07-26T03:03:57.837Z In(05) vmx OvhdMem OvhdUser_PFrame                     :    4285   5314      - |   4285   4285      -
2026-07-26T03:03:57.837Z In(05) vmx OvhdMem OvhdUser_VIDE_KSEG                  :      16     16      - |     16     16      -
2026-07-26T03:03:57.837Z In(05) vmx OvhdMem OvhdUser_VGA                        :      64     64      - |     64     64      -
2026-07-26T03:03:57.838Z In(05) vmx OvhdMem OvhdUser_BalloonMPN                 :       1      1      - |      1      1      -
2026-07-26T03:03:57.838Z In(05) vmx OvhdMem OvhdUser_P2MUpdateBuffer            :       3      3      - |      0      0      -
2026-07-26T03:03:57.838Z In(05) vmx OvhdMem OvhdUser_ServicesMPN                :       3      3      - |      2      2      -
2026-07-26T03:03:57.838Z In(05) vmx OvhdMem OvhdUser_LocalApic                  :       4      4      - |      4      4      -
2026-07-26T03:03:57.838Z In(05) vmx OvhdMem OvhdUser_VBIOS                      :       8      8      - |      8      8      -
2026-07-26T03:03:57.838Z In(05) vmx OvhdMem OvhdUser_LSIBIOS                    :       4      4      - |      2      2      -
2026-07-26T03:03:57.838Z In(05) vmx OvhdMem OvhdUser_LSIRings                   :       4      4      - |      0      0      -
2026-07-26T03:03:57.838Z In(05) vmx OvhdMem OvhdUser_SAS1068BIOS                :       4      4      - |      0      0      -
2026-07-26T03:03:57.838Z In(05) vmx OvhdMem OvhdUser_SBIOS                      :      16     16      - |      0      0      -
2026-07-26T03:03:57.838Z In(05) vmx OvhdMem OvhdUser_AHCIBIOS                   :      16     16      - |      2      2      -
2026-07-26T03:03:57.838Z In(05) vmx OvhdMem OvhdUser_AHCIREGS                   :       1      1      - |      1      1      -
2026-07-26T03:03:57.838Z In(05) vmx OvhdMem OvhdUser_FlashRam                   :     128    128      - |     57     57      -
2026-07-26T03:03:57.838Z In(05) vmx OvhdMem OvhdUser_SMM                        :      63     63      - |     40     40      -
2026-07-26T03:03:57.838Z In(05) vmx OvhdMem OvhdUser_SVGAFB                     :    1024   1024      - |      0      0      -
2026-07-26T03:03:57.838Z In(05) vmx OvhdMem OvhdUser_SVGAMEM                    :      64    512      - |      1      1      -
2026-07-26T03:03:57.838Z In(05) vmx OvhdMem OvhdUser_HDAudioReg                 :       3      3      - |      0      0      -
2026-07-26T03:03:57.838Z In(05) vmx OvhdMem OvhdUser_EHCIRegister               :       1      1      - |      1      1      -
2026-07-26T03:03:57.838Z In(05) vmx OvhdMem OvhdUser_XhciRegister               :       1      1      - |      0      0      -
2026-07-26T03:03:57.838Z In(05) vmx OvhdMem OvhdUser_HyperV                     :       2      2      - |      0      0      -
2026-07-26T03:03:57.838Z In(05) vmx OvhdMem OvhdUser_ExtCfg                     :       4      4      - |      2      2      -
2026-07-26T03:03:57.838Z In(05) vmx OvhdMem OvhdUser_vhvCachedVMCS              :       4      4      - |      0      0      -
2026-07-26T03:03:57.838Z In(05) vmx OvhdMem OvhdUser_vhvNestedAPIC              :       4      4      - |      0      0      -
2026-07-26T03:03:57.838Z In(05) vmx OvhdMem OvhdUser_LBR                        :       4      4      - |      0      0      -
2026-07-26T03:03:57.838Z In(05) vmx OvhdMem OvhdUser_MonWired                   :      89     89      - |     89     89      -
2026-07-26T03:03:57.838Z In(05) vmx OvhdMem OvhdUser_MonNuma                    :     395    395      - |      0      0      -
2026-07-26T03:03:57.838Z In(05) vmx OvhdMem OvhdUser_NVDC                       :       1      1      - |      0      0      -
2026-07-26T03:03:57.838Z In(05) vmx OvhdMem OvhdUser_PCIeMMIOArea               :      70     70      - |     37     37      -
2026-07-26T03:03:57.838Z In(05) vmx OvhdMem Total nonpaged                      :    6530   8007      - |   4769   4769      -
2026-07-26T03:03:57.838Z In(05) vmx OvhdMem Actual maximum                      :           6530        |          8007
2026-07-26T03:03:57.838Z In(05)+ vmx 
2026-07-26T03:03:57.838Z In(05) vmx                                                       reserved      |          used
2026-07-26T03:03:57.838Z In(05) vmx OvhdMem anonymous                                 cur    max    avg |    cur    max    avg
2026-07-26T03:03:57.838Z In(05) vmx OvhdMem OvhdMon_Alloc                       :     392    392      - |    121    264      -
2026-07-26T03:03:57.838Z In(05) vmx OvhdMem OvhdMon_BusMemFrame                 :    2114   2171      - |   2114   2114      -
2026-07-26T03:03:57.838Z In(05) vmx OvhdMem OvhdMon_BusMem2MInfo                :      32     32      - |     32     32      -
2026-07-26T03:03:57.838Z In(05) vmx OvhdMem OvhdMon_BusMem1GInfo                :       1      1      - |      1      1      -
2026-07-26T03:03:57.838Z In(05) vmx OvhdMem OvhdMon_BusMemZapListMPN            :       1      1      - |      1      1      -
2026-07-26T03:03:57.838Z In(05) vmx OvhdMem OvhdMon_BusMemPreval                :      16     16      - |      0      0      -
2026-07-26T03:03:57.838Z In(05) vmx OvhdMem OvhdMon_MonAS                       :       4      4      - |      1      1      -
2026-07-26T03:03:57.838Z In(05) vmx OvhdMem OvhdMon_GuestMem                    :     160    160      - |    120    120      -
2026-07-26T03:03:57.838Z In(05) vmx OvhdMem OvhdMon_TC                          :    2052   2052      - |   1816   1816      -
2026-07-26T03:03:57.838Z In(05) vmx OvhdMem OvhdMon_BusMemMonAS                 :       8      8      - |      8      8      -
2026-07-26T03:03:57.838Z In(05) vmx OvhdMem OvhdMon_PlatformMonAS               :      13     13      - |     10     10      -
2026-07-26T03:03:57.838Z In(05) vmx OvhdMem OvhdMon_HVNuma                      :       8      8      - |      0      0      -
2026-07-26T03:03:57.838Z In(05) vmx OvhdMem OvhdMon_HV                          :       4      4      - |      4      4      -
2026-07-26T03:03:57.838Z In(05) vmx OvhdMem OvhdMon_HVMSRBitmap                 :       1      1      - |      0      0      -
2026-07-26T03:03:57.838Z In(05) vmx OvhdMem OvhdMon_VHVGuestMSRBitmap           :       4      4      - |      0      0      -
2026-07-26T03:03:57.838Z In(05) vmx OvhdMem OvhdMon_VHV                         :      12     12      - |      0      0      -
2026-07-26T03:03:57.838Z In(05) vmx OvhdMem OvhdMon_Numa                        :      42     42      - |     14     30      -
2026-07-26T03:03:57.838Z In(05) vmx OvhdMem OvhdMon_NumaTextRodata              :     199    381      - |    182    364      -
2026-07-26T03:03:57.838Z In(05) vmx OvhdMem OvhdMon_NumaDataBss                 :     196    196      - |    196    196      -
2026-07-26T03:03:57.838Z In(05) vmx OvhdMem OvhdMon_NumaLargeData               :       0   1024      - |      0      0      -
2026-07-26T03:03:57.838Z In(05) vmx OvhdMem OvhdMon_BaseWired                   :     112    116      - |     96     96      -
2026-07-26T03:03:57.838Z In(05) vmx OvhdMem OvhdMon_Bootstrap                   :       0   2303      - |      0    335      -
2026-07-26T03:03:57.838Z In(05) vmx OvhdMem OvhdMon_GPhysTraced                 :     877    877      - |    218    218      -
2026-07-26T03:03:57.838Z In(05) vmx OvhdMem OvhdMon_GPhysHWMMU                  :    4370   4370      - |   4246   4246      -
2026-07-26T03:03:57.838Z In(05) vmx OvhdMem OvhdMon_GPhysNoTrace                :     270    270      - |     71     71      -
2026-07-26T03:03:57.838Z In(05) vmx OvhdMem OvhdMon_PhysMemGart                 :     104    104      - |     96     96      -
2026-07-26T03:03:57.838Z In(05) vmx OvhdMem OvhdMon_PhysMemErr                  :       9      9      - |      0      0      -
2026-07-26T03:03:57.838Z In(05) vmx OvhdMem OvhdMon_VProbe                      :       1      1      - |      0      0      -
2026-07-26T03:03:57.838Z In(05) vmx OvhdMem Total anonymous                     :   11002  14572      - |   9347  10023      -
2026-07-26T03:03:57.838Z In(05) vmx OvhdMem Actual maximum                      :          11002        |         13366
2026-07-26T03:03:57.838Z In(05)+ vmx 
2026-07-26T03:03:57.838Z In(05) vmx VMMEM: Maximum Reservation: 16270MB (MainMem=8192MB)
2026-07-26T03:03:59.746Z In(05) vmx MemSched: BALLOON HIST [0, 2097152]: 1885 1885 0 0 0 0 0 0 0 0 0 0
2026-07-26T03:03:59.746Z In(05) vmx MemSched: BALLOON P50 1 P70 1 P90 1 MIN 0 MAX 0
2026-07-26T03:03:59.746Z In(05) vmx MemSched: SWAP HIST [0, 2097152]: 121 1885 0 0 0 0 0 0 0 0 0 0
2026-07-26T03:03:59.746Z In(05) vmx MemSched: SWAP P50 10 P70 10 P90 10 MIN 0 MAX 5203
2026-07-26T03:03:59.746Z In(05) vmx MemSched: LOCK HIST [0, 2097152]: 0 39 51 10 9 10 10 8 32 6 1710 1703
2026-07-26T03:03:59.746Z In(05) vmx MemSched: LOCK P50 100 P70 100 P90 100 MIN 4724 MAX 2104809
2026-07-26T03:03:59.746Z In(05) vmx MemSched: LOCK_TARGET HIST [0, 2097152]: 0 0 0 0 0 0 0 0 0 0 1885 1885
2026-07-26T03:03:59.746Z In(05) vmx MemSched: LOCK_TARGET P50 100 P70 100 P90 100 MIN 2097152 MAX 2118077
2026-07-26T03:03:59.746Z In(05) vmx MemSched: ACTIVE_PCT HIST [0, 100]: 0 0 0 13 201 133 638 127 463 127 183 0
2026-07-26T03:03:59.746Z In(05) vmx MemSched: ACTIVE_PCT P50 60 P70 80 P90 90 MIN 28 MAX 96
2026-07-26T03:03:59.746Z In(05) vmx MemSched: NUM_VMS HIST [0, 10]: 0 0 0 1885 0 0 0 0 0 0 0 0
2026-07-26T03:03:59.746Z In(05) vmx MemSched: NUM_VMS P50 30 P70 30 P90 30 MIN 2 MAX 2
2026-07-26T03:03:59.746Z In(05) vmx MemSched: HOSTLOCK HIST [0, 3496448]: 0 17 74 15 17 14 36 1712 0 0 0 0
2026-07-26T03:03:59.746Z In(05) vmx MemSched: HOSTLOCK P50 70 P70 70 P90 70 MIN 274350 MAX 2374435
2026-07-26T03:04:00.241Z In(05) vmx TOOLS received request in VMX to set option 'enableDnD' -> '0'
2026-07-26T03:04:02.211Z In(05) vmx GuestRpc: Attempt to send TCLO msg for 'toolbox' while GuestRpc is powering off.
2026-07-26T03:04:02.211Z In(05) vmx TOOLS received request in VMX to set option 'copypaste' -> '0'
2026-07-26T03:04:02.211Z In(05) vmx GuestRpc: Attempt to send TCLO msg for 'toolbox' while GuestRpc is powering off.
2026-07-26T03:04:05.561Z In(05) vmx HgfsServerManagerVigorExit: Destroy:
2026-07-26T03:04:08.903Z In(05) vmx ToolsISO: Refreshing imageName for 'ubuntu-64' (refreshCount=1, lastCount=1).
2026-07-26T03:04:14.869Z In(05) vmx ToolsISO: open of C:\Program Files (x86)\VMware\VMware Workstation\isoimages_manifest.txt.sig failed: Could not find the file
2026-07-26T03:04:14.869Z In(05) vmx ToolsISO: Unable to read signature file 'C:\Program Files (x86)\VMware\VMware Workstation\isoimages_manifest.txt.sig', ignoring.
2026-07-26T03:04:15.237Z In(05) vmx ToolsISO: Updated cached value for imageName to 'linux.iso'.
2026-07-26T03:04:15.237Z In(05) vmx ToolsISO: Selected Tools ISO 'linux.iso' for 'ubuntu-64' guest.
2026-07-26T03:04:16.567Z In(05) vmx Win32U_GetFileAttributes: GetFileAttributesExW("C:\Program Files (x86)\VMware\VMware Workstation\linux.iso", ...) failed, error: 2
2026-07-26T03:04:16.567Z In(05) vmx TOOLS updated cached value for isoImageExists to 0.
2026-07-26T03:04:17.241Z In(05) vmx Tools: ToolsRunningStatus_Exit, delayedRequest is 0x0
2026-07-26T03:04:31.790Z In(05) vmx TOOLS: appName=toolbox-dnd, oldStatus=0, status=0, guestInitiated=0.
2026-07-26T03:04:31.816Z In(05) vmx Tools: [AppStatus] Last heartbeat value 1833 (last received 119s ago)
2026-07-26T03:04:31.816Z In(05) vmx TOOLS: appName=toolbox, oldStatus=0, status=0, guestInitiated=0.
2026-07-26T03:04:34.300Z In(05) vmx USB: DevID(10e0f0002): Disconnecting device.
2026-07-26T03:04:39.385Z In(05) usbCCIDEnumCards USB-CCID: Card enum thread exiting.
2026-07-26T03:04:44.718Z In(05) vmx SOUNDLIB: Closing Wave sound backend.
2026-07-26T03:04:46.357Z In(05) mks MKSControlMgr: disconnected
2026-07-26T03:04:46.496Z In(05) mks DXGIPresentation: Clearing device context
2026-07-26T03:04:47.047Z In(05) mks DXGIPresentation: Release D3D device
2026-07-26T03:04:50.172Z In(05) mks DXGIPresentation: Releasing DXGI Adapter
2026-07-26T03:04:50.172Z In(05) mks DXGIPresentation: Releasing DXGI factory
2026-07-26T03:04:52.170Z In(05) mks MKSRenderMain: Stopping ISB (DX11)
2026-07-26T03:06:32.019Z In(05) mks MKSRenderMain: Stopped ISB: (DX11)
2026-07-26T03:06:36.512Z In(05) mks MKS PowerOff
2026-07-26T03:06:36.512Z In(05) mks MKS thread is exiting
2026-07-26T03:06:36.512Z In(05) svga SVGA thread is exiting
2026-07-26T03:06:36.513Z Wa(03) vmx Guest: 
2026-07-26T03:06:40.483Z In(05) vmx scsi0:0: numIOs = 206341 numMergedIOs = 29728 numSplitIOs = 2789 ( 8.6%)
2026-07-26T03:06:40.627Z In(05) vmx Closing disk 'scsi0:0'
2026-07-26T03:06:56.547Z In(05) vmx AIOWIN32C: asyncOps=200672 syncOps=126 bufSize=308Kb fixedOps=84619
2026-07-26T03:06:56.809Z In(05) aioCompletion AIO thread processed 200672 completions
2026-07-26T03:07:02.512Z In(05) deviceThread Device thread is exiting
2026-07-26T03:07:02.572Z In(05) vmx Vix: [mainDispatch.c:1172]: VMAutomationPowerOff: Powering off.
2026-07-26T03:07:08.898Z In(05) vmx Win32U_GetFileAttributes: GetFileAttributesExW("C:\Users\User\Documents\Virtual Machines\Richard's Liver Server 1\Richard's Liver Server 1.vmpl", ...) failed, error: 2
2026-07-26T03:07:08.898Z In(05) vmx Policy_SavePolicyFile: invalid arguments to function.
2026-07-26T03:07:08.898Z In(05) vmx PolicyVMX_Exit: Could not write out policies: 15.
2026-07-26T03:07:09.021Z In(05) vmx WORKER: asyncOps=2 maxActiveOps=1 maxPending=1 maxCompleted=1
2026-07-26T03:07:14.224Z In(05) PowerNotifyThread PowerNotify thread exiting.
2026-07-26T03:08:03.823Z In(05) vmx Vix: [mainDispatch.c:4213]: VMAutomation_ReportPowerOpFinished: statevar=1, newAppState=1873, success=1 additionalError=0
2026-07-26T03:08:03.823Z In(05) vmx Vix: [mainDispatch.c:4231]: VMAutomation: Ignoring ReportPowerOpFinished because the VMX is shutting down.
2026-07-26T03:08:04.199Z In(05) vmx STATSFILE: Amount of dynamic storage used: 656
2026-07-26T03:08:04.199Z In(05) vmx STATSFILE: Number of entries made: 64
2026-07-26T03:08:04.270Z No(00) vmx ConfigDB: Setting cleanShutdown = "TRUE"
2026-07-26T03:08:04.881Z In(05) vmx Vix: [mainDispatch.c:4213]: VMAutomation_ReportPowerOpFinished: statevar=0, newAppState=1870, success=1 additionalError=0
2026-07-26T03:08:04.881Z In(05) vmx Vix: [mainDispatch.c:4231]: VMAutomation: Ignoring ReportPowerOpFinished because the VMX is shutting down.
2026-07-26T03:08:04.881Z In(05) vmx Transitioned vmx/execState/val to poweredOff
2026-07-26T03:08:04.882Z In(05) vmx VMX idle exit
2026-07-26T03:08:04.882Z In(05) vmx WQPoolFreePoll : pollIx = 3, signalHandle = 1048
2026-07-26T03:08:05.340Z In(05) vmx Vix: [mainDispatch.c:818]: VMAutomation_LateShutdown()
2026-07-26T03:08:05.340Z In(05) vmx Vix: [mainDispatch.c:773]: VMAutomationCloseListenerSocket. Closing listener socket.
2026-07-26T03:08:05.463Z In(05) vmx Flushing VMX VMDB connections
2026-07-26T03:08:05.463Z In(05) vmx VmdbDbRemoveCnx: Removing Cnx from Db for '/db/connection/#1/'
2026-07-26T03:08:05.463Z In(05) vmx VmdbCnxDisconnect: Disconnect: closed pipe for pub cnx '/db/connection/#1/' (0)
2026-07-26T03:08:05.464Z In(05) vmx VigorTransport_ServerDestroy: server destroyed.
2026-07-26T03:08:05.464Z In(05) vmx WQPoolFreePoll : pollIx = 2, signalHandle = 868
2026-07-26T03:08:05.464Z In(05) vmx WQPoolFreePoll : pollIx = 1, signalHandle = 860
2026-07-26T03:08:07.518Z In(05) vmx VMX exit (0).
2026-07-26T03:08:08.054Z In(05) vmx OBJLIB-LIB: ObjLib cleanup done.
2026-07-26T03:08:08.054Z In(05) vmx AIOMGR-S : stat o=3 r=21 w=3 i=0 br=106992 bw=140
