2026-07-26T00:46:15.951Z In(05) vmx Log for VMware Workstation pid=17540 version=17.6.0 build=build-24238078 option=Release
2026-07-26T00:46:15.951Z In(05) vmx The host is x86_64.
2026-07-26T00:46:15.951Z In(05) vmx Host codepage=windows-1252 encoding=windows-1252
2026-07-26T00:46:15.951Z In(05) vmx Host is Windows 10 Pro, 64-bit (Build 19045.7548)
2026-07-26T00:46:15.951Z In(05) vmx Host offset from UTC is +00:00.
2026-07-26T00:46:15.839Z In(05) vmx VTHREAD 35936 "vmx"
2026-07-26T00:46:15.844Z In(05) vmx LOCALE windows-1252 -> NULL User=409 System=409
2026-07-26T00:46:15.844Z In(05) vmx Msg_SetLocaleEx: HostLocale=windows-1252 UserLocale=NULL
2026-07-26T00:46:15.856Z In(05) vmx DictionaryLoad: Cannot open file "C:\Users\User\AppData\Roaming\VMware\config.ini": The system cannot find the file specified.
2026-07-26T00:46:15.856Z In(05) vmx Msg_Reset:
2026-07-26T00:46:15.856Z In(05) vmx [msg.dictionary.load.openFailed] Cannot open file "C:\Users\User\AppData\Roaming\VMware\config.ini": The system cannot find the file specified.
2026-07-26T00:46:15.856Z In(05) vmx ----------------------------------------
2026-07-26T00:46:15.856Z In(05) vmx ConfigDB: Failed to load C:\Users\User\AppData\Roaming\VMware\config.ini
2026-07-26T00:46:15.857Z In(05) vmx Win32U_GetFileAttributes: GetFileAttributesExW("G:\VMs\Richard's Kali.vmpl", ...) failed, error: 2
2026-07-26T00:46:15.857Z In(05) vmx OBJLIB-LIB: Objlib initialized.
2026-07-26T00:46:15.863Z In(05) vmx DictionaryLoad: Cannot open file "C:\Users\User\AppData\Roaming\VMware\config.ini": The system cannot find the file specified.
2026-07-26T00:46:15.863Z In(05) vmx [msg.dictionary.load.openFailed] Cannot open file "C:\Users\User\AppData\Roaming\VMware\config.ini": The system cannot find the file specified.
2026-07-26T00:46:15.863Z In(05) vmx PREF Optional preferences file not found at C:\Users\User\AppData\Roaming\VMware\config.ini. Using default values.
2026-07-26T00:46:15.871Z In(05) vmx lib/ssl: OpenSSL using default provider
2026-07-26T00:46:15.872Z In(05) vmx lib/ssl: Client usage
2026-07-26T00:46:15.872Z In(05) vmx lib/ssl: protocol list tls1.2
2026-07-26T00:46:15.872Z In(05) vmx lib/ssl: protocol min 0x303 max 0x303
2026-07-26T00:46:15.872Z In(05) vmx lib/ssl: protocol list tls1.2 (openssl flags 0x36000000)
2026-07-26T00:46:15.872Z In(05) vmx lib/ssl: cipher list ECDHE+AESGCM:RSA+AESGCM:ECDHE+AES:RSA+AES
2026-07-26T00:46:15.872Z In(05) vmx lib/ssl: cipher suites TLS_AES_128_GCM_SHA256:TLS_AES_256_GCM_SHA384
2026-07-26T00:46:15.872Z In(05) vmx lib/ssl: curves list prime256v1:secp384r1:secp521r1
2026-07-26T00:46:15.873Z In(05) vmx lib/ssl: Server usage
2026-07-26T00:46:15.873Z In(05) vmx lib/ssl: protocol list tls1.2
2026-07-26T00:46:15.873Z In(05) vmx lib/ssl: protocol min 0x303 max 0x303
2026-07-26T00:46:15.873Z In(05) vmx lib/ssl: protocol list tls1.2 (openssl flags 0x36000000)
2026-07-26T00:46:15.873Z In(05) vmx lib/ssl: cipher list ECDHE+AESGCM:RSA+AESGCM:ECDHE+AES:RSA+AES
2026-07-26T00:46:15.873Z In(05) vmx lib/ssl: cipher suites TLS_AES_128_GCM_SHA256:TLS_AES_256_GCM_SHA384
2026-07-26T00:46:15.873Z In(05) vmx lib/ssl: curves list prime256v1:secp384r1:secp521r1
2026-07-26T00:46:15.955Z In(05) vmx Hostname=DESKTOP-FA13UF1
2026-07-26T00:46:15.966Z In(05) vmx IP=fe80::b8cd:42ba:c0bf:4611%36
2026-07-26T00:46:15.966Z In(05) vmx IP=fe80::7695:31ee:b4cc:3dce%20
2026-07-26T00:46:15.966Z In(05) vmx IP=fe80::27a6:e70b:47a:bb62%41
2026-07-26T00:46:15.966Z In(05) vmx IP=192.168.101.1
2026-07-26T00:46:15.966Z In(05) vmx IP=192.168.162.1
2026-07-26T00:46:15.966Z In(05) vmx IP=10.33.5.186
2026-07-26T00:46:15.995Z In(05) vmx System uptime 791615959270 us
2026-07-26T00:46:15.995Z In(05) vmx Command line: "C:\Program Files (x86)\VMware\VMware Workstation\x64\vmware-vmx.exe" "-T" "querytoken" "-s" "vmx.stdio.keep=TRUE" "-#" "product=1;name=VMware Workstation;version=17.6.0;buildnumber=24238078;licensename=VMware Workstation;licenseversion=17.0;" "-@" "pipe=\\.\pipe\vmxc6cb66dad81ec032;msgs=ui" "G:\VMs\Richard's Kali.vmx"
2026-07-26T00:46:15.995Z In(05) vmx Msg_SetLocaleEx: HostLocale=windows-1252 UserLocale=NULL
2026-07-26T00:46:16.029Z In(05) vmx WQPoolAllocPoll : pollIx = 1, signalHandle = 836
2026-07-26T00:46:16.029Z In(05) vmx WQPoolAllocPoll : pollIx = 2, signalHandle = 844
2026-07-26T00:46:16.030Z In(05) vmx VigorTransport listening on fd 856
2026-07-26T00:46:16.030Z In(05) vmx Vigor_Init 1
2026-07-26T00:46:16.030Z In(05) vmx Connecting 'ui' to pipe '\\.\pipe\vmxc6cb66dad81ec032' with user '(null)'
2026-07-26T00:46:16.030Z In(05) vmx VMXVmdb: Local connection timeout: 60000 ms.
2026-07-26T00:46:16.057Z In(05) vmx VmdbAddConnection: cnxPath=/db/connection/#1/, cnxIx=1
2026-07-26T00:46:16.058Z In(05) vmx Vix: [mainDispatch.c:489]: VMAutomation: Initializing VMAutomation.
2026-07-26T00:46:16.059Z In(05) vmx Vix: [mainDispatch.c:741]: VMAutomationOpenListenerSocket() listening
2026-07-26T00:46:16.070Z In(05) vmx Vix: [mainDispatch.c:4213]: VMAutomation_ReportPowerOpFinished: statevar=0, newAppState=1870, success=1 additionalError=0
2026-07-26T00:46:16.070Z In(05) vmx Transitioned vmx/execState/val to poweredOff
2026-07-26T00:46:16.070Z In(05) vmx Vix: [mainDispatch.c:4213]: VMAutomation_ReportPowerOpFinished: statevar=1, newAppState=1873, success=1 additionalError=0
2026-07-26T00:46:16.070Z In(05) vmx Vix: [mainDispatch.c:4213]: VMAutomation_ReportPowerOpFinished: statevar=2, newAppState=1877, success=1 additionalError=0
2026-07-26T00:46:16.070Z In(05) vmx Vix: [mainDispatch.c:4213]: VMAutomation_ReportPowerOpFinished: statevar=3, newAppState=1881, success=1 additionalError=0
2026-07-26T00:46:17.179Z In(05) vmx IOPL_VBSRunning: VBS is set to 0
2026-07-26T00:46:17.181Z In(05) vmx IOCTL_VMX86_SET_MEMORY_PARAMS already set
2026-07-26T00:46:17.182Z In(05) vmx FeatureCompat: No EVC masks.
2026-07-26T00:46:17.187Z In(05) vmx hostCPUID vendor: GenuineIntel
2026-07-26T00:46:17.187Z In(05) vmx hostCPUID family: 0x6 model: 0x3c stepping: 0x3
2026-07-26T00:46:17.187Z In(05) vmx hostCPUID codename: Haswell DT
2026-07-26T00:46:17.187Z In(05) vmx hostCPUID name: Intel(R) Core(TM) i7-4810MQ CPU @ 2.80GHz
2026-07-26T00:46:17.187Z In(05) vmx hostCPUID level 00000000, 0: 0x0000000d 0x756e6547 0x6c65746e 0x49656e69
2026-07-26T00:46:17.187Z In(05) vmx hostCPUID level 00000001, 0: 0x000306c3 0x00100800 0x7ffafbff 0xbfebfbff
2026-07-26T00:46:17.187Z In(05) vmx hostCPUID level 00000002, 0: 0x76036301 0x00f0b5ff 0x00000000 0x00c10000
2026-07-26T00:46:17.187Z In(05) vmx hostCPUID level 00000003, 0: 0x00000000 0x00000000 0x00000000 0x00000000
2026-07-26T00:46:17.187Z In(05) vmx hostCPUID level 00000004, 0: 0x1c004121 0x01c0003f 0x0000003f 0x00000000
2026-07-26T00:46:17.187Z In(05) vmx hostCPUID level 00000004, 1: 0x1c004122 0x01c0003f 0x0000003f 0x00000000
2026-07-26T00:46:17.187Z In(05) vmx hostCPUID level 00000004, 2: 0x1c004143 0x01c0003f 0x000001ff 0x00000000
2026-07-26T00:46:17.187Z In(05) vmx hostCPUID level 00000004, 3: 0x1c03c163 0x02c0003f 0x00001fff 0x00000006
2026-07-26T00:46:17.187Z In(05) vmx hostCPUID level 00000004, 4: 0x00000000 0x00000000 0x00000000 0x00000000
2026-07-26T00:46:17.187Z In(05) vmx hostCPUID level 00000005, 0: 0x00000040 0x00000040 0x00000003 0x00042120
2026-07-26T00:46:17.187Z In(05) vmx hostCPUID level 00000006, 0: 0x00000077 0x00000002 0x00000009 0x00000000
2026-07-26T00:46:17.187Z In(05) vmx hostCPUID level 00000007, 0: 0x00000000 0x000027ab 0x00000000 0x9c000400
2026-07-26T00:46:17.187Z In(05) vmx hostCPUID level 00000008, 0: 0x00000000 0x00000000 0x00000000 0x00000000
2026-07-26T00:46:17.187Z In(05) vmx hostCPUID level 00000009, 0: 0x00000000 0x00000000 0x00000000 0x00000000
2026-07-26T00:46:17.187Z In(05) vmx hostCPUID level 0000000a, 0: 0x07300403 0x00000000 0x00000000 0x00000603
2026-07-26T00:46:17.187Z In(05) vmx hostCPUID level 0000000b, 0: 0x00000001 0x00000002 0x00000100 0x00000000
2026-07-26T00:46:17.187Z In(05) vmx hostCPUID level 0000000b, 1: 0x00000004 0x00000008 0x00000201 0x00000000
2026-07-26T00:46:17.187Z In(05) vmx hostCPUID level 0000000b, 2: 0x00000000 0x00000000 0x00000002 0x00000000
2026-07-26T00:46:17.187Z In(05) vmx hostCPUID level 0000000c, 0: 0x00000000 0x00000000 0x00000000 0x00000000
2026-07-26T00:46:17.187Z In(05) vmx hostCPUID level 0000000d, 0: 0x00000007 0x00000340 0x00000340 0x00000000
2026-07-26T00:46:17.187Z In(05) vmx hostCPUID level 0000000d, 1: 0x00000001 0x00000000 0x00000000 0x00000000
2026-07-26T00:46:17.187Z In(05) vmx hostCPUID level 0000000d, 2: 0x00000100 0x00000240 0x00000000 0x00000000
2026-07-26T00:46:17.187Z In(05) vmx hostCPUID level 80000000, 0: 0x80000008 0x00000000 0x00000000 0x00000000
2026-07-26T00:46:17.187Z In(05) vmx hostCPUID level 80000001, 0: 0x00000000 0x00000000 0x00000021 0x2c100800
2026-07-26T00:46:17.187Z In(05) vmx hostCPUID level 80000002, 0: 0x65746e49 0x2952286c 0x726f4320 0x4d542865
2026-07-26T00:46:17.187Z In(05) vmx hostCPUID level 80000003, 0: 0x37692029 0x3138342d 0x20514d30 0x20555043
2026-07-26T00:46:17.187Z In(05) vmx hostCPUID level 80000004, 0: 0x2e322040 0x48473038 0x0000007a 0x00000000
2026-07-26T00:46:17.187Z In(05) vmx hostCPUID level 80000005, 0: 0x00000000 0x00000000 0x00000000 0x00000000
2026-07-26T00:46:17.187Z In(05) vmx hostCPUID level 80000006, 0: 0x00000000 0x00000000 0x01006040 0x00000000
2026-07-26T00:46:17.187Z In(05) vmx hostCPUID level 80000007, 0: 0x00000000 0x00000000 0x00000000 0x00000100
2026-07-26T00:46:17.187Z In(05) vmx hostCPUID level 80000008, 0: 0x00003027 0x00000000 0x00000000 0x00000000
2026-07-26T00:46:17.187Z In(05) vmx CPUID differences from hostCPUID.
2026-07-26T00:46:17.187Z In(05) vmx Physical APIC IDs: 0-7
2026-07-26T00:46:17.187Z In(05) vmx Physical X2APIC IDs: 0-7
2026-07-26T00:46:17.187Z In(05) vmx Common: MSR       0x3a =                0x5
2026-07-26T00:46:17.187Z In(05) vmx Common: MSR      0x480 =   0xda040000000012
2026-07-26T00:46:17.188Z In(05) vmx Common: MSR      0x481 =       0x7f00000016
2026-07-26T00:46:17.188Z In(05) vmx Common: MSR      0x482 = 0xfff9fffe0401e172
2026-07-26T00:46:17.188Z In(05) vmx Common: MSR      0x483 =   0x7fffff00036dff
2026-07-26T00:46:17.188Z In(05) vmx Common: MSR      0x484 =     0xffff000011ff
2026-07-26T00:46:17.188Z In(05) vmx Common: MSR      0x485 =         0x300481e5
2026-07-26T00:46:17.188Z In(05) vmx Common: MSR      0x486 =         0x80000021
2026-07-26T00:46:17.188Z In(05) vmx Common: MSR      0x487 =         0xffffffff
2026-07-26T00:46:17.188Z In(05) vmx Common: MSR      0x488 =             0x2000
2026-07-26T00:46:17.188Z In(05) vmx Common: MSR      0x489 =           0x1767ff
2026-07-26T00:46:17.188Z In(05) vmx Common: MSR      0x48a =               0x2a
2026-07-26T00:46:17.188Z In(05) vmx Common: MSR      0x48b =     0x7cff00000000
2026-07-26T00:46:17.188Z In(05) vmx Common: MSR      0x48c =      0xf0106334141
2026-07-26T00:46:17.188Z In(05) vmx Common: MSR      0x48d =       0x7f00000016
2026-07-26T00:46:17.188Z In(05) vmx Common: MSR      0x48e = 0xfff9fffe04006172
2026-07-26T00:46:17.188Z In(05) vmx Common: MSR      0x48f =   0x7fffff00036dfb
2026-07-26T00:46:17.188Z In(05) vmx Common: MSR      0x490 =     0xffff000011fb
2026-07-26T00:46:17.188Z In(05) vmx Common: MSR      0x491 =                0x1
2026-07-26T00:46:17.188Z In(05) vmx Common: MSR      0x492 =                  0
2026-07-26T00:46:17.188Z In(05) vmx Common: MSR      0x493 =                  0
2026-07-26T00:46:17.188Z In(05) vmx Common: MSR 0xc0010114 =                  0
2026-07-26T00:46:17.188Z In(05) vmx Common: MSR       0xce =         0x80000000
2026-07-26T00:46:17.188Z In(05) vmx Common: MSR      0x10a =                  0
2026-07-26T00:46:17.188Z In(05) vmx Common: MSR      0x122 =                  0
2026-07-26T00:46:17.188Z In(05) vmx VMMon_GetkHzEstimate: Calculated 2793543 kHz
2026-07-26T00:46:17.188Z In(05) vmx TSC Hz estimates: vmmon 2793543000, remembered 0, osReported 2801000000. Using 2793543000 Hz.
2026-07-26T00:46:17.189Z In(05) vmx TSC first measured delta 261
2026-07-26T00:46:17.189Z In(05) vmx TSC min delta 222
2026-07-26T00:46:17.189Z In(05) vmx PTSC: RefClockToPTSC 0 @ 10000000Hz -> 0 @ 2793543000Hz
2026-07-26T00:46:17.189Z In(05) vmx PTSC: RefClockToPTSC ((x * 2343393716) >> 23) + -2140584220133344
2026-07-26T00:46:17.189Z In(05) vmx PTSC: tscOffset -2140617496013996
2026-07-26T00:46:17.189Z In(05) vmx PTSC: using TSC
2026-07-26T00:46:17.189Z In(05) vmx PTSC: hardware TSCs are synchronized.
2026-07-26T00:46:17.189Z In(05) vmx PTSC: hardware TSCs may have been adjusted by the host.
2026-07-26T00:46:17.189Z In(05) vmx PTSC: current PTSC=827465726344
2026-07-26T00:46:17.227Z In(05) vmx WQPoolAllocPoll : pollIx = 3, signalHandle = 1048
2026-07-26T00:46:17.600Z In(05) vmx ConfigCheck: No rules file found. Checks are disabled.
2026-07-26T00:46:17.600Z In(05) vmx changing directory to G:\VMs\.
2026-07-26T00:46:17.600Z In(05) vmx Config file: G:\VMs\Richard's Kali.vmx
2026-07-26T00:46:17.600Z In(05) vmx Vix: [mainDispatch.c:4213]: VMAutomation_ReportPowerOpFinished: statevar=1, newAppState=1875, success=1 additionalError=0
2026-07-26T00:46:17.600Z In(05) vmx Vix: [mainDispatch.c:4213]: VMAutomation_ReportPowerOpFinished: statevar=2, newAppState=1878, success=1 additionalError=0
2026-07-26T00:46:17.606Z In(05) vmx LogRotation: Rotating to a new log file (keepOld 3) took 0.002142 seconds.
2026-07-26T00:46:17.667Z No(00) vmx LogVMXReplace: Successful switching from temporary to permanent log file took 0.063329 seconds.
2026-07-26T00:46:17.702Z Wa(03) vmx PowerOn
2026-07-26T00:46:17.702Z In(05) vmx VMX_PowerOn: VMX build 24238078, UI build 24238078
2026-07-26T00:46:17.702Z In(05) vmx HostWin32: WIN32 NUMA node 0, CPU mask 0x00000000000000ff
2026-07-26T00:46:17.712Z In(05) vmx Vix: [mainDispatch.c:4213]: VMAutomation_ReportPowerOpFinished: statevar=0, newAppState=1871, success=1 additionalError=0
2026-07-26T00:46:17.758Z In(05) vmx STATSFILE: StatsFile 'G:\VMs\Richard's Kali.scoreboard' created
2026-07-26T00:46:17.758Z In(05) vmx HOST Windows version 10.0, build 19045, platform 2, ""
2026-07-26T00:46:17.758Z In(05) vmx DICT --- GLOBAL SETTINGS C:\ProgramData\VMware\VMware Workstation\settings.ini
2026-07-26T00:46:17.758Z In(05) vmx DICT          printers.enabled = "FALSE"
2026-07-26T00:46:17.758Z In(05) vmx DICT --- NON PERSISTENT (null)
2026-07-26T00:46:17.758Z In(05) vmx DICT --- USER PREFERENCES C:\Users\User\AppData\Roaming\VMware\preferences.ini
2026-07-26T00:46:17.758Z In(05) vmx DICT pref.keyboardAndMouse.vmHotKey.enabled = "FALSE"
2026-07-26T00:46:17.758Z In(05) vmx DICT pref.keyboardAndMouse.vmHotKey.count = "0"
2026-07-26T00:46:17.758Z In(05) vmx DICT pref.wspro.firstRunDismissedVersion = "17.6.0"
2026-07-26T00:46:17.758Z In(05) vmx DICT   pref.lastUpdateCheckSec = "1784674991"
2026-07-26T00:46:17.758Z In(05) vmx DICT pref.ws.session.window.count = "1"
2026-07-26T00:46:17.758Z In(05) vmx DICT pref.ws.session.window0.tab.count = "3"
2026-07-26T00:46:17.758Z In(05) vmx DICT pref.ws.session.window0.tab0.dest = ""
2026-07-26T00:46:17.758Z In(05) vmx DICT pref.ws.session.window0.tab0.file = ""
2026-07-26T00:46:17.758Z In(05) vmx DICT pref.ws.session.window0.tab0.type = "home"
2026-07-26T00:46:17.758Z In(05) vmx DICT pref.ws.session.window0.tab0.cnxType = "vmdb"
2026-07-26T00:46:17.758Z In(05) vmx DICT pref.ws.session.window0.tab0.focused = "FALSE"
2026-07-26T00:46:17.758Z In(05) vmx DICT pref.ws.session.window0.sidebar = "TRUE"
2026-07-26T00:46:17.758Z In(05) vmx DICT pref.ws.session.window0.sidebar.width = "200"
2026-07-26T00:46:17.758Z In(05) vmx DICT pref.ws.session.window0.statusBar = "TRUE"
2026-07-26T00:46:17.758Z In(05) vmx DICT pref.ws.session.window0.tabs = "TRUE"
2026-07-26T00:46:17.758Z In(05) vmx DICT pref.ws.session.window0.thumbnailBar = "FALSE"
2026-07-26T00:46:17.758Z In(05) vmx DICT pref.ws.session.window0.thumbnailBar.size = "100"
2026-07-26T00:46:17.758Z In(05) vmx DICT pref.ws.session.window0.thumbnailBar.view = "opened-vms"
2026-07-26T00:46:17.758Z In(05) vmx DICT pref.ws.session.window0.placement.left = "78"
2026-07-26T00:46:17.758Z In(05) vmx DICT pref.ws.session.window0.placement.top = "78"
2026-07-26T00:46:17.758Z In(05) vmx DICT pref.ws.session.window0.placement.right = "922"
2026-07-26T00:46:17.758Z In(05) vmx DICT pref.ws.session.window0.placement.bottom = "671"
2026-07-26T00:46:17.759Z In(05) vmx DICT pref.ws.session.window0.maximized = "FALSE"
2026-07-26T00:46:17.759Z In(05) vmx DICT         vmWizard.guestKey = "ubuntu-64"
2026-07-26T00:46:17.759Z In(05) vmx DICT             vmWizard.mode = "custom"
2026-07-26T00:46:17.759Z In(05) vmx DICT vmWizard.installMediaType = "iso"
2026-07-26T00:46:17.759Z In(05) vmx DICT vmWizard.isoLocationMRU.count = "7"
2026-07-26T00:46:17.759Z In(05) vmx DICT vmWizard.isoLocationMRU0.location = "C:\Users\User\Downloads\ubuntu-24.04.4-live-server-amd64.iso"
2026-07-26T00:46:17.759Z In(05) vmx DICT pref.ws.session.window0.tab1.cnxType = "vmdb"
2026-07-26T00:46:17.759Z In(05) vmx DICT vmWizard.isoLocationMRU1.location = "C:\Users\User\Downloads\ubuntu-26.04-live-server-amd64.iso"
2026-07-26T00:46:17.759Z In(05) vmx DICT pref.ws.session.window0.tab2.cnxType = "vmdb"
2026-07-26T00:46:17.759Z In(05) vmx DICT pref.ws.session.window0.tab3.cnxType = "vmdb"
2026-07-26T00:46:17.759Z In(05) vmx DICT vmWizard.isoLocationMRU2.location = "C:\Users\User\Downloads\Win10_22H2_English_x64.iso"
2026-07-26T00:46:17.759Z In(05) vmx DICT vmWizard.isoLocationMRU3.location = "C:\Users\User\Downloads\ubuntu-26.04-desktop-amd64.iso"
2026-07-26T00:46:17.759Z In(05) vmx DICT vmWizard.isoLocationMRU4.location = "C:\Users\User\Downloads\ubuntu-26.04-desktop-arm64.iso"
2026-07-26T00:46:17.759Z In(05) vmx DICT vmWizard.isoLocationMRU5.location = "G:\ubuntu-24.04.3-live-server-amd64.iso"
2026-07-26T00:46:17.759Z In(05) vmx DICT pref.ws.session.window0.tab4.cnxType = "vmdb"
2026-07-26T00:46:17.759Z In(05) vmx DICT pref.ws.session.window0.tab5.cnxType = "vmdb"
2026-07-26T00:46:17.759Z In(05) vmx DICT pref.updatesVersionIgnore.numItems = "1"
2026-07-26T00:46:17.759Z In(05) vmx DICT pref.updatesVersionIgnore0.key = <not printed>
2026-07-26T00:46:17.759Z In(05) vmx DICT pref.updatesVersionIgnore0.value = "bb61d294-c7fd-4b93-bdb3-48a9b5b74f44"
2026-07-26T00:46:17.759Z In(05) vmx DICT pref.ws.session.window0.tab1.dest = ""
2026-07-26T00:46:17.759Z In(05) vmx DICT pref.ws.session.window0.tab1.file = "G:\VMs\Richard's Kali.vmx"
2026-07-26T00:46:17.759Z In(05) vmx DICT pref.ws.session.window0.tab1.type = "vm"
2026-07-26T00:46:17.759Z In(05) vmx DICT pref.ws.session.window0.tab1.focused = "FALSE"
2026-07-26T00:46:17.759Z In(05) vmx DICT pref.ws.session.window0.tab2.dest = ""
2026-07-26T00:46:17.759Z In(05) vmx DICT pref.ws.session.window0.tab2.file = "C:\Users\User\Documents\Virtual Machines\Richard's Liver Server 1\Richard's Liver Server 1.vmx"
2026-07-26T00:46:17.759Z In(05) vmx DICT pref.ws.session.window0.tab2.type = "vm"
2026-07-26T00:46:17.759Z In(05) vmx DICT pref.ws.session.window0.tab2.focused = "TRUE"
2026-07-26T00:46:17.759Z In(05) vmx DICT vmWizard.lastPowerOnValue = "TRUE"
2026-07-26T00:46:17.759Z In(05) vmx DICT vmWizard.isoLocationMRU6.location = "G:\ubuntu-24.04.3-desktop-amd64.iso"
2026-07-26T00:46:17.759Z In(05) vmx DICT pref.snapshotManager.left = "961"
2026-07-26T00:46:17.759Z In(05) vmx DICT  pref.snapshotManager.top = "23"
2026-07-26T00:46:17.759Z In(05) vmx DICT pref.snapshotManager.right = "1648"
2026-07-26T00:46:17.759Z In(05) vmx DICT pref.snapshotManager.bottom = "539"
2026-07-26T00:46:17.759Z In(05) vmx DICT --- USER DEFAULTS C:\Users\User\AppData\Roaming\VMware\config.ini
2026-07-26T00:46:17.759Z In(05) vmx DICT --- HOST DEFAULTS C:\ProgramData\VMware\VMware Workstation\config.ini
2026-07-26T00:46:17.759Z In(05) vmx DICT         authd.client.port = "902"
2026-07-26T00:46:17.759Z In(05) vmx DICT           authd.proxy.nfc = "vmware-hostd:ha-nfc"
2026-07-26T00:46:17.759Z In(05) vmx DICT installerDefaults.autoSoftwareUpdateEnabled = "yes"
2026-07-26T00:46:17.759Z In(05) vmx DICT installerDefaults.autoSoftwareUpdateEnabled.epoch = "15182"
2026-07-26T00:46:17.759Z In(05) vmx DICT installerDefaults.componentDownloadEnabled = "yes"
2026-07-26T00:46:17.759Z In(05) vmx DICT installerDefaults.dataCollectionEnabled = "yes"
2026-07-26T00:46:17.759Z In(05) vmx DICT installerDefaults.dataCollectionEnabled.epoch = "15182"
2026-07-26T00:46:17.759Z In(05) vmx DICT --- SITE DEFAULTS C:\ProgramData\VMware\VMware Workstation\config.ini
2026-07-26T00:46:17.759Z In(05) vmx DICT         authd.client.port = "902"
2026-07-26T00:46:17.759Z In(05) vmx DICT           authd.proxy.nfc = "vmware-hostd:ha-nfc"
2026-07-26T00:46:17.759Z In(05) vmx DICT installerDefaults.autoSoftwareUpdateEnabled = "yes"
2026-07-26T00:46:17.759Z In(05) vmx DICT installerDefaults.autoSoftwareUpdateEnabled.epoch = "15182"
2026-07-26T00:46:17.759Z In(05) vmx DICT installerDefaults.componentDownloadEnabled = "yes"
2026-07-26T00:46:17.759Z In(05) vmx DICT installerDefaults.dataCollectionEnabled = "yes"
2026-07-26T00:46:17.759Z In(05) vmx DICT installerDefaults.dataCollectionEnabled.epoch = "15182"
2026-07-26T00:46:17.759Z In(05) vmx DICT --- NONPERSISTENT
2026-07-26T00:46:17.759Z In(05) vmx DICT            vmx.stdio.keep = "TRUE"
2026-07-26T00:46:17.759Z In(05) vmx DICT             gui.available = "TRUE"
2026-07-26T00:46:17.759Z In(05) vmx DICT --- COMMAND LINE
2026-07-26T00:46:17.759Z In(05) vmx DICT            vmx.stdio.keep = "TRUE"
2026-07-26T00:46:17.759Z In(05) vmx DICT             gui.available = "TRUE"
2026-07-26T00:46:17.759Z In(05) vmx DICT --- RECORDING
2026-07-26T00:46:17.759Z In(05) vmx DICT            vmx.stdio.keep = "TRUE"
2026-07-26T00:46:17.759Z In(05) vmx DICT             gui.available = "TRUE"
2026-07-26T00:46:17.759Z In(05) vmx DICT --- CONFIGURATION G:\VMs\Richard's Kali.vmx 
2026-07-26T00:46:17.759Z In(05) vmx DICT            config.version = "8"
2026-07-26T00:46:17.759Z In(05) vmx DICT         virtualHW.version = "21"
2026-07-26T00:46:17.759Z In(05) vmx DICT              mks.enable3d = "TRUE"
2026-07-26T00:46:17.759Z In(05) vmx DICT        pciBridge0.present = "TRUE"
2026-07-26T00:46:17.759Z In(05) vmx DICT        pciBridge4.present = "TRUE"
2026-07-26T00:46:17.759Z In(05) vmx DICT     pciBridge4.virtualDev = "pcieRootPort"
2026-07-26T00:46:17.759Z In(05) vmx DICT      pciBridge4.functions = "8"
2026-07-26T00:46:17.759Z In(05) vmx DICT        pciBridge5.present = "TRUE"
2026-07-26T00:46:17.759Z In(05) vmx DICT     pciBridge5.virtualDev = "pcieRootPort"
2026-07-26T00:46:17.759Z In(05) vmx DICT      pciBridge5.functions = "8"
2026-07-26T00:46:17.759Z In(05) vmx DICT        pciBridge6.present = "TRUE"
2026-07-26T00:46:17.759Z In(05) vmx DICT     pciBridge6.virtualDev = "pcieRootPort"
2026-07-26T00:46:17.759Z In(05) vmx DICT      pciBridge6.functions = "8"
2026-07-26T00:46:17.759Z In(05) vmx DICT        pciBridge7.present = "TRUE"
2026-07-26T00:46:17.759Z In(05) vmx DICT     pciBridge7.virtualDev = "pcieRootPort"
2026-07-26T00:46:17.759Z In(05) vmx DICT      pciBridge7.functions = "8"
2026-07-26T00:46:17.760Z In(05) vmx DICT             vmci0.present = "TRUE"
2026-07-26T00:46:17.760Z In(05) vmx DICT             hpet0.present = "TRUE"
2026-07-26T00:46:17.760Z In(05) vmx DICT                     nvram = "Richard's Kali.nvram"
2026-07-26T00:46:17.760Z In(05) vmx DICT virtualHW.productCompatibility = "hosted"
2026-07-26T00:46:17.760Z In(05) vmx DICT        powerType.powerOff = "soft"
2026-07-26T00:46:17.760Z In(05) vmx DICT         powerType.powerOn = "soft"
2026-07-26T00:46:17.760Z In(05) vmx DICT         powerType.suspend = "soft"
2026-07-26T00:46:17.760Z In(05) vmx DICT           powerType.reset = "soft"
2026-07-26T00:46:17.760Z In(05) vmx DICT               displayName = "Richard's Kali"
2026-07-26T00:46:17.760Z In(05) vmx DICT                   guestOS = "ubuntu-64"
2026-07-26T00:46:17.760Z In(05) vmx DICT            tools.syncTime = "FALSE"
2026-07-26T00:46:17.760Z In(05) vmx DICT          sound.autoDetect = "TRUE"
2026-07-26T00:46:17.760Z In(05) vmx DICT            sound.fileName = "-1"
2026-07-26T00:46:17.760Z In(05) vmx DICT             sound.present = "TRUE"
2026-07-26T00:46:17.760Z In(05) vmx DICT                  numvcpus = "2"
2026-07-26T00:46:17.760Z In(05) vmx DICT      cpuid.coresPerSocket = "1"
2026-07-26T00:46:17.760Z In(05) vmx DICT               vcpu.hotadd = "TRUE"
2026-07-26T00:46:17.760Z In(05) vmx DICT                   memsize = "2048"
2026-07-26T00:46:17.760Z In(05) vmx DICT                mem.hotadd = "TRUE"
2026-07-26T00:46:17.760Z In(05) vmx DICT          scsi0.virtualDev = "lsilogic"
2026-07-26T00:46:17.760Z In(05) vmx DICT             scsi0.present = "TRUE"
2026-07-26T00:46:17.760Z In(05) vmx DICT             sata0.present = "TRUE"
2026-07-26T00:46:17.760Z In(05) vmx DICT          scsi0:0.fileName = "Richard's Kali.vmdk"
2026-07-26T00:46:17.760Z In(05) vmx DICT           scsi0:0.present = "TRUE"
2026-07-26T00:46:17.760Z In(05) vmx DICT        sata0:1.deviceType = "cdrom-image"
2026-07-26T00:46:17.760Z In(05) vmx DICT          sata0:1.fileName = "C:\Users\User\Downloads\kali-linux-2026.2-installer-amd64.iso"
2026-07-26T00:46:17.760Z In(05) vmx DICT           sata0:1.present = "TRUE"
2026-07-26T00:46:17.760Z In(05) vmx DICT               usb.present = "TRUE"
2026-07-26T00:46:17.760Z In(05) vmx DICT              ehci.present = "TRUE"
2026-07-26T00:46:17.760Z In(05) vmx DICT     svga.graphicsMemoryKB = "8388608"
2026-07-26T00:46:17.760Z In(05) vmx DICT  ethernet0.connectionType = "nat"
2026-07-26T00:46:17.760Z In(05) vmx DICT     ethernet0.addressType = "generated"
2026-07-26T00:46:17.760Z In(05) vmx DICT      ethernet0.virtualDev = "e1000"
2026-07-26T00:46:17.760Z In(05) vmx DICT         ethernet0.present = "TRUE"
2026-07-26T00:46:17.760Z In(05) vmx DICT        extendedConfigFile = "Richard's Kali.vmxf"
2026-07-26T00:46:17.760Z In(05) vmx DICT           floppy0.present = "FALSE"
2026-07-26T00:46:17.760Z In(05) vmx DICT  ethernet1.connectionType = "hostonly"
2026-07-26T00:46:17.760Z In(05) vmx DICT     ethernet1.addressType = "generated"
2026-07-26T00:46:17.760Z In(05) vmx DICT      ethernet1.virtualDev = "e1000"
2026-07-26T00:46:17.760Z In(05) vmx DICT         ethernet1.present = "TRUE"
2026-07-26T00:46:17.760Z In(05) vmx DICT         vmxstats.filename = "Richard's Kali.scoreboard"
2026-07-26T00:46:17.760Z In(05) vmx DICT                 uuid.bios = "56 4d 3a 42 79 fd 15 9d-08 a7 0a 11 49 45 81 cd"
2026-07-26T00:46:17.760Z In(05) vmx DICT             uuid.location = "56 4d 3a 42 79 fd 15 9d-08 a7 0a 11 49 45 81 cd"
2026-07-26T00:46:17.760Z In(05) vmx DICT  pciBridge0.pciSlotNumber = "17"
2026-07-26T00:46:17.760Z In(05) vmx DICT  pciBridge4.pciSlotNumber = "21"
2026-07-26T00:46:17.760Z In(05) vmx DICT  pciBridge5.pciSlotNumber = "22"
2026-07-26T00:46:17.760Z In(05) vmx DICT  pciBridge6.pciSlotNumber = "23"
2026-07-26T00:46:17.760Z In(05) vmx DICT  pciBridge7.pciSlotNumber = "24"
2026-07-26T00:46:17.760Z In(05) vmx DICT       scsi0.pciSlotNumber = "16"
2026-07-26T00:46:17.760Z In(05) vmx DICT         usb.pciSlotNumber = "32"
2026-07-26T00:46:17.760Z In(05) vmx DICT   ethernet0.pciSlotNumber = "33"
2026-07-26T00:46:17.760Z In(05) vmx DICT   ethernet1.pciSlotNumber = "34"
2026-07-26T00:46:17.760Z In(05) vmx DICT       sound.pciSlotNumber = "35"
2026-07-26T00:46:17.760Z In(05) vmx DICT        ehci.pciSlotNumber = "36"
2026-07-26T00:46:17.760Z In(05) vmx DICT       sata0.pciSlotNumber = "37"
2026-07-26T00:46:17.760Z In(05) vmx DICT              scsi0:0.redo = ""
2026-07-26T00:46:17.760Z In(05) vmx DICT             svga.vramSize = "268435456"
2026-07-26T00:46:17.760Z In(05) vmx DICT  vmotion.checkpointFBSize = "4194304"
2026-07-26T00:46:17.760Z In(05) vmx DICT vmotion.checkpointSVGAPrimarySize = "268435456"
2026-07-26T00:46:17.760Z In(05) vmx DICT   vmotion.svga.mobMaxSize = "1073741824"
2026-07-26T00:46:17.760Z In(05) vmx DICT vmotion.svga.graphicsMemoryKB = "8388608"
2026-07-26T00:46:17.760Z In(05) vmx DICT   vmotion.svga.supports3D = "1"
2026-07-26T00:46:17.760Z In(05) vmx DICT vmotion.svga.baseCapsLevel = "9"
2026-07-26T00:46:17.760Z In(05) vmx DICT vmotion.svga.maxPointSize = "1"
2026-07-26T00:46:17.760Z In(05) vmx DICT vmotion.svga.maxTextureSize = "16384"
2026-07-26T00:46:17.760Z In(05) vmx DICT vmotion.svga.maxVolumeExtent = "2048"
2026-07-26T00:46:17.760Z In(05) vmx DICT vmotion.svga.maxTextureAnisotropy = "16"
2026-07-26T00:46:17.760Z In(05) vmx DICT  vmotion.svga.lineStipple = "0"
2026-07-26T00:46:17.760Z In(05) vmx DICT vmotion.svga.dxMaxConstantBuffers = "14"
2026-07-26T00:46:17.760Z In(05) vmx DICT vmotion.svga.dxProvokingVertex = "0"
2026-07-26T00:46:17.760Z In(05) vmx DICT         vmotion.svga.sm41 = "1"
2026-07-26T00:46:17.760Z In(05) vmx DICT vmotion.svga.multisample2x = "1"
2026-07-26T00:46:17.760Z In(05) vmx DICT vmotion.svga.multisample4x = "1"
2026-07-26T00:46:17.760Z In(05) vmx DICT vmotion.svga.msFullQuality = "1"
2026-07-26T00:46:17.760Z In(05) vmx DICT     vmotion.svga.logicOps = "1"
2026-07-26T00:46:17.760Z In(05) vmx DICT         vmotion.svga.bc67 = "9"
2026-07-26T00:46:17.760Z In(05) vmx DICT          vmotion.svga.sm5 = "1"
2026-07-26T00:46:17.760Z In(05) vmx DICT vmotion.svga.multisample8x = "1"
2026-07-26T00:46:17.760Z In(05) vmx DICT vmotion.svga.logicBlendOps = "1"
2026-07-26T00:46:17.761Z In(05) vmx DICT vmotion.svga.maxForcedSampleCount = "16"
2026-07-26T00:46:17.761Z In(05) vmx DICT         vmotion.svga.gl43 = "0"
2026-07-26T00:46:17.761Z In(05) vmx DICT ethernet0.generatedAddress = "00:0c:29:45:81:cd"
2026-07-26T00:46:17.761Z In(05) vmx DICT ethernet0.generatedAddressOffset = "0"
2026-07-26T00:46:17.761Z In(05) vmx DICT ethernet1.generatedAddress = "00:0c:29:45:81:d7"
2026-07-26T00:46:17.761Z In(05) vmx DICT ethernet1.generatedAddressOffset = "10"
2026-07-26T00:46:17.761Z In(05) vmx DICT                  vmci0.id = "1229291981"
2026-07-26T00:46:17.761Z In(05) vmx DICT    monitor.phys_bits_used = "45"
2026-07-26T00:46:17.761Z In(05) vmx DICT             cleanShutdown = "TRUE"
2026-07-26T00:46:17.761Z In(05) vmx DICT              softPowerOff = "FALSE"
2026-07-26T00:46:17.761Z In(05) vmx DICT               usb:1.speed = "2"
2026-07-26T00:46:17.761Z In(05) vmx DICT             usb:1.present = "TRUE"
2026-07-26T00:46:17.761Z In(05) vmx DICT          usb:1.deviceType = "hub"
2026-07-26T00:46:17.761Z In(05) vmx DICT                usb:1.port = "1"
2026-07-26T00:46:17.761Z In(05) vmx DICT              usb:1.parent = "-1"
2026-07-26T00:46:17.761Z In(05) vmx DICT svga.guestBackedPrimaryAware = "TRUE"
2026-07-26T00:46:17.761Z In(05) vmx DICT tools.capability.verifiedSamlToken = "TRUE"
2026-07-26T00:46:17.761Z In(05) vmx DICT   guestInfo.detailed.data = <not printed>
2026-07-26T00:46:17.761Z In(05) vmx DICT             usb:0.present = "TRUE"
2026-07-26T00:46:17.761Z In(05) vmx DICT          usb:0.deviceType = "hid"
2026-07-26T00:46:17.761Z In(05) vmx DICT                usb:0.port = "0"
2026-07-26T00:46:17.761Z In(05) vmx DICT              usb:0.parent = "-1"
2026-07-26T00:46:17.761Z In(05) vmx DICT        checkpoint.vmState = "Richard's Kali-b1cac1b8.vmss"
2026-07-26T00:46:17.761Z In(05) vmx DICT --- USER DEFAULTS C:\Users\User\AppData\Roaming\VMware\config.ini 
2026-07-26T00:46:17.761Z In(05) vmx DICT --- HOST DEFAULTS C:\ProgramData\VMware\VMware Workstation\config.ini 
2026-07-26T00:46:17.761Z In(05) vmx DICT         authd.client.port = "902"
2026-07-26T00:46:17.761Z In(05) vmx DICT           authd.proxy.nfc = "vmware-hostd:ha-nfc"
2026-07-26T00:46:17.761Z In(05) vmx DICT installerDefaults.autoSoftwareUpdateEnabled = "yes"
2026-07-26T00:46:17.761Z In(05) vmx DICT installerDefaults.autoSoftwareUpdateEnabled.epoch = "15182"
2026-07-26T00:46:17.761Z In(05) vmx DICT installerDefaults.componentDownloadEnabled = "yes"
2026-07-26T00:46:17.761Z In(05) vmx DICT installerDefaults.dataCollectionEnabled = "yes"
2026-07-26T00:46:17.761Z In(05) vmx DICT installerDefaults.dataCollectionEnabled.epoch = "15182"
2026-07-26T00:46:17.761Z In(05) vmx DICT --- SITE DEFAULTS C:\ProgramData\VMware\VMware Workstation\config.ini 
2026-07-26T00:46:17.761Z In(05) vmx DICT         authd.client.port = "902"
2026-07-26T00:46:17.761Z In(05) vmx DICT           authd.proxy.nfc = "vmware-hostd:ha-nfc"
2026-07-26T00:46:17.761Z In(05) vmx DICT installerDefaults.autoSoftwareUpdateEnabled = "yes"
2026-07-26T00:46:17.761Z In(05) vmx DICT installerDefaults.autoSoftwareUpdateEnabled.epoch = "15182"
2026-07-26T00:46:17.761Z In(05) vmx DICT installerDefaults.componentDownloadEnabled = "yes"
2026-07-26T00:46:17.761Z In(05) vmx DICT installerDefaults.dataCollectionEnabled = "yes"
2026-07-26T00:46:17.761Z In(05) vmx DICT installerDefaults.dataCollectionEnabled.epoch = "15182"
2026-07-26T00:46:17.761Z In(05) vmx DICT --- GLOBAL SETTINGS C:\ProgramData\VMware\VMware Workstation\settings.ini 
2026-07-26T00:46:17.761Z In(05) vmx DICT          printers.enabled = "FALSE"
2026-07-26T00:46:17.761Z In(05) vmx Powering on guestOS 'ubuntu-64' using the configuration for 'ubuntu-64'.
2026-07-26T00:46:17.762Z In(05) vmx ToolsISO: open of C:\Program Files (x86)\VMware\VMware Workstation\isoimages_manifest.txt.sig failed: Could not find the file
2026-07-26T00:46:17.762Z In(05) vmx ToolsISO: Unable to read signature file 'C:\Program Files (x86)\VMware\VMware Workstation\isoimages_manifest.txt.sig', ignoring.
2026-07-26T00:46:17.763Z In(05) vmx ToolsISO: Updated cached value for imageName to 'linux.iso'.
2026-07-26T00:46:17.763Z In(05) vmx ToolsISO: Selected Tools ISO 'linux.iso' for 'ubuntu-64' guest.
2026-07-26T00:46:17.766Z In(05) vmx DUMPER: Restoring checkpoint version 8.
2026-07-26T00:46:17.766Z In(05) vmx Checkpointed in VMware Workstation, 17.6.0, build-24238078, Windows Host
2026-07-26T00:46:17.766Z In(05) vmx Resuming virtual machine from G:\VMs\Richard's Kali-b1cac1b8.vmss with 2048 MB of memory.
2026-07-26T00:46:17.766Z In(05) vmx Vix: [mainDispatch.c:4213]: VMAutomation_ReportPowerOpFinished: statevar=1, newAppState=1873, success=1 additionalError=0
2026-07-26T00:46:17.766Z In(05) vmx DEVSWAP: GuestOS does not require LSI adapter swap.
2026-07-26T00:46:17.767Z In(05) vmx Monitor Mode: CPL0
2026-07-26T00:46:17.786Z In(05) vmx OvhdMem_PowerOn: initial admission: paged  4141758 nonpaged     4723 anonymous     6598
2026-07-26T00:46:17.786Z In(05) vmx VMMEM: Initial Reservation: 16222MB (MainMem=2048MB)
2026-07-26T00:46:17.786Z In(05) vmx numa: Hot-add is enabled and vNUMA hot-add is disabled, forcing UMA.
2026-07-26T00:46:17.786Z In(05) vmx llc: maximum vcpus per LLC: 1
2026-07-26T00:46:17.786Z In(05) vmx llc: vLLC size: 1
2026-07-26T00:46:17.790Z In(05) vmx MemSched_PowerOn: balloon minGuestSize 104857 (80% of min required size 131072)
2026-07-26T00:46:17.790Z In(05) vmx MemSched: reserved mem (in MB) min 128 max 13722 recommended 13722
2026-07-26T00:46:17.790Z In(05) vmx MemSched: pg 4141758 np 4723 anon 6598 mem 524288
2026-07-26T00:46:17.860Z In(05) vmx MemSched: numvm 2 locked pages: num 1299549 max 3496448
2026-07-26T00:46:17.860Z In(05) vmx MemSched: locked Page Limit: host 3620974 config 3512832
2026-07-26T00:46:17.860Z In(05) vmx MemSched: minmempct 50 minalloc 799498 admitted 1
2026-07-26T00:46:17.861Z In(05) PowerNotifyThread VTHREAD 20124 "PowerNotifyThread"
2026-07-26T00:46:17.861Z In(05) PowerNotifyThread PowerNotify thread is alive.
2026-07-26T00:46:17.861Z In(05) vmx LICENSE: Running unlicensed VMX (VMware Workstation)
2026-07-26T00:46:17.861Z In(05) vthread-400 VTHREAD 400 "vthread-400"
2026-07-26T00:46:17.862Z In(05) vmx Win32U_GetFileAttributes: GetFileAttributesExW("G:\VMs\Richard's Kali.vmpl", ...) failed, error: 2
2026-07-26T00:46:17.862Z In(05) vmx PolicyVMXFindPolicyKey: policy file does not exist.
2026-07-26T00:46:17.862Z In(05) vmx Win32U_GetFileAttributes: GetFileAttributesExW("G:\VMs\Richard's Kali.vmpl", ...) failed, error: 2
2026-07-26T00:46:17.862Z In(05) vmx PolicyVMXFindPolicyKey: policy file does not exist.
2026-07-26T00:46:17.862Z In(05) vmx Host PA size: 39 bits. Guest PA size: 45 bits.
2026-07-26T00:46:17.863Z In(05) vmx ToolsISO: Refreshing imageName for 'ubuntu-64' (refreshCount=1, lastCount=1).
2026-07-26T00:46:17.864Z In(05) vmx ToolsISO: open of C:\Program Files (x86)\VMware\VMware Workstation\isoimages_manifest.txt.sig failed: Could not find the file
2026-07-26T00:46:17.864Z In(05) vmx ToolsISO: Unable to read signature file 'C:\Program Files (x86)\VMware\VMware Workstation\isoimages_manifest.txt.sig', ignoring.
2026-07-26T00:46:17.864Z In(05) vmx ToolsISO: Updated cached value for imageName to 'linux.iso'.
2026-07-26T00:46:17.864Z In(05) vmx ToolsISO: Selected Tools ISO 'linux.iso' for 'ubuntu-64' guest.
2026-07-26T00:46:17.864Z In(05) deviceThread VTHREAD 17136 "deviceThread"
2026-07-26T00:46:17.865Z In(05) deviceThread Device thread is alive
2026-07-26T00:46:17.865Z In(05) vmx Host VT-x Capabilities:
2026-07-26T00:46:17.865Z In(05) vmx Basic VMX Information (0x00da040000000012)
2026-07-26T00:46:17.865Z In(05) vmx   VMCS revision ID                          18
2026-07-26T00:46:17.865Z In(05) vmx   VMCS region length                      1024
2026-07-26T00:46:17.865Z In(05) vmx   VMX physical-address width           natural
2026-07-26T00:46:17.865Z In(05) vmx   SMM dual-monitor mode                    yes
2026-07-26T00:46:17.865Z In(05) vmx   VMCS memory type                          WB
2026-07-26T00:46:17.865Z In(05) vmx   Advanced INS/OUTS info                   yes
2026-07-26T00:46:17.865Z In(05) vmx   True VMX MSRs                            yes
2026-07-26T00:46:17.865Z In(05) vmx   Exception Injection ignores error code    no
2026-07-26T00:46:17.865Z In(05) vmx True Pin-Based VM-Execution Controls (0x0000007f00000016)
2026-07-26T00:46:17.865Z In(05) vmx   External-interrupt exiting               {0,1}
2026-07-26T00:46:17.865Z In(05) vmx   NMI exiting                              {0,1}
2026-07-26T00:46:17.865Z In(05) vmx   Virtual NMIs                             {0,1}
2026-07-26T00:46:17.865Z In(05) vmx   Activate VMX-preemption timer            {0,1}
2026-07-26T00:46:17.865Z In(05) vmx   Process posted interrupts                { 0 }
2026-07-26T00:46:17.865Z In(05) vmx True Primary Processor-Based VM-Execution Controls (0xfff9fffe04006172)
2026-07-26T00:46:17.865Z In(05) vmx   Interrupt-window exiting                 {0,1}
2026-07-26T00:46:17.865Z In(05) vmx   Use TSC offsetting                       {0,1}
2026-07-26T00:46:17.865Z In(05) vmx   HLT exiting                              {0,1}
2026-07-26T00:46:17.865Z In(05) vmx   INVLPG exiting                           {0,1}
2026-07-26T00:46:17.865Z In(05) vmx   MWAIT exiting                            {0,1}
2026-07-26T00:46:17.865Z In(05) vmx   RDPMC exiting                            {0,1}
2026-07-26T00:46:17.865Z In(05) vmx   RDTSC exiting                            {0,1}
2026-07-26T00:46:17.865Z In(05) vmx   CR3-load exiting                         {0,1}
2026-07-26T00:46:17.865Z In(05) vmx   CR3-store exiting                        {0,1}
2026-07-26T00:46:17.865Z In(05) vmx   Activate tertiary controls               { 0 }
2026-07-26T00:46:17.865Z In(05) vmx   CR8-load exiting                         {0,1}
2026-07-26T00:46:17.865Z In(05) vmx   CR8-store exiting                        {0,1}
2026-07-26T00:46:17.865Z In(05) vmx   Use TPR shadow                           {0,1}
2026-07-26T00:46:17.865Z In(05) vmx   NMI-window exiting                       {0,1}
2026-07-26T00:46:17.865Z In(05) vmx   MOV-DR exiting                           {0,1}
2026-07-26T00:46:17.865Z In(05) vmx   Unconditional I/O exiting                {0,1}
2026-07-26T00:46:17.865Z In(05) vmx   Use I/O bitmaps                          {0,1}
2026-07-26T00:46:17.865Z In(05) vmx   Monitor trap flag                        {0,1}
2026-07-26T00:46:17.865Z In(05) vmx   Use MSR bitmaps                          {0,1}
2026-07-26T00:46:17.865Z In(05) vmx   MONITOR exiting                          {0,1}
2026-07-26T00:46:17.865Z In(05) vmx   PAUSE exiting                            {0,1}
2026-07-26T00:46:17.865Z In(05) vmx   Activate secondary controls              {0,1}
2026-07-26T00:46:17.865Z In(05) vmx Secondary Processor-Based VM-Execution Controls (0x00007cff00000000)
2026-07-26T00:46:17.865Z In(05) vmx   Virtualize APIC accesses                 {0,1}
2026-07-26T00:46:17.865Z In(05) vmx   Enable EPT                               {0,1}
2026-07-26T00:46:17.865Z In(05) vmx   Descriptor-table exiting                 {0,1}
2026-07-26T00:46:17.865Z In(05) vmx   Enable RDTSCP                            {0,1}
2026-07-26T00:46:17.865Z In(05) vmx   Virtualize x2APIC mode                   {0,1}
2026-07-26T00:46:17.865Z In(05) vmx   Enable VPID                              {0,1}
2026-07-26T00:46:17.865Z In(05) vmx   WBINVD exiting                           {0,1}
2026-07-26T00:46:17.865Z In(05) vmx   Unrestricted guest                       {0,1}
2026-07-26T00:46:17.865Z In(05) vmx   APIC-register virtualization             { 0 }
2026-07-26T00:46:17.865Z In(05) vmx   Virtual-interrupt delivery               { 0 }
2026-07-26T00:46:17.865Z In(05) vmx   PAUSE-loop exiting                       {0,1}
2026-07-26T00:46:17.865Z In(05) vmx   RDRAND exiting                           {0,1}
2026-07-26T00:46:17.866Z In(05) vmx   Enable INVPCID                           {0,1}
2026-07-26T00:46:17.866Z In(05) vmx   Enable VM Functions                      {0,1}
2026-07-26T00:46:17.866Z In(05) vmx   Use VMCS shadowing                       {0,1}
2026-07-26T00:46:17.866Z In(05) vmx   ENCLS exiting                            { 0 }
2026-07-26T00:46:17.866Z In(05) vmx   RDSEED exiting                           { 0 }
2026-07-26T00:46:17.866Z In(05) vmx   Enable PML                               { 0 }
2026-07-26T00:46:17.866Z In(05) vmx   EPT-violation #VE                        { 0 }
2026-07-26T00:46:17.866Z In(05) vmx   Conceal VMX from PT                      { 0 }
2026-07-26T00:46:17.866Z In(05) vmx   Enable XSAVES/XRSTORS                    { 0 }
2026-07-26T00:46:17.866Z In(05) vmx   PASID translation                        { 0 }
2026-07-26T00:46:17.866Z In(05) vmx   Mode-based execute control for EPT       { 0 }
2026-07-26T00:46:17.866Z In(05) vmx   Sub-page write permissions for EPT       { 0 }
2026-07-26T00:46:17.866Z In(05) vmx   PT uses guest physical addresses         { 0 }
2026-07-26T00:46:17.866Z In(05) vmx   Use TSC scaling                          { 0 }
2026-07-26T00:46:17.866Z In(05) vmx   Enable UMWAIT and TPAUSE                 { 0 }
2026-07-26T00:46:17.866Z In(05) vmx   Enable ENCLV in VMX non-root mode        { 0 }
2026-07-26T00:46:17.866Z In(05) vmx   Enable EPC Virtualization Extensions     { 0 }
2026-07-26T00:46:17.866Z In(05) vmx   Bus lock exiting                         { 0 }
2026-07-26T00:46:17.866Z In(05) vmx   Notification VM exits                    { 0 }
2026-07-26T00:46:17.866Z In(05) vmx Tertiary Processor-Based VM-Execution Controls (0x0000000000000000)
2026-07-26T00:46:17.866Z In(05) vmx   LOADIWKEY exiting                          no
2026-07-26T00:46:17.866Z In(05) vmx   Enable HLAT                                no
2026-07-26T00:46:17.866Z In(05) vmx   Enable Paging-Write                        no
2026-07-26T00:46:17.866Z In(05) vmx   Enable Guest Paging Verification           no
2026-07-26T00:46:17.866Z In(05) vmx   Enable IPI Virtualization                  no
2026-07-26T00:46:17.866Z In(05) vmx   TD shared bit position for 5-level EPT     no
2026-07-26T00:46:17.866Z In(05) vmx   Enable RDMSRLIST/WRMSRLIST                 no
2026-07-26T00:46:17.866Z In(05) vmx   Enable Virtual MSR_SPEC_CTRL               no
2026-07-26T00:46:17.866Z In(05) vmx True VM-Exit Controls (0x007fffff00036dfb)
2026-07-26T00:46:17.866Z In(05) vmx   Save debug controls                      {0,1}
2026-07-26T00:46:17.866Z In(05) vmx   Host address-space size                  {0,1}
2026-07-26T00:46:17.866Z In(05) vmx   Load IA32_PERF_GLOBAL_CTRL               {0,1}
2026-07-26T00:46:17.866Z In(05) vmx   Acknowledge interrupt on exit            {0,1}
2026-07-26T00:46:17.866Z In(05) vmx   Save IA32_PAT                            {0,1}
2026-07-26T00:46:17.866Z In(05) vmx   Load IA32_PAT                            {0,1}
2026-07-26T00:46:17.866Z In(05) vmx   Save IA32_EFER                           {0,1}
2026-07-26T00:46:17.866Z In(05) vmx   Load IA32_EFER                           {0,1}
2026-07-26T00:46:17.866Z In(05) vmx   Save VMX-preemption timer                {0,1}
2026-07-26T00:46:17.866Z In(05) vmx   Clear IA32_BNDCFGS                       { 0 }
2026-07-26T00:46:17.866Z In(05) vmx   Conceal VMX from processor trace         { 0 }
2026-07-26T00:46:17.866Z In(05) vmx   Clear IA32_RTIT MSR                      { 0 }
2026-07-26T00:46:17.866Z In(05) vmx   Clear IA32_LBR_CTL MSR                   { 0 }
2026-07-26T00:46:17.866Z In(05) vmx   Clear user-interrupt notification vector { 0 }
2026-07-26T00:46:17.866Z In(05) vmx   Load CET state                           { 0 }
2026-07-26T00:46:17.866Z In(05) vmx   Load PKRS                                { 0 }
2026-07-26T00:46:17.866Z In(05) vmx   Save IA32_PERF_GLOBAL_CTRL               { 0 }
2026-07-26T00:46:17.866Z In(05) vmx   Use Secondary VM-Exit Controls           { 0 }
2026-07-26T00:46:17.866Z In(05) vmx Secondary VM-Exit Controls (0x0000000000000000)
2026-07-26T00:46:17.866Z In(05) vmx   Fractured Shadow-Stack Update Reporting    no
2026-07-26T00:46:17.866Z In(05) vmx True VM-Entry Controls (0x0000ffff000011fb)
2026-07-26T00:46:17.866Z In(05) vmx   Load debug controls                      {0,1}
2026-07-26T00:46:17.866Z In(05) vmx   IA-32e mode guest                        {0,1}
2026-07-26T00:46:17.866Z In(05) vmx   Entry to SMM                             {0,1}
2026-07-26T00:46:17.866Z In(05) vmx   Deactivate dual-monitor mode             {0,1}
2026-07-26T00:46:17.866Z In(05) vmx   Load IA32_PERF_GLOBAL_CTRL               {0,1}
2026-07-26T00:46:17.866Z In(05) vmx   Load IA32_PAT                            {0,1}
2026-07-26T00:46:17.866Z In(05) vmx   Load IA32_EFER                           {0,1}
2026-07-26T00:46:17.866Z In(05) vmx   Load IA32_BNDCFGS                        { 0 }
2026-07-26T00:46:17.866Z In(05) vmx   Conceal VMX from processor trace         { 0 }
2026-07-26T00:46:17.866Z In(05) vmx   Load IA32_RTIT MSR                       { 0 }
2026-07-26T00:46:17.866Z In(05) vmx   Load user-interrupt notification vector  { 0 }
2026-07-26T00:46:17.866Z In(05) vmx   Load CET state                           { 0 }
2026-07-26T00:46:17.866Z In(05) vmx   Load IA32_LBR_CTL MSR                    { 0 }
2026-07-26T00:46:17.866Z In(05) vmx   Load PKRS                                { 0 }
2026-07-26T00:46:17.866Z In(05) vmx VPID and EPT Capabilities (0x00000f0106334141)
2026-07-26T00:46:17.866Z In(05) vmx   R=0/W=0/X=1                               yes
2026-07-26T00:46:17.866Z In(05) vmx   Page-walk length 3                        yes
2026-07-26T00:46:17.866Z In(05) vmx   EPT memory type WB                        yes
2026-07-26T00:46:17.866Z In(05) vmx   2MB super-page                            yes
2026-07-26T00:46:17.866Z In(05) vmx   1GB super-page                            yes
2026-07-26T00:46:17.866Z In(05) vmx   INVEPT support                            yes
2026-07-26T00:46:17.866Z In(05) vmx   Access & Dirty Bits                       yes
2026-07-26T00:46:17.866Z In(05) vmx   Advanced VM exit information for EPT violations    no
2026-07-26T00:46:17.866Z In(05) vmx   Supervisor shadow-stack control            no
2026-07-26T00:46:17.866Z In(05) vmx   Type 1 INVEPT                             yes
2026-07-26T00:46:17.866Z In(05) vmx   Type 2 INVEPT                             yes
2026-07-26T00:46:17.867Z In(05) vmx   INVVPID support                           yes
2026-07-26T00:46:17.867Z In(05) vmx   Type 0 INVVPID                            yes
2026-07-26T00:46:17.867Z In(05) vmx   Type 1 INVVPID                            yes
2026-07-26T00:46:17.867Z In(05) vmx   Type 2 INVVPID                            yes
2026-07-26T00:46:17.867Z In(05) vmx   Type 3 INVVPID                            yes
2026-07-26T00:46:17.867Z In(05) vmx Miscellaneous VMX Data (0x00000000300481e5)
2026-07-26T00:46:17.867Z In(05) vmx   TSC to preemption timer ratio      5
2026-07-26T00:46:17.867Z In(05) vmx   VM-Exit saves EFER.LMA           yes
2026-07-26T00:46:17.867Z In(05) vmx   Activity State HLT               yes
2026-07-26T00:46:17.867Z In(05) vmx   Activity State shutdown          yes
2026-07-26T00:46:17.867Z In(05) vmx   Activity State wait-for-SIPI     yes
2026-07-26T00:46:17.867Z In(05) vmx   Processor trace in VMX            no
2026-07-26T00:46:17.867Z In(05) vmx   RDMSR SMBASE MSR in SMM          yes
2026-07-26T00:46:17.867Z In(05) vmx   CR3 targets supported              4
2026-07-26T00:46:17.867Z In(05) vmx   Maximum MSR list size            512
2026-07-26T00:46:17.867Z In(05) vmx   VMXOFF holdoff of SMIs           yes
2026-07-26T00:46:17.867Z In(05) vmx   Allow all VMWRITEs               yes
2026-07-26T00:46:17.867Z In(05) vmx   Allow zero instruction length     no
2026-07-26T00:46:17.867Z In(05) vmx   MSEG revision ID                   0
2026-07-26T00:46:17.867Z In(05) vmx VMX-Fixed Bits in CR0 (0x0000000080000021/0x00000000ffffffff)
2026-07-26T00:46:17.867Z In(05) vmx   Fixed to 0        0xffffffff00000000
2026-07-26T00:46:17.867Z In(05) vmx   Fixed to 1        0x0000000080000021
2026-07-26T00:46:17.867Z In(05) vmx   Variable          0x000000007fffffde
2026-07-26T00:46:17.867Z In(05) vmx VMX-Fixed Bits in CR4 (0x0000000000002000/0x00000000001767ff)
2026-07-26T00:46:17.867Z In(05) vmx   Fixed to 0        0xffffffffffe89800
2026-07-26T00:46:17.867Z In(05) vmx   Fixed to 1        0x0000000000002000
2026-07-26T00:46:17.867Z In(05) vmx   Variable          0x00000000001747ff
2026-07-26T00:46:17.867Z In(05) vmx VMCS Enumeration (0x000000000000002a)
2026-07-26T00:46:17.867Z In(05) vmx   Highest index                   0x15
2026-07-26T00:46:17.867Z In(05) vmx VM Functions (0x0000000000000001)
2026-07-26T00:46:17.867Z In(05) vmx   Function  0 (EPTP-switching) supported.
2026-07-26T00:46:17.867Z In(05) vmx Monitor_PowerOn: hostedVSMPMaxSkew is 1500 us (4190315 cycles)
2026-07-26T00:46:17.868Z In(05) vmx vmm-modules: [vmm.vmm, vmce-vmce.vmm, viommu-none.vmm, vprobe-none.vmm, hv-vt.vmm, gphys-ept.vmm, callstack-none.vmm, ahci-ahci.vmm, !ahciShared=0x0, !e1000Shared=0xc00, !tdxSharedVMData=0x1d00, !vmSamples=0x1d00, !theIOSpace=0x1d40, !ttGPPerVcpu=0x8b40, {UseUnwind}=0x0, numVCPUsAsAddr=0x2, {SharedAreaReservations}=0x8b80, {rodataSize}=0x2206a, {textAddr}=0xfffffffffc000000, {textSize}=0x92587, <MonSrcFile>]
2026-07-26T00:46:17.868Z In(05) vmx vmm-vcpus:   2
2026-07-26T00:46:17.912Z In(05) vmx KHZEstimate 2793543
2026-07-26T00:46:17.912Z In(05) vmx MHZEstimate 2794
2026-07-26T00:46:17.912Z In(05) vmx NumVCPUs 2
2026-07-26T00:46:17.913Z In(05) vmx AIOGNRC: numThreads=17 ide=0, scsi=1, passthru=0
2026-07-26T00:46:17.913Z In(05) vmx WORKER: Creating new group with maxThreads=17 (17)
2026-07-26T00:46:17.922Z In(05) vmx WORKER: Creating new group with maxThreads=1 (18)
2026-07-26T00:46:17.922Z In(05) vmx MainMem: CPT Host WZ=0 PF=2048 D=0
2026-07-26T00:46:17.922Z In(05) vmx MainMem: CPT PLS=1 PLR=1 BS=1 BlkP=32 Mult=4 W=50
2026-07-26T00:46:17.922Z In(05) vmx MStat: Creating Stat vm.uptime
2026-07-26T00:46:17.922Z In(05) vmx MStat: Creating Stat vm.suspendTime
2026-07-26T00:46:17.923Z In(05) vmx MStat: Creating Stat vm.powerOnTimeStamp
2026-07-26T00:46:17.923Z In(05) aioCompletion VTHREAD 35288 "aioCompletion"
2026-07-26T00:46:17.923Z In(05) vmx VMXAIOMGR: Using: simple=Compl
2026-07-26T00:46:17.928Z In(05) vmx WORKER: Creating new group with maxThreads=1 (19)
2026-07-26T00:46:17.934Z In(05) vmx WORKER: Creating new group with maxThreads=1 (20)
2026-07-26T00:46:17.934Z In(05) vmx WORKER: Creating new group with maxThreads=14 (34)
2026-07-26T00:46:17.935Z In(05) vmx FeatureCompat: No VM masks.
2026-07-26T00:46:17.935Z In(05) vmx TimeTracker host to guest rate conversion 829551423689 @ 2793543000Hz -> 0 @ 2793543000Hz
2026-07-26T00:46:17.935Z In(05) vmx TimeTracker host to guest rate conversion ((x * 2147483648) >> 31) + -829551423689
2026-07-26T00:46:17.935Z In(05) vmx Disabling TSC scaling since host does not support it.
2026-07-26T00:46:17.935Z In(05) vmx TSC offsetting enabled.
2026-07-26T00:46:17.935Z In(05) vmx timeTracker.globalProgressMaxAllowanceMS: 2000
2026-07-26T00:46:17.935Z In(05) vmx timeTracker.globalProgressToAllowanceNS: 1000
2026-07-26T00:46:17.935Z In(05) vmx MKS PowerOn
2026-07-26T00:46:17.938Z In(05) mks VTHREAD 34436 "mks"
2026-07-26T00:46:17.938Z In(05) mks MKS thread is alive
2026-07-26T00:46:17.939Z In(05) svga VTHREAD 22920 "svga"
2026-07-26T00:46:17.939Z In(05) svga SVGA thread is alive
2026-07-26T00:46:17.939Z In(05) mks MKS: SSE2=1, SSSE3=1, SSE4_1=1
2026-07-26T00:46:17.940Z In(05) mouse VTHREAD 34144 "mouse"
2026-07-26T00:46:17.940Z In(05) mks MKS-HookKeyboard: RegQueryValueEx(LowLevelHooksTimeout) failed: The system cannot find the file specified (2)
2026-07-26T00:46:17.940Z In(05) kbh VTHREAD 24556 "kbh"
2026-07-26T00:46:17.956Z In(05) mks MKSWin32: Registering top level window (0x1db12aa) to receive session change notification.
2026-07-26T00:46:17.999Z In(05) mks MKSWin32: Disabled power throttling.
2026-07-26T00:46:17.999Z In(05) mks Current Display Settings:
2026-07-26T00:46:17.999Z In(05) mks    Display: 0 size: 1920x1080  position: (0, 0) name: \\.\DISPLAY1  
2026-07-26T00:46:18.000Z In(05) mks MKSWin32: MIL: 0x4000
2026-07-26T00:46:18.000Z In(05) mks MKSRenderMain: PowerOn allowed BasicOps ISB DX12 DX11 DX11Basic VK 
2026-07-26T00:46:18.000Z In(05) mks MKSRenderMain: ISB enabled by config
2026-07-26T00:46:18.000Z In(05) mks MKSRenderMain: Collecting RenderOps caps from ISB
2026-07-26T00:46:18.000Z In(05) mks MKSRenderMain: Starting ISB
2026-07-26T00:46:18.000Z In(05) mks ISBRendererComm: ISBRendererComm DataChannel size=4294967296
2026-07-26T00:46:18.023Z In(05) mks LocalMKS: MKS_UUID=52 12 4f c6 e0 e1 d2 7c-d6 73 4d 62 c9 79 41 bc
2026-07-26T00:46:18.029Z In(05) mks LogRotation: Rotating to a new log file (keepOld 3) took 0.001924 seconds.
2026-07-26T00:46:18.030Z In(05) mks ISBRendererComm: mksSandbox command-line: C:\Program Files (x86)\VMware\VMware Workstation\x64\mksSandbox.exe --pipeInfo \\.\pipe\vmware\mksSandbox\mksSandbox-52 32 ea d9 b9 76 f0 ef-fc cd 25 b2 d0 12 4f 95
2026-07-26T00:46:20.035Z In(05) mks ISBRendererComm: Spawned process with handle 1396
2026-07-26T00:46:50.957Z In(05) mks ISBRendererComm: Sandbox Renderer: DX11Renderer
2026-07-26T00:46:51.038Z Wa(03) mks mksSandboxLog: Vulkan Renderer: No supported Vulkan device/driver found (See mks.vk.allowUnsupportedDevices or mks.vk.forceDevice configuration options).
2026-07-26T00:46:51.039Z Wa(03) mks mksSandboxLog: DX11Renderer: Unable to create a device for type unknown
2026-07-26T00:46:51.044Z In(05) mks MKSRenderMain: Started ISB (DX11)
2026-07-26T00:46:51.044Z In(05) mks MKSRenderMain: Found Full Renderer: ISBRenderer (DX11Renderer)
2026-07-26T00:46:51.044Z In(05) mks MKSRenderMain: maxTextureSize=16384
2026-07-26T00:46:51.045Z In(05) mks KHBKL: Unable to parse keystring at: ''
2026-07-26T00:46:51.045Z In(05) mks MKSRemoteMgr: Set default display name: Richard's Kali
2026-07-26T00:46:51.045Z In(05) mks MKSRemoteMgr: Loading VNC Configuration from VM config file
2026-07-26T00:46:51.045Z In(05) mks MKSRemoteMgr: Using default VNC keymap table "us"
2026-07-26T00:46:51.045Z No(00) vmx PowerOnTiming: Module MKS took 33109491 us
2026-07-26T00:46:51.045Z In(05) vmx VLANCE: send cluster threshold is 80, size = 2 recalcInterval is 20000 us
2026-07-26T00:46:51.045Z In(05) vmx VMXNET: send cluster threshold is 80, size = 2 recalcInterval is 20000 ticks, dontClusterSize is 128
2026-07-26T00:46:51.047Z In(05) vmx Chipset version: 0x17
2026-07-26T00:46:51.049Z In(05) vmx SOUNDLIB: Creating the Wave sound backend.
2026-07-26T00:46:51.063Z No(00) vmx ConfigDB: Setting pciBridge4.pciSlotNumber = "-1"
2026-07-26T00:46:51.063Z No(00) vmx ConfigDB: Setting pciBridge5.pciSlotNumber = "-1"
2026-07-26T00:46:51.063Z No(00) vmx ConfigDB: Setting pciBridge6.pciSlotNumber = "-1"
2026-07-26T00:46:51.063Z No(00) vmx ConfigDB: Setting pciBridge7.pciSlotNumber = "-1"
2026-07-26T00:46:51.064Z No(00) vmx ConfigDB: Setting pciBridge4.pciSlotNumber = "21"
2026-07-26T00:46:51.064Z No(00) vmx ConfigDB: Setting pciBridge5.pciSlotNumber = "22"
2026-07-26T00:46:51.064Z No(00) vmx ConfigDB: Setting pciBridge6.pciSlotNumber = "23"
2026-07-26T00:46:51.064Z No(00) vmx ConfigDB: Setting pciBridge7.pciSlotNumber = "24"
2026-07-26T00:46:51.723Z No(00) vmx PowerOnTiming: Module DevicePowerOnEarly took 660899 us
2026-07-26T00:46:51.726Z In(05) vmx MigrateBusMemPrealloc: BusMem preallocation begins.
2026-07-26T00:46:51.726Z In(05) vmx MigrateBusMemPrealloc: BusMem preallocation completes.
2026-07-26T00:46:51.726Z No(00) vmx ConfigDB: Setting scsi0:0.redo = ""
2026-07-26T00:46:51.726Z In(05) vmx DISK: OPEN scsi0:0 'G:\VMs\Richard's Kali.vmdk' persistent R[]
2026-07-26T00:46:52.607Z In(05) vmx DiskGetGeometry: Reading of disk partition table
2026-07-26T00:46:52.830Z In(05) vmx DISK: Disk 'G:\VMs\Richard's Kali.vmdk' has UUID '60 00 c2 9b 39 01 46 2e-65 3a 41 c0 45 43 c1 3d'
2026-07-26T00:46:52.830Z In(05) vmx DISK: OPEN 'G:\VMs\Richard's Kali.vmdk' Geo (2610/255/63) BIOS Geo (82241/255/2)
2026-07-26T00:46:52.893Z In(05) vmx DISKUTILWIN32: DiskUtilW32IsATASSDDevice: Reported rotation rate = 5400
2026-07-26T00:46:52.894Z In(05) vmx DISK: Opening disks took 1167 ms.
2026-07-26T00:46:52.894Z No(00) vmx PowerOnTiming: Module Disk took 1168124 us
2026-07-26T00:46:52.895Z In(05) vmx USBArbLib: USBArbLib initialized successfully, retryIntervalStart(5), retryIntervalMax(120), arbSocketName(\\.\pipe\vmware-usbarbpipe), useLocking(yes), tryUpgrading(no).
2026-07-26T00:46:52.895Z In(05) vmx UsbEnum: Initializing UsbEnum library, disableLocking(no), allowBootableHid(yes).
2026-07-26T00:46:52.895Z In(05) vmx USB: Initializing 'Virtual Hub' backend
2026-07-26T00:46:52.974Z In(05) vmx USB: Initializing 'Generic' backend
2026-07-26T00:46:52.974Z Wa(03) vmx USBArbLib: OUT SET_AUTO_CONNECT: Not connected to arbitrator, autoconnect(0) for client 'Richard's Kali', connectState(1).
2026-07-26T00:46:52.974Z In(05) vmx USB: Initializing 'Virtual HID' backend
2026-07-26T00:46:52.975Z In(05) sensorThread VTHREAD 35988 "sensorThread"
2026-07-26T00:46:52.975Z In(05) vmx USB: Initializing 'Remote Device' backend
2026-07-26T00:46:52.975Z In(05) vmx RemoteUSBVMX: Retrieved hostId [a8 b2 e5 c6 37 5e 11 e6-8b 14 fc 08 4a 60 5c 84].
2026-07-26T00:46:52.975Z In(05) vmx RemoteUSBVMX: Protocol version min:15 current:19
2026-07-26T00:46:52.975Z In(05) vmx RemoteUSBVMX: no delay setting is TRUE.
2026-07-26T00:46:52.975Z In(05) vmx USB: Initializing 'Virtual Mass Storage' backend
2026-07-26T00:46:52.975Z In(05) vmx USB: Initializing 'Virtual CCID' backend
2026-07-26T00:46:53.411Z In(05) usbCCIDEnumCards VTHREAD 35372 "usbCCIDEnumCards"
2026-07-26T00:46:53.411Z In(05) usbCCIDEnumCards USB-CCID: Card enum thread created.
2026-07-26T00:46:53.411Z In(05) vmx USB: Initializing 'Virtual Video' backend
2026-07-26T00:46:53.537Z Wa(03) vmx USBGW: IOCTL_STORAGE_QUERY_PROPERTY failed. Error(0x0): The operation completed successfully.
2026-07-26T00:46:53.537Z In(05) vmx USBGW: Skipping disk backing for path(G:\VMs\Richard's Kali.vmx).
2026-07-26T00:46:53.537Z Wa(03) vmx USBGW: IOCTL_STORAGE_QUERY_PROPERTY failed. Error(0x0): The operation completed successfully.
2026-07-26T00:46:53.537Z In(05) vmx USBGW: Skipping disk backing for path(G:\VMs\Richard's Kali.vmdk).
2026-07-26T00:46:53.538Z Wa(03) vmx USBGW: IOCTL_STORAGE_QUERY_PROPERTY failed. Error(0x0): The operation completed successfully.
2026-07-26T00:46:53.538Z In(05) vmx USBGW: Skipping disk backing for path(G:\VMs\Richard's Kali.vmsd).
2026-07-26T00:46:53.538Z Wa(03) vmx USBGW: IOCTL_STORAGE_QUERY_PROPERTY failed. Error(0x0): The operation completed successfully.
2026-07-26T00:46:53.539Z In(05) vmx USBGW: Skipping disk backing for path(G:\VMs\Richard's Kali.nvram).
2026-07-26T00:46:53.539Z No(00) vmx PowerOnTiming: Module VUsb took 644918 us
2026-07-26T00:46:53.688Z In(05) vmx SCSI: scsi0: intr coalescing: on period=50msec cifTh=4 iopsTh=2000 hlt=0
2026-07-26T00:46:53.688Z In(05) vmx SCSI0: UNTAGGED commands will be converted to ORDER tags.
2026-07-26T00:46:53.688Z In(05) vmx SCSI DEVICE (scsi0:0): Computed value of scsi0:0.useBounceBuffers: default
2026-07-26T00:46:53.688Z In(05) vmx DISKUTIL: scsi0:0 : capacity=41943040 logical sector size=512
2026-07-26T00:46:53.688Z In(05) vmx DISKUTIL: scsi0:0 : geometry=82241/255/2
2026-07-26T00:46:53.689Z In(05) vmx SVGA-GFB: Config settings: autodetect=1, numDisplays=1, maxWidth=2560, maxHeight=1600
2026-07-26T00:46:53.689Z In(05) vmx SVGA-GFB: Desired maximum display topology: wh(6688, 5016)
2026-07-26T00:46:53.689Z In(05) vmx SVGA-GFB: Autodetected target gfbSize = 268435456
2026-07-26T00:46:53.689Z In(05) vmx SVGA-GFB: Using Initial       gfbSize = 4194304
2026-07-26T00:46:53.689Z In(05) vmx SVGA-GFB: MaxPrimaryMem      register = 268435456
2026-07-26T00:46:53.689Z In(05) vmx SVGA-GFB: Truncated maximum resolution for register modes to VRAM size: VRAM=4194304 bytes, max wh(1176, 885)
2026-07-26T00:46:53.689Z In(05) vmx SVGA-GFB: Max wh(1176, 885), number of displays: 10
2026-07-26T00:46:53.689Z In(05) vmx SVGA: SVGA DeviceLabel: svga2
2026-07-26T00:46:53.690Z No(00) vmx ConfigDB: Setting vmotion.svga.mobMaxSize = "1073741824"
2026-07-26T00:46:53.690Z No(00) vmx ConfigDB: Setting vmotion.svga.graphicsMemoryKB = "8388608"
2026-07-26T00:46:53.690Z In(05) vmx SVGA: mobMaxSize=1073741824
2026-07-26T00:46:53.690Z In(05) vmx SVGA: graphicsMemoryKB=8388608
2026-07-26T00:46:53.690Z In(05) vmx SVGA: FIFO capabilities 0x0000077f
2026-07-26T00:46:53.690Z In(05) vmx SVGAFeature renderer (before clamping) svga.supports3D bool 1
2026-07-26T00:46:53.690Z In(05) vmx SVGAFeature renderer (before clamping) svga.baseCapsLevel num 11
2026-07-26T00:46:53.690Z In(05) vmx SVGAFeature renderer (before clamping) svga.maxPointSize num 1
2026-07-26T00:46:53.690Z In(05) vmx SVGAFeature renderer (before clamping) svga.maxTextureSize num 16384
2026-07-26T00:46:53.690Z In(05) vmx SVGAFeature renderer (before clamping) svga.maxVolumeExtent num 2048
2026-07-26T00:46:53.690Z In(05) vmx SVGAFeature renderer (before clamping) svga.maxTextureAnisotropy num 16
2026-07-26T00:46:53.690Z In(05) vmx SVGAFeature renderer (before clamping) svga.lineStipple bool 0
2026-07-26T00:46:53.690Z In(05) vmx SVGAFeature renderer (before clamping) svga.dxMaxConstantBuffers num 14
2026-07-26T00:46:53.690Z In(05) vmx SVGAFeature renderer (before clamping) svga.dxProvokingVertex bool 0
2026-07-26T00:46:53.690Z In(05) vmx SVGAFeature renderer (before clamping) svga.sm41 bool 1
2026-07-26T00:46:53.690Z In(05) vmx SVGAFeature renderer (before clamping) svga.multisample2x bool 1
2026-07-26T00:46:53.690Z In(05) vmx SVGAFeature renderer (before clamping) svga.multisample4x bool 1
2026-07-26T00:46:53.690Z In(05) vmx SVGAFeature renderer (before clamping) svga.msFullQuality bool 1
2026-07-26T00:46:53.690Z In(05) vmx SVGAFeature renderer (before clamping) svga.logicOps bool 1
2026-07-26T00:46:53.690Z In(05) vmx SVGAFeature renderer (before clamping) svga.bc67 num 9
2026-07-26T00:46:53.690Z In(05) vmx SVGAFeature renderer (before clamping) svga.sm5 bool 1
2026-07-26T00:46:53.690Z In(05) vmx SVGAFeature renderer (before clamping) svga.multisample8x bool 1
2026-07-26T00:46:53.690Z In(05) vmx SVGAFeature renderer (before clamping) svga.logicBlendOps bool 1
2026-07-26T00:46:53.690Z In(05) vmx SVGAFeature renderer (before clamping) svga.maxForcedSampleCount num 16
2026-07-26T00:46:53.690Z In(05) vmx SVGAFeature renderer (before clamping) svga.gl43 bool 0
2026-07-26T00:46:53.796Z In(05) vmx SVGAFeature renderer (after  clamping) svga.supports3D bool 1
2026-07-26T00:46:53.796Z In(05) vmx SVGAFeature renderer (after  clamping) svga.baseCapsLevel num 9
2026-07-26T00:46:53.796Z In(05) vmx SVGAFeature renderer (after  clamping) svga.maxPointSize num 1
2026-07-26T00:46:53.796Z In(05) vmx SVGAFeature renderer (after  clamping) svga.maxTextureSize num 16384
2026-07-26T00:46:53.796Z In(05) vmx SVGAFeature renderer (after  clamping) svga.maxVolumeExtent num 2048
2026-07-26T00:46:53.796Z In(05) vmx SVGAFeature renderer (after  clamping) svga.maxTextureAnisotropy num 16
2026-07-26T00:46:53.796Z In(05) vmx SVGAFeature renderer (after  clamping) svga.lineStipple bool 0
2026-07-26T00:46:53.796Z In(05) vmx SVGAFeature renderer (after  clamping) svga.dxMaxConstantBuffers num 14
2026-07-26T00:46:53.796Z In(05) vmx SVGAFeature renderer (after  clamping) svga.dxProvokingVertex bool 0
2026-07-26T00:46:53.796Z In(05) vmx SVGAFeature renderer (after  clamping) svga.sm41 bool 1
2026-07-26T00:46:53.796Z In(05) vmx SVGAFeature renderer (after  clamping) svga.multisample2x bool 1
2026-07-26T00:46:53.796Z In(05) vmx SVGAFeature renderer (after  clamping) svga.multisample4x bool 1
2026-07-26T00:46:53.796Z In(05) vmx SVGAFeature renderer (after  clamping) svga.msFullQuality bool 1
2026-07-26T00:46:53.796Z In(05) vmx SVGAFeature renderer (after  clamping) svga.logicOps bool 1
2026-07-26T00:46:53.797Z In(05) vmx SVGAFeature renderer (after  clamping) svga.bc67 num 9
2026-07-26T00:46:53.797Z In(05) vmx SVGAFeature renderer (after  clamping) svga.sm5 bool 1
2026-07-26T00:46:53.797Z In(05) vmx SVGAFeature renderer (after  clamping) svga.multisample8x bool 1
2026-07-26T00:46:53.797Z In(05) vmx SVGAFeature renderer (after  clamping) svga.logicBlendOps bool 1
2026-07-26T00:46:53.797Z In(05) vmx SVGAFeature renderer (after  clamping) svga.maxForcedSampleCount num 16
2026-07-26T00:46:53.797Z In(05) vmx SVGAFeature renderer (after  clamping) svga.gl43 bool 0
2026-07-26T00:46:53.797Z In(05) vmx SVGAFeature    host id: 0
2026-07-26T00:46:53.797Z In(05) vmx SVGAFeature    host svga.supports3D bool 1
2026-07-26T00:46:53.797Z In(05) vmx SVGAFeature    host svga.baseCapsLevel num 9
2026-07-26T00:46:53.797Z In(05) vmx SVGAFeature    host svga.maxPointSize num 1
2026-07-26T00:46:53.797Z In(05) vmx SVGAFeature    host svga.maxTextureSize num 16384
2026-07-26T00:46:53.797Z In(05) vmx SVGAFeature    host svga.maxVolumeExtent num 2048
2026-07-26T00:46:53.797Z In(05) vmx SVGAFeature    host svga.maxTextureAnisotropy num 16
2026-07-26T00:46:53.797Z In(05) vmx SVGAFeature    host svga.lineStipple bool 0
2026-07-26T00:46:53.797Z In(05) vmx SVGAFeature    host svga.dxMaxConstantBuffers num 14
2026-07-26T00:46:53.797Z In(05) vmx SVGAFeature    host svga.dxProvokingVertex bool 0
2026-07-26T00:46:53.797Z In(05) vmx SVGAFeature    host svga.sm41 bool 1
2026-07-26T00:46:53.797Z In(05) vmx SVGAFeature    host svga.multisample2x bool 1
2026-07-26T00:46:53.797Z In(05) vmx SVGAFeature    host svga.multisample4x bool 1
2026-07-26T00:46:53.797Z In(05) vmx SVGAFeature    host svga.msFullQuality bool 1
2026-07-26T00:46:53.797Z In(05) vmx SVGAFeature    host svga.logicOps bool 1
2026-07-26T00:46:53.797Z In(05) vmx SVGAFeature    host svga.bc67 num 9
2026-07-26T00:46:53.797Z In(05) vmx SVGAFeature    host svga.sm5 bool 1
2026-07-26T00:46:53.797Z In(05) vmx SVGAFeature    host svga.multisample8x bool 1
2026-07-26T00:46:53.797Z In(05) vmx SVGAFeature    host svga.logicBlendOps bool 1
2026-07-26T00:46:53.797Z In(05) vmx SVGAFeature    host svga.maxForcedSampleCount num 16
2026-07-26T00:46:53.797Z In(05) vmx SVGAFeature    host svga.gl43 bool 0
2026-07-26T00:46:53.797Z In(05) vmx SVGAFeature evcHost id: 0
2026-07-26T00:46:53.797Z In(05) vmx SVGAFeature evcHost svga.supports3D bool 1
2026-07-26T00:46:53.797Z In(05) vmx SVGAFeature evcHost svga.baseCapsLevel num 9
2026-07-26T00:46:53.797Z In(05) vmx SVGAFeature evcHost svga.maxPointSize num 1
2026-07-26T00:46:53.797Z In(05) vmx SVGAFeature evcHost svga.maxTextureSize num 16384
2026-07-26T00:46:53.797Z In(05) vmx SVGAFeature evcHost svga.maxVolumeExtent num 2048
2026-07-26T00:46:53.797Z In(05) vmx SVGAFeature evcHost svga.maxTextureAnisotropy num 16
2026-07-26T00:46:53.797Z In(05) vmx SVGAFeature evcHost svga.lineStipple bool 0
2026-07-26T00:46:53.797Z In(05) vmx SVGAFeature evcHost svga.dxMaxConstantBuffers num 14
2026-07-26T00:46:53.797Z In(05) vmx SVGAFeature evcHost svga.dxProvokingVertex bool 0
2026-07-26T00:46:53.797Z In(05) vmx SVGAFeature evcHost svga.sm41 bool 1
2026-07-26T00:46:53.797Z In(05) vmx SVGAFeature evcHost svga.multisample2x bool 1
2026-07-26T00:46:53.797Z In(05) vmx SVGAFeature evcHost svga.multisample4x bool 1
2026-07-26T00:46:53.797Z In(05) vmx SVGAFeature evcHost svga.msFullQuality bool 1
2026-07-26T00:46:53.797Z In(05) vmx SVGAFeature evcHost svga.logicOps bool 1
2026-07-26T00:46:53.797Z In(05) vmx SVGAFeature evcHost svga.bc67 num 9
2026-07-26T00:46:53.797Z In(05) vmx SVGAFeature evcHost svga.sm5 bool 1
2026-07-26T00:46:53.797Z In(05) vmx SVGAFeature evcHost svga.multisample8x bool 1
2026-07-26T00:46:53.797Z In(05) vmx SVGAFeature evcHost svga.logicBlendOps bool 1
2026-07-26T00:46:53.797Z In(05) vmx SVGAFeature evcHost svga.maxForcedSampleCount num 16
2026-07-26T00:46:53.797Z In(05) vmx SVGAFeature evcHost svga.gl43 bool 0
2026-07-26T00:46:53.797Z In(05) vmx SVGA3dClamp: Renderer Provides     BC67Level:     9 (    9,     9)
2026-07-26T00:46:53.798Z In(05) vmx SVGA3dClamp: Renderer Provides BaseCapsLevel:     9 (    9,     9)
2026-07-26T00:46:53.798Z In(05) vmx SVGA3dClamp: Renderer Provides    ClampLevel:     0 (    0,    10)
2026-07-26T00:46:53.798Z In(05) vmx SVGA3dCaps: host, at power on (3d enabled)
2026-07-26T00:46:53.798Z In(05) vmx   cap[  0]: 0x00000001 (3D)
2026-07-26T00:46:53.798Z In(05) vmx   cap[  1]: 0x00000008 (MAX_LIGHTS)
2026-07-26T00:46:53.798Z In(05) vmx   cap[  2]: 0x00000008 (MAX_TEXTURES)
2026-07-26T00:46:53.798Z In(05) vmx   cap[  3]: 0x00000008 (MAX_CLIP_PLANES)
2026-07-26T00:46:53.798Z In(05) vmx   cap[  4]: 0x00000007 (VERTEX_SHADER_VERSION)
2026-07-26T00:46:53.798Z In(05) vmx   cap[  5]: 0x00000001 (VERTEX_SHADER)
2026-07-26T00:46:53.798Z In(05) vmx   cap[  6]: 0x0000000d (FRAGMENT_SHADER_VERSION)
2026-07-26T00:46:53.798Z In(05) vmx   cap[  7]: 0x00000001 (FRAGMENT_SHADER)
2026-07-26T00:46:53.798Z In(05) vmx   cap[  8]: 0x00000008 (MAX_RENDER_TARGETS)
2026-07-26T00:46:53.798Z In(05) vmx   cap[  9]: 0x00000001 (S23E8_TEXTURES)
2026-07-26T00:46:53.798Z In(05) vmx   cap[ 10]: 0x00000001 (S10E5_TEXTURES)
2026-07-26T00:46:53.798Z In(05) vmx   cap[ 11]: 0x00000004 (MAX_FIXED_VERTEXBLEND)
2026-07-26T00:46:53.798Z In(05) vmx   cap[ 12]: 0x00000001 (D16_BUFFER_FORMAT)
2026-07-26T00:46:53.798Z In(05) vmx   cap[ 13]: 0x00000001 (D24S8_BUFFER_FORMAT)
2026-07-26T00:46:53.798Z In(05) vmx   cap[ 14]: 0x00000001 (D24X8_BUFFER_FORMAT)
2026-07-26T00:46:53.798Z In(05) vmx   cap[ 15]: 0x00000001 (QUERY_TYPES)
2026-07-26T00:46:53.798Z In(05) vmx   cap[ 16]: 0x00000001 (TEXTURE_GRADIENT_SAMPLING)
2026-07-26T00:46:53.798Z In(05) vmx   cap[ 17]:   1.000000 (MAX_POINT_SIZE)
2026-07-26T00:46:53.798Z In(05) vmx   cap[ 18]: 0x00000014 (MAX_SHADER_TEXTURES)
2026-07-26T00:46:53.798Z In(05) vmx   cap[ 19]: 0x00004000 (MAX_TEXTURE_WIDTH)
2026-07-26T00:46:53.798Z In(05) vmx   cap[ 20]: 0x00004000 (MAX_TEXTURE_HEIGHT)
2026-07-26T00:46:53.798Z In(05) vmx   cap[ 21]: 0x00000800 (MAX_VOLUME_EXTENT)
2026-07-26T00:46:53.798Z In(05) vmx   cap[ 22]: 0x00004000 (MAX_TEXTURE_REPEAT)
2026-07-26T00:46:53.798Z In(05) vmx   cap[ 23]: 0x00004000 (MAX_TEXTURE_ASPECT_RATIO)
2026-07-26T00:46:53.798Z In(05) vmx   cap[ 24]: 0x00000010 (MAX_TEXTURE_ANISOTROPY)
2026-07-26T00:46:53.798Z In(05) vmx   cap[ 25]: 0x001fffff (MAX_PRIMITIVE_COUNT)
2026-07-26T00:46:53.798Z In(05) vmx   cap[ 26]: 0x000fffff (MAX_VERTEX_INDEX)
2026-07-26T00:46:53.798Z In(05) vmx   cap[ 27]: 0x0000ffff (MAX_VERTEX_SHADER_INSTRUCTIONS)
2026-07-26T00:46:53.798Z In(05) vmx   cap[ 28]: 0x0000ffff (MAX_FRAGMENT_SHADER_INSTRUCTIONS)
2026-07-26T00:46:53.798Z In(05) vmx   cap[ 29]: 0x00000020 (MAX_VERTEX_SHADER_TEMPS)
2026-07-26T00:46:53.798Z In(05) vmx   cap[ 30]: 0x00000020 (MAX_FRAGMENT_SHADER_TEMPS)
2026-07-26T00:46:53.798Z In(05) vmx   cap[ 31]: 0x03ffffff (TEXTURE_OPS)
2026-07-26T00:46:53.798Z In(05) vmx   cap[ 32]: 0x0018ec1f (SURFACEFMT_X8R8G8B8)
2026-07-26T00:46:53.798Z In(05) vmx   cap[ 33]: 0x0018e11f (SURFACEFMT_A8R8G8B8)
2026-07-26T00:46:53.798Z In(05) vmx   cap[ 34]: 0x0008601f (SURFACEFMT_A2R10G10B10)
2026-07-26T00:46:53.798Z In(05) vmx   cap[ 35]: 0x0008601f (SURFACEFMT_X1R5G5B5)
2026-07-26T00:46:53.798Z In(05) vmx   cap[ 36]: 0x0008611f (SURFACEFMT_A1R5G5B5)
2026-07-26T00:46:53.798Z In(05) vmx   cap[ 37]: 0x0000611f (SURFACEFMT_A4R4G4B4)
2026-07-26T00:46:53.798Z In(05) vmx   cap[ 38]: 0x0018ec1f (SURFACEFMT_R5G6B5)
2026-07-26T00:46:53.798Z In(05) vmx   cap[ 39]: 0x0000601f (SURFACEFMT_LUMINANCE16)
2026-07-26T00:46:53.798Z In(05) vmx   cap[ 40]: 0x00006007 (SURFACEFMT_LUMINANCE8_ALPHA8)
2026-07-26T00:46:53.798Z In(05) vmx   cap[ 41]: 0x0000601f (SURFACEFMT_ALPHA8)
2026-07-26T00:46:53.798Z In(05) vmx   cap[ 42]: 0x0000601f (SURFACEFMT_LUMINANCE8)
2026-07-26T00:46:53.798Z In(05) vmx   cap[ 43]: 0x000040c5 (SURFACEFMT_Z_D16)
2026-07-26T00:46:53.798Z In(05) vmx   cap[ 44]: 0x000040c5 (SURFACEFMT_Z_D24S8)
2026-07-26T00:46:53.798Z In(05) vmx   cap[ 45]: 0x000040c5 (SURFACEFMT_Z_D24X8)
2026-07-26T00:46:53.798Z In(05) vmx   cap[ 46]: 0x0000e005 (SURFACEFMT_DXT1)
2026-07-26T00:46:53.798Z In(05) vmx   cap[ 47]: 0x0000e005 (SURFACEFMT_DXT2)
2026-07-26T00:46:53.798Z In(05) vmx   cap[ 48]: 0x0000e005 (SURFACEFMT_DXT3)
2026-07-26T00:46:53.798Z In(05) vmx   cap[ 49]: 0x0000e005 (SURFACEFMT_DXT4)
2026-07-26T00:46:53.798Z In(05) vmx   cap[ 50]: 0x0000e005 (SURFACEFMT_DXT5)
2026-07-26T00:46:53.798Z In(05) vmx   cap[ 51]: 0x00014005 (SURFACEFMT_BUMPX8L8V8U8)
2026-07-26T00:46:53.798Z In(05) vmx   cap[ 52]: 0x00014007 (SURFACEFMT_A2W10V10U10)
2026-07-26T00:46:53.798Z In(05) vmx   cap[ 53]: 0x00014007 (SURFACEFMT_BUMPU8V8)
2026-07-26T00:46:53.798Z In(05) vmx   cap[ 54]: 0x00014005 (SURFACEFMT_Q8W8V8U8)
2026-07-26T00:46:53.798Z In(05) vmx   cap[ 55]: 0x00014001 (SURFACEFMT_CxV8U8)
2026-07-26T00:46:53.798Z In(05) vmx   cap[ 56]: 0x0080601f (SURFACEFMT_R_S10E5)
2026-07-26T00:46:53.798Z In(05) vmx   cap[ 57]: 0x0080601f (SURFACEFMT_R_S23E8)
2026-07-26T00:46:53.798Z In(05) vmx   cap[ 58]: 0x0080601f (SURFACEFMT_RG_S10E5)
2026-07-26T00:46:53.798Z In(05) vmx   cap[ 59]: 0x0080601f (SURFACEFMT_RG_S23E8)
2026-07-26T00:46:53.798Z In(05) vmx   cap[ 60]: 0x0080601f (SURFACEFMT_ARGB_S10E5)
2026-07-26T00:46:53.798Z In(05) vmx   cap[ 61]: 0x0080601f (SURFACEFMT_ARGB_S23E8)
2026-07-26T00:46:53.798Z In(05) vmx   cap[ 62]: 0x00000000 (MISSING62)
2026-07-26T00:46:53.798Z In(05) vmx   cap[ 63]: 0x00000004 (MAX_VERTEX_SHADER_TEXTURES)
2026-07-26T00:46:53.798Z In(05) vmx   cap[ 64]: 0x00000008 (MAX_SIMULTANEOUS_RENDER_TARGETS)
2026-07-26T00:46:53.798Z In(05) vmx   cap[ 65]: 0x00014007 (SURFACEFMT_V16U16)
2026-07-26T00:46:53.798Z In(05) vmx   cap[ 66]: 0x0000601f (SURFACEFMT_G16R16)
2026-07-26T00:46:53.798Z In(05) vmx   cap[ 67]: 0x0000601f (SURFACEFMT_A16B16G16R16)
2026-07-26T00:46:53.798Z In(05) vmx   cap[ 68]: 0x01246000 (SURFACEFMT_UYVY)
2026-07-26T00:46:53.798Z In(05) vmx   cap[ 69]: 0x01246000 (SURFACEFMT_YUY2)
2026-07-26T00:46:53.798Z In(05) vmx   cap[ 70]: 0x00000000 (DEAD4)
2026-07-26T00:46:53.798Z In(05) vmx   cap[ 71]: 0x00000000 (DEAD5)
2026-07-26T00:46:53.799Z In(05) vmx   cap[ 72]: 0x00000000 (DEAD7)
2026-07-26T00:46:53.799Z In(05) vmx   cap[ 73]: 0x00000000 (DEAD6)
2026-07-26T00:46:53.799Z In(05) vmx   cap[ 74]: 0x00000001 (AUTOGENMIPMAPS)
2026-07-26T00:46:53.799Z In(05) vmx   cap[ 75]: 0x01246000 (SURFACEFMT_NV12)
2026-07-26T00:46:53.799Z In(05) vmx   cap[ 76]: 0x00000000 (DEAD10)
2026-07-26T00:46:53.799Z In(05) vmx   cap[ 77]: 0x00000100 (MAX_CONTEXT_IDS)
2026-07-26T00:46:53.799Z In(05) vmx   cap[ 78]: 0x00008000 (MAX_SURFACE_IDS)
2026-07-26T00:46:53.799Z In(05) vmx   cap[ 79]: 0x000040c5 (SURFACEFMT_Z_DF16)
2026-07-26T00:46:53.799Z In(05) vmx   cap[ 80]: 0x000040c5 (SURFACEFMT_Z_DF24)
2026-07-26T00:46:53.799Z In(05) vmx   cap[ 81]: 0x000040c5 (SURFACEFMT_Z_D24S8_INT)
2026-07-26T00:46:53.799Z In(05) vmx   cap[ 82]: 0x00006005 (SURFACEFMT_ATI1)
2026-07-26T00:46:53.799Z In(05) vmx   cap[ 83]: 0x00006005 (SURFACEFMT_ATI2)
2026-07-26T00:46:53.799Z In(05) vmx   cap[ 84]: 0x00000000 (DEAD1)
2026-07-26T00:46:53.799Z In(05) vmx   cap[ 85]: 0x00000000 (DEAD8)
2026-07-26T00:46:53.799Z In(05) vmx   cap[ 86]: 0x00000000 (DEAD9)
2026-07-26T00:46:53.799Z In(05) vmx   cap[ 87]: 0x00000001 (LINE_AA)
2026-07-26T00:46:53.799Z In(05) vmx   cap[ 88]: 0x00000000 (LINE_STIPPLE)
2026-07-26T00:46:53.799Z In(05) vmx   cap[ 89]:  10.000000 (MAX_LINE_WIDTH)
2026-07-26T00:46:53.799Z In(05) vmx   cap[ 90]:  10.000000 (MAX_AA_LINE_WIDTH)
2026-07-26T00:46:53.799Z In(05) vmx   cap[ 91]: 0x01246000 (SURFACEFMT_YV12)
2026-07-26T00:46:53.799Z In(05) vmx   cap[ 92]: 0x00000000 (DEAD3)
2026-07-26T00:46:53.799Z In(05) vmx   cap[ 93]: 0x00000001 (TS_COLOR_KEY)
2026-07-26T00:46:53.799Z In(05) vmx   cap[ 94]: 0x00000000 (DEAD2)
2026-07-26T00:46:53.799Z In(05) vmx   cap[ 95]: 0x00000001 (DXCONTEXT)
2026-07-26T00:46:53.799Z In(05) vmx   cap[ 96]: 0x00000000 (DEAD11)
2026-07-26T00:46:53.799Z In(05) vmx   cap[ 97]: 0x00000010 (DX_MAX_VERTEXBUFFERS)
2026-07-26T00:46:53.799Z In(05) vmx   cap[ 98]: 0x0000000e (DX_MAX_CONSTANT_BUFFERS)
2026-07-26T00:46:53.799Z In(05) vmx   cap[ 99]: 0x00000000 (DX_PROVOKING_VERTEX)
2026-07-26T00:46:53.799Z In(05) vmx   cap[100]: 0x000002f7 (DXFMT_X8R8G8B8)
2026-07-26T00:46:53.799Z In(05) vmx   cap[101]: 0x000003f7 (DXFMT_A8R8G8B8)
2026-07-26T00:46:53.799Z In(05) vmx   cap[102]: 0x000002f7 (DXFMT_R5G6B5)
2026-07-26T00:46:53.799Z In(05) vmx   cap[103]: 0x000000f7 (DXFMT_X1R5G5B5)
2026-07-26T00:46:53.799Z In(05) vmx   cap[104]: 0x000000f7 (DXFMT_A1R5G5B5)
2026-07-26T00:46:53.799Z In(05) vmx   cap[105]: 0x000000f7 (DXFMT_A4R4G4B4)
2026-07-26T00:46:53.799Z In(05) vmx   cap[106]: 0x00000009 (DXFMT_Z_D32)
2026-07-26T00:46:53.799Z In(05) vmx   cap[107]: 0x0000026b (DXFMT_Z_D16)
2026-07-26T00:46:53.799Z In(05) vmx   cap[108]: 0x0000026b (DXFMT_Z_D24S8)
2026-07-26T00:46:53.799Z In(05) vmx   cap[109]: 0x0000000b (DXFMT_Z_D15S1)
2026-07-26T00:46:53.799Z In(05) vmx   cap[110]: 0x000000f7 (DXFMT_LUMINANCE8)
2026-07-26T00:46:53.799Z In(05) vmx   cap[111]: 0x000000e3 (DXFMT_LUMINANCE4_ALPHA4)
2026-07-26T00:46:53.799Z In(05) vmx   cap[112]: 0x000000f7 (DXFMT_LUMINANCE16)
2026-07-26T00:46:53.799Z In(05) vmx   cap[113]: 0x000000e3 (DXFMT_LUMINANCE8_ALPHA8)
2026-07-26T00:46:53.799Z In(05) vmx   cap[114]: 0x00000063 (DXFMT_DXT1)
2026-07-26T00:46:53.799Z In(05) vmx   cap[115]: 0x00000063 (DXFMT_DXT2)
2026-07-26T00:46:53.799Z In(05) vmx   cap[116]: 0x00000063 (DXFMT_DXT3)
2026-07-26T00:46:53.799Z In(05) vmx   cap[117]: 0x00000063 (DXFMT_DXT4)
2026-07-26T00:46:53.799Z In(05) vmx   cap[118]: 0x00000063 (DXFMT_DXT5)
2026-07-26T00:46:53.799Z In(05) vmx   cap[119]: 0x000000e3 (DXFMT_BUMPU8V8)
2026-07-26T00:46:53.799Z In(05) vmx   cap[120]: 0x00000000 (DXFMT_BUMPL6V5U5)
2026-07-26T00:46:53.799Z In(05) vmx   cap[121]: 0x00000063 (DXFMT_BUMPX8L8V8U8)
2026-07-26T00:46:53.799Z In(05) vmx   cap[122]: 0x00000000 (DXFMT_FORMAT_DEAD1)
2026-07-26T00:46:53.799Z In(05) vmx   cap[123]: 0x000003f7 (DXFMT_ARGB_S10E5)
2026-07-26T00:46:53.799Z In(05) vmx   cap[124]: 0x000003f7 (DXFMT_ARGB_S23E8)
2026-07-26T00:46:53.799Z In(05) vmx   cap[125]: 0x000003f7 (DXFMT_A2R10G10B10)
2026-07-26T00:46:53.799Z In(05) vmx   cap[126]: 0x000000e3 (DXFMT_V8U8)
2026-07-26T00:46:53.799Z In(05) vmx   cap[127]: 0x00000063 (DXFMT_Q8W8V8U8)
2026-07-26T00:46:53.799Z In(05) vmx   cap[128]: 0x00000063 (DXFMT_CxV8U8)
2026-07-26T00:46:53.799Z In(05) vmx   cap[129]: 0x000000e3 (DXFMT_X8L8V8U8)
2026-07-26T00:46:53.799Z In(05) vmx   cap[130]: 0x000000e3 (DXFMT_A2W10V10U10)
2026-07-26T00:46:53.799Z In(05) vmx   cap[131]: 0x000000f7 (DXFMT_ALPHA8)
2026-07-26T00:46:53.799Z In(05) vmx   cap[132]: 0x000003f7 (DXFMT_R_S10E5)
2026-07-26T00:46:53.799Z In(05) vmx   cap[133]: 0x000003f7 (DXFMT_R_S23E8)
2026-07-26T00:46:53.799Z In(05) vmx   cap[134]: 0x000003f7 (DXFMT_RG_S10E5)
2026-07-26T00:46:53.799Z In(05) vmx   cap[135]: 0x000003f7 (DXFMT_RG_S23E8)
2026-07-26T00:46:53.799Z In(05) vmx   cap[136]: 0x00000001 (DXFMT_BUFFER)
2026-07-26T00:46:53.799Z In(05) vmx   cap[137]: 0x0000026b (DXFMT_Z_D24X8)
2026-07-26T00:46:53.799Z In(05) vmx   cap[138]: 0x000001e3 (DXFMT_V16U16)
2026-07-26T00:46:53.799Z In(05) vmx   cap[139]: 0x000003f7 (DXFMT_G16R16)
2026-07-26T00:46:53.799Z In(05) vmx   cap[140]: 0x000001f7 (DXFMT_A16B16G16R16)
2026-07-26T00:46:53.799Z In(05) vmx   cap[141]: 0x00000001 (DXFMT_UYVY)
2026-07-26T00:46:53.799Z In(05) vmx   cap[142]: 0x00000041 (DXFMT_YUY2)
2026-07-26T00:46:53.799Z In(05) vmx   cap[143]: 0x00000041 (DXFMT_NV12)
2026-07-26T00:46:53.799Z In(05) vmx   cap[144]: 0x00000000 (DXFMT_FORMAT_DEAD2)
2026-07-26T00:46:53.799Z In(05) vmx   cap[145]: 0x000002e1 (DXFMT_R32G32B32A32_TYPELESS)
2026-07-26T00:46:53.799Z In(05) vmx   cap[146]: 0x000003e7 (DXFMT_R32G32B32A32_UINT)
2026-07-26T00:46:53.799Z In(05) vmx   cap[147]: 0x000003e7 (DXFMT_R32G32B32A32_SINT)
2026-07-26T00:46:53.799Z In(05) vmx   cap[148]: 0x000000e1 (DXFMT_R32G32B32_TYPELESS)
2026-07-26T00:46:53.799Z In(05) vmx   cap[149]: 0x000001e3 (DXFMT_R32G32B32_FLOAT)
2026-07-26T00:46:53.799Z In(05) vmx   cap[150]: 0x000001e3 (DXFMT_R32G32B32_UINT)
2026-07-26T00:46:53.799Z In(05) vmx   cap[151]: 0x000001e3 (DXFMT_R32G32B32_SINT)
2026-07-26T00:46:53.799Z In(05) vmx   cap[152]: 0x000002e1 (DXFMT_R16G16B16A16_TYPELESS)
2026-07-26T00:46:53.799Z In(05) vmx   cap[153]: 0x000003e7 (DXFMT_R16G16B16A16_UINT)
2026-07-26T00:46:53.800Z In(05) vmx   cap[154]: 0x000003f7 (DXFMT_R16G16B16A16_SNORM)
2026-07-26T00:46:53.800Z In(05) vmx   cap[155]: 0x000003e7 (DXFMT_R16G16B16A16_SINT)
2026-07-26T00:46:53.800Z In(05) vmx   cap[156]: 0x000002e1 (DXFMT_R32G32_TYPELESS)
2026-07-26T00:46:53.800Z In(05) vmx   cap[157]: 0x000003e7 (DXFMT_R32G32_UINT)
2026-07-26T00:46:53.800Z In(05) vmx   cap[158]: 0x000003e7 (DXFMT_R32G32_SINT)
2026-07-26T00:46:53.800Z In(05) vmx   cap[159]: 0x00000261 (DXFMT_R32G8X24_TYPELESS)
2026-07-26T00:46:53.800Z In(05) vmx   cap[160]: 0x00000269 (DXFMT_D32_FLOAT_S8X24_UINT)
2026-07-26T00:46:53.800Z In(05) vmx   cap[161]: 0x00000063 (DXFMT_R32_FLOAT_X8X24)
2026-07-26T00:46:53.800Z In(05) vmx   cap[162]: 0x00000063 (DXFMT_X32_G8X24_UINT)
2026-07-26T00:46:53.800Z In(05) vmx   cap[163]: 0x000002e1 (DXFMT_R10G10B10A2_TYPELESS)
2026-07-26T00:46:53.800Z In(05) vmx   cap[164]: 0x000003e7 (DXFMT_R10G10B10A2_UINT)
2026-07-26T00:46:53.800Z In(05) vmx   cap[165]: 0x000003f7 (DXFMT_R11G11B10_FLOAT)
2026-07-26T00:46:53.800Z In(05) vmx   cap[166]: 0x000002e1 (DXFMT_R8G8B8A8_TYPELESS)
2026-07-26T00:46:53.800Z In(05) vmx   cap[167]: 0x000003f7 (DXFMT_R8G8B8A8_UNORM)
2026-07-26T00:46:53.800Z In(05) vmx   cap[168]: 0x000002f7 (DXFMT_R8G8B8A8_UNORM_SRGB)
2026-07-26T00:46:53.800Z In(05) vmx   cap[169]: 0x000003e7 (DXFMT_R8G8B8A8_UINT)
2026-07-26T00:46:53.800Z In(05) vmx   cap[170]: 0x000003e7 (DXFMT_R8G8B8A8_SINT)
2026-07-26T00:46:53.800Z In(05) vmx   cap[171]: 0x000002e1 (DXFMT_R16G16_TYPELESS)
2026-07-26T00:46:53.800Z In(05) vmx   cap[172]: 0x000003e7 (DXFMT_R16G16_UINT)
2026-07-26T00:46:53.800Z In(05) vmx   cap[173]: 0x000003e7 (DXFMT_R16G16_SINT)
2026-07-26T00:46:53.800Z In(05) vmx   cap[174]: 0x000002e1 (DXFMT_R32_TYPELESS)
2026-07-26T00:46:53.800Z In(05) vmx   cap[175]: 0x00000269 (DXFMT_D32_FLOAT)
2026-07-26T00:46:53.800Z In(05) vmx   cap[176]: 0x000003e7 (DXFMT_R32_UINT)
2026-07-26T00:46:53.800Z In(05) vmx   cap[177]: 0x000003e7 (DXFMT_R32_SINT)
2026-07-26T00:46:53.800Z In(05) vmx   cap[178]: 0x00000261 (DXFMT_R24G8_TYPELESS)
2026-07-26T00:46:53.800Z In(05) vmx   cap[179]: 0x00000269 (DXFMT_D24_UNORM_S8_UINT)
2026-07-26T00:46:53.800Z In(05) vmx   cap[180]: 0x00000063 (DXFMT_R24_UNORM_X8)
2026-07-26T00:46:53.800Z In(05) vmx   cap[181]: 0x00000063 (DXFMT_X24_G8_UINT)
2026-07-26T00:46:53.800Z In(05) vmx   cap[182]: 0x000002e1 (DXFMT_R8G8_TYPELESS)
2026-07-26T00:46:53.800Z In(05) vmx   cap[183]: 0x000003f7 (DXFMT_R8G8_UNORM)
2026-07-26T00:46:53.800Z In(05) vmx   cap[184]: 0x000003e7 (DXFMT_R8G8_UINT)
2026-07-26T00:46:53.800Z In(05) vmx   cap[185]: 0x000003e7 (DXFMT_R8G8_SINT)
2026-07-26T00:46:53.800Z In(05) vmx   cap[186]: 0x000002e1 (DXFMT_R16_TYPELESS)
2026-07-26T00:46:53.800Z In(05) vmx   cap[187]: 0x000003f7 (DXFMT_R16_UNORM)
2026-07-26T00:46:53.800Z In(05) vmx   cap[188]: 0x000003e7 (DXFMT_R16_UINT)
2026-07-26T00:46:53.800Z In(05) vmx   cap[189]: 0x000003f7 (DXFMT_R16_SNORM)
2026-07-26T00:46:53.800Z In(05) vmx   cap[190]: 0x000003e7 (DXFMT_R16_SINT)
2026-07-26T00:46:53.800Z In(05) vmx   cap[191]: 0x000002e1 (DXFMT_R8_TYPELESS)
2026-07-26T00:46:53.800Z In(05) vmx   cap[192]: 0x000003f7 (DXFMT_R8_UNORM)
2026-07-26T00:46:53.800Z In(05) vmx   cap[193]: 0x000003e7 (DXFMT_R8_UINT)
2026-07-26T00:46:53.800Z In(05) vmx   cap[194]: 0x000003f7 (DXFMT_R8_SNORM)
2026-07-26T00:46:53.800Z In(05) vmx   cap[195]: 0x000003e7 (DXFMT_R8_SINT)
2026-07-26T00:46:53.800Z In(05) vmx   cap[196]: 0x00000001 (DXFMT_P8)
2026-07-26T00:46:53.800Z In(05) vmx   cap[197]: 0x000000e3 (DXFMT_R9G9B9E5_SHAREDEXP)
2026-07-26T00:46:53.800Z In(05) vmx   cap[198]: 0x000000e3 (DXFMT_R8G8_B8G8_UNORM)
2026-07-26T00:46:53.800Z In(05) vmx   cap[199]: 0x000000e3 (DXFMT_G8R8_G8B8_UNORM)
2026-07-26T00:46:53.800Z In(05) vmx   cap[200]: 0x000000e1 (DXFMT_BC1_TYPELESS)
2026-07-26T00:46:53.800Z In(05) vmx   cap[201]: 0x000000e3 (DXFMT_BC1_UNORM_SRGB)
2026-07-26T00:46:53.800Z In(05) vmx   cap[202]: 0x000000e1 (DXFMT_BC2_TYPELESS)
2026-07-26T00:46:53.800Z In(05) vmx   cap[203]: 0x000000e3 (DXFMT_BC2_UNORM_SRGB)
2026-07-26T00:46:53.800Z In(05) vmx   cap[204]: 0x000000e1 (DXFMT_BC3_TYPELESS)
2026-07-26T00:46:53.800Z In(05) vmx   cap[205]: 0x000000e3 (DXFMT_BC3_UNORM_SRGB)
2026-07-26T00:46:53.800Z In(05) vmx   cap[206]: 0x000000e1 (DXFMT_BC4_TYPELESS)
2026-07-26T00:46:53.800Z In(05) vmx   cap[207]: 0x00000063 (DXFMT_ATI1)
2026-07-26T00:46:53.800Z In(05) vmx   cap[208]: 0x000000e3 (DXFMT_BC4_SNORM)
2026-07-26T00:46:53.800Z In(05) vmx   cap[209]: 0x000000e1 (DXFMT_BC5_TYPELESS)
2026-07-26T00:46:53.800Z In(05) vmx   cap[210]: 0x00000063 (DXFMT_ATI2)
2026-07-26T00:46:53.800Z In(05) vmx   cap[211]: 0x000000e3 (DXFMT_BC5_SNORM)
2026-07-26T00:46:53.800Z In(05) vmx   cap[212]: 0x00000045 (DXFMT_R10G10B10_XR_BIAS_A2_UNORM)
2026-07-26T00:46:53.800Z In(05) vmx   cap[213]: 0x000002e1 (DXFMT_B8G8R8A8_TYPELESS)
2026-07-26T00:46:53.800Z In(05) vmx   cap[214]: 0x000002f7 (DXFMT_B8G8R8A8_UNORM_SRGB)
2026-07-26T00:46:53.800Z In(05) vmx   cap[215]: 0x000002e1 (DXFMT_B8G8R8X8_TYPELESS)
2026-07-26T00:46:53.800Z In(05) vmx   cap[216]: 0x000002f7 (DXFMT_B8G8R8X8_UNORM_SRGB)
2026-07-26T00:46:53.800Z In(05) vmx   cap[217]: 0x0000006b (DXFMT_Z_DF16)
2026-07-26T00:46:53.800Z In(05) vmx   cap[218]: 0x0000006b (DXFMT_Z_DF24)
2026-07-26T00:46:53.800Z In(05) vmx   cap[219]: 0x0000006b (DXFMT_Z_D24S8_INT)
2026-07-26T00:46:53.800Z In(05) vmx   cap[220]: 0x00000001 (DXFMT_YV12)
2026-07-26T00:46:53.800Z In(05) vmx   cap[221]: 0x000003f7 (DXFMT_R32G32B32A32_FLOAT)
2026-07-26T00:46:53.800Z In(05) vmx   cap[222]: 0x000003f7 (DXFMT_R16G16B16A16_FLOAT)
2026-07-26T00:46:53.800Z In(05) vmx   cap[223]: 0x000003f7 (DXFMT_R16G16B16A16_UNORM)
2026-07-26T00:46:53.800Z In(05) vmx   cap[224]: 0x000003f7 (DXFMT_R32G32_FLOAT)
2026-07-26T00:46:53.800Z In(05) vmx   cap[225]: 0x000003f7 (DXFMT_R10G10B10A2_UNORM)
2026-07-26T00:46:53.800Z In(05) vmx   cap[226]: 0x000003f7 (DXFMT_R8G8B8A8_SNORM)
2026-07-26T00:46:53.800Z In(05) vmx   cap[227]: 0x000003f7 (DXFMT_R16G16_FLOAT)
2026-07-26T00:46:53.800Z In(05) vmx   cap[228]: 0x000003f7 (DXFMT_R16G16_UNORM)
2026-07-26T00:46:53.800Z In(05) vmx   cap[229]: 0x000003f7 (DXFMT_R16G16_SNORM)
2026-07-26T00:46:53.800Z In(05) vmx   cap[230]: 0x000003f7 (DXFMT_R32_FLOAT)
2026-07-26T00:46:53.800Z In(05) vmx   cap[231]: 0x000003f7 (DXFMT_R8G8_SNORM)
2026-07-26T00:46:53.800Z In(05) vmx   cap[232]: 0x000003f7 (DXFMT_R16_FLOAT)
2026-07-26T00:46:53.800Z In(05) vmx   cap[233]: 0x00000269 (DXFMT_D16_UNORM)
2026-07-26T00:46:53.800Z In(05) vmx   cap[234]: 0x000002f7 (DXFMT_A8_UNORM)
2026-07-26T00:46:53.800Z In(05) vmx   cap[235]: 0x000000e3 (DXFMT_BC1_UNORM)
2026-07-26T00:46:53.800Z In(05) vmx   cap[236]: 0x000000e3 (DXFMT_BC2_UNORM)
2026-07-26T00:46:53.801Z In(05) vmx   cap[237]: 0x000000e3 (DXFMT_BC3_UNORM)
2026-07-26T00:46:53.801Z In(05) vmx   cap[238]: 0x000002f7 (DXFMT_B5G6R5_UNORM)
2026-07-26T00:46:53.801Z In(05) vmx   cap[239]: 0x000002f7 (DXFMT_B5G5R5A1_UNORM)
2026-07-26T00:46:53.801Z In(05) vmx   cap[240]: 0x000003f7 (DXFMT_B8G8R8A8_UNORM)
2026-07-26T00:46:53.801Z In(05) vmx   cap[241]: 0x000003f7 (DXFMT_B8G8R8X8_UNORM)
2026-07-26T00:46:53.801Z In(05) vmx   cap[242]: 0x000000e3 (DXFMT_BC4_UNORM)
2026-07-26T00:46:53.801Z In(05) vmx   cap[243]: 0x000000e3 (DXFMT_BC5_UNORM)
2026-07-26T00:46:53.801Z In(05) vmx   cap[244]: 0x00000001 (SM41)
2026-07-26T00:46:53.801Z In(05) vmx   cap[245]: 0x00000001 (MULTISAMPLE_2X)
2026-07-26T00:46:53.801Z In(05) vmx   cap[246]: 0x00000001 (MULTISAMPLE_4X)
2026-07-26T00:46:53.801Z In(05) vmx   cap[247]: 0x00000001 (MS_FULL_QUALITY)
2026-07-26T00:46:53.801Z In(05) vmx   cap[248]: 0x00000001 (LOGICOPS)
2026-07-26T00:46:53.801Z In(05) vmx   cap[249]: 0x00000001 (LOGIC_BLENDOPS)
2026-07-26T00:46:53.801Z In(05) vmx   cap[250]: 0x00000000 (DEAD12)
2026-07-26T00:46:53.801Z In(05) vmx   cap[251]: 0x000000e1 (DXFMT_BC6H_TYPELESS)
2026-07-26T00:46:53.801Z In(05) vmx   cap[252]: 0x000000e3 (DXFMT_BC6H_UF16)
2026-07-26T00:46:53.801Z In(05) vmx   cap[253]: 0x000000e3 (DXFMT_BC6H_SF16)
2026-07-26T00:46:53.801Z In(05) vmx   cap[254]: 0x000000e1 (DXFMT_BC7_TYPELESS)
2026-07-26T00:46:53.801Z In(05) vmx   cap[255]: 0x000000e3 (DXFMT_BC7_UNORM)
2026-07-26T00:46:53.801Z In(05) vmx   cap[256]: 0x000000e3 (DXFMT_BC7_UNORM_SRGB)
2026-07-26T00:46:53.801Z In(05) vmx   cap[257]: 0x00000000 (DEAD13)
2026-07-26T00:46:53.801Z In(05) vmx   cap[258]: 0x00000001 (SM5)
2026-07-26T00:46:53.801Z In(05) vmx   cap[259]: 0x00000001 (MULTISAMPLE_8X)
2026-07-26T00:46:53.801Z In(05) vmx   cap[260]: 0x00000010 (MAX_FORCED_SAMPLE_COUNT)
2026-07-26T00:46:53.801Z In(05) vmx   cap[261]: 0x00000000 (GL43)
2026-07-26T00:46:53.801Z In(05) vmx SVGA3dClamp:     Host Provides     BC67Level:     9 (    9,     9)
2026-07-26T00:46:53.801Z In(05) vmx SVGA3dClamp:     Host Provides BaseCapsLevel:     9 (    9,     9)
2026-07-26T00:46:53.801Z In(05) vmx SVGA3dClamp:     Host Provides    ClampLevel:     0 (    0,    10)
2026-07-26T00:46:53.801Z In(05) vmx SVGAFeature config id: 0
2026-07-26T00:46:53.801Z In(05) vmx SVGAFeature config svga.supports3D bool 1
2026-07-26T00:46:53.801Z In(05) vmx SVGAFeature config svga.baseCapsLevel num 9
2026-07-26T00:46:53.801Z In(05) vmx SVGAFeature config svga.maxPointSize num 1
2026-07-26T00:46:53.801Z In(05) vmx SVGAFeature config svga.maxTextureSize num 16384
2026-07-26T00:46:53.801Z In(05) vmx SVGAFeature config svga.maxVolumeExtent num 2048
2026-07-26T00:46:53.801Z In(05) vmx SVGAFeature config svga.maxTextureAnisotropy num 16
2026-07-26T00:46:53.801Z In(05) vmx SVGAFeature config svga.lineStipple bool 0
2026-07-26T00:46:53.801Z In(05) vmx SVGAFeature config svga.dxMaxConstantBuffers num 14
2026-07-26T00:46:53.801Z In(05) vmx SVGAFeature config svga.dxProvokingVertex bool 0
2026-07-26T00:46:53.801Z In(05) vmx SVGAFeature config svga.sm41 bool 1
2026-07-26T00:46:53.801Z In(05) vmx SVGAFeature config svga.multisample2x bool 1
2026-07-26T00:46:53.801Z In(05) vmx SVGAFeature config svga.multisample4x bool 1
2026-07-26T00:46:53.801Z In(05) vmx SVGAFeature config svga.msFullQuality bool 1
2026-07-26T00:46:53.801Z In(05) vmx SVGAFeature config svga.logicOps bool 1
2026-07-26T00:46:53.801Z In(05) vmx SVGAFeature config svga.bc67 num 9
2026-07-26T00:46:53.801Z In(05) vmx SVGAFeature config svga.sm5 bool 1
2026-07-26T00:46:53.801Z In(05) vmx SVGAFeature config svga.multisample8x bool 1
2026-07-26T00:46:53.801Z In(05) vmx SVGAFeature config svga.logicBlendOps bool 1
2026-07-26T00:46:53.801Z In(05) vmx SVGAFeature config svga.maxForcedSampleCount num 16
2026-07-26T00:46:53.801Z In(05) vmx SVGAFeature config svga.gl43 bool 0
2026-07-26T00:46:53.866Z In(05) vmx USB: Initializing 'UHCI' host controller.
2026-07-26T00:46:53.866Z In(05) vmx USB: PowerOnCreateDevice 'usb:0' #0, found port 1D7319383F0.
2026-07-26T00:46:53.866Z No(00) vmx ConfigDB: Setting usb:0.present = "TRUE"
2026-07-26T00:46:53.866Z No(00) vmx ConfigDB: Setting usb:0.deviceType = "hid"
2026-07-26T00:46:53.866Z No(00) vmx ConfigDB: Setting usb:0.port = "0"
2026-07-26T00:46:53.866Z No(00) vmx ConfigDB: Setting usb:0.parent = "-1"
2026-07-26T00:46:53.877Z In(05) vmx USB: PowerOnCreateDevice 'usb:1' #1, found port 1D731938428.
2026-07-26T00:46:53.877Z No(00) vmx ConfigDB: Setting usb:1.speed = "2"
2026-07-26T00:46:53.956Z In(05) vmx Ethernet0 MAC Address: 00:0c:29:45:81:cd
2026-07-26T00:46:53.958Z In(05) vmx Ethernet1 MAC Address: 00:0c:29:45:81:d7
2026-07-26T00:46:53.959Z In(05) vmx USB: Initializing 'EHCI' host controller.
2026-07-26T00:46:53.960Z No(00) vmx ConfigDB: Setting vmci0.id = "1229291981"
2026-07-26T00:46:53.973Z In(05) vmx AHCI:Successfully created adapter 'sata0' as num 0
2026-07-26T00:46:53.973Z In(05) vmx SCSI DEVICE (sata0:1): Computed value of sata0:1.useBounceBuffers: default
2026-07-26T00:46:53.973Z In(05) vmx DISKUTIL: sata0:1 : capacity=0 logical sector size=2048
2026-07-26T00:46:53.973Z In(05) vmx DISKUTIL: sata0:1 : geometry=0/0/0
2026-07-26T00:46:53.973Z In(05) vmx AHCI:Creating ATAPI CDROM on SATA adapter.
2026-07-26T00:46:53.973Z In(05) vmx AHCI:Successfully created device: sata0:1
2026-07-26T00:46:53.974Z No(00) vmx PowerOnTiming: Module DevicePowerOn took 287214 us
2026-07-26T00:46:53.978Z In(05) vmx WORKER: Creating new group with maxThreads=1 (35)
2026-07-26T00:46:53.978Z In(05) vmx DISKUTIL: scsi0:0 : max toolsVersion = 13322, type = 4
2026-07-26T00:46:53.978Z In(05) vmx TOOLS setting legacy tools version to '13322' type 4, manifest status is 9
2026-07-26T00:46:53.979Z In(05) worker-400 ToolsVersionGetStatusWorkerThread: Tools status 8 derived from environment
2026-07-26T00:46:53.979Z In(05) vmx Tools: sending 'OS_Resume' (state = 4) state change request
2026-07-26T00:46:53.979Z In(05) vmx Tools: Delaying state change request to state 4.
2026-07-26T00:46:53.979Z In(05) vmx TOOLS INSTALL initializing state to IDLE on power on.
2026-07-26T00:46:53.979Z In(05) vmx TOOLS INSTALL updating Rpc handlers registration.
2026-07-26T00:46:53.979Z In(05) vmx TOOLS INSTALL register RPC: upgrader.setGuestFileRoot
2026-07-26T00:46:53.979Z In(05) vmx TOOLS INSTALL register RPC: toolinstall.is_image_inserted
2026-07-26T00:46:53.979Z In(05) vmx TOOLS INSTALL register RPC: toolinstall.installerActive
2026-07-26T00:46:53.979Z In(05) vmx TOOLS INSTALL register RPC: guest.upgrader_send_cmd_line_args
2026-07-26T00:46:53.980Z In(05) vmx P9FS_PowerOn: 9PFS server is not enabled.
2026-07-26T00:46:53.980Z In(05) vmx HgfsServerManagerVigorInit: Initialize: dev api
2026-07-26T00:46:53.980Z In(05) vmx MKSBackdoor: Copy/paste enabled = 1
2026-07-26T00:46:53.981Z In(05) vmx DEPLOYPKG: No pending deploy package name set
2026-07-26T00:46:53.981Z In(05) vmx DEPLOYPKG: ToolsDeployPkgPublishState: state=0, code=0, message=(null)
2026-07-26T00:46:54.045Z In(05) vmx MonPmc: ctrBase 0x4c1 selBase 0x186/1 PGC 1/1 SMM 1 drain 0 AMD 0
2026-07-26T00:46:54.045Z In(05)+ vmx MonPmc:   gen counters num: 4 width 48 write width 48
2026-07-26T00:46:54.045Z In(05)+ vmx MonPmc:   fix counters num: 3 width 48; version 3
2026-07-26T00:46:54.045Z In(05)+ vmx MonPmc:   unavailable counters: 0x700000000
2026-07-26T00:46:54.046Z In(05) vmx CPT: Restoring checkpoint G:\VMs\Richard's Kali-b1cac1b8.vmss
2026-07-26T00:46:54.048Z In(05) vmx DUMPER: Restoring checkpoint version 8.
2026-07-26T00:46:54.525Z In(05) vmx PStrIntern expansion: nBkts=256
2026-07-26T00:46:54.575Z In(05) vmx Progress -1% (msg.checkpoint.restoreStatus)
2026-07-26T00:46:54.576Z In(05) vmx   restoring ConfigParams
2026-07-26T00:46:54.576Z In(05) vmx   restoring GuestVars
2026-07-26T00:46:54.601Z In(05) vmx   restoring A20
2026-07-26T00:46:54.601Z In(05) vmx   restoring BusMemSample
2026-07-26T00:46:54.601Z In(05) vmx   restoring UUIDVMX
2026-07-26T00:46:54.601Z In(05) vmx   restoring memory
2026-07-26T00:46:54.729Z In(05) vmx MainMem: Opened paging file, 'G:\VMs\Richard's Kali-b1cac1b8.vmem'.
2026-07-26T00:46:54.729Z In(05) vmx MemSched: caller 1 numvm 2 locked pages: num 1307271 max 3496448
2026-07-26T00:46:54.729Z In(05) vmx MemSched: locked Page Limit: host 3619023 config 3512832
2026-07-26T00:46:54.729Z In(05) vmx MemSched: minmempct 50  timestamp 766595
2026-07-26T00:46:54.729Z In(05) vmx MemSched: VM 0 min 799498 max 1585930 shares 1572864 paged 4141758 nonpaged 5326 anonymous 7740 locked 1305717 touchedPct 34 dirtiedPct 19 timestamp 766594 vmResponsive is 1
2026-07-26T00:46:54.729Z In(05) vmx MemSched: VM 1 min 273465 max 535609 shares 524288 paged 4141758 nonpaged 4723 anonymous 6598 locked 1554 touchedPct 0 dirtiedPct 0 timestamp 766595 vmResponsive is 1
2026-07-26T00:46:54.729Z In(05) vmx MemSched: locked 1554 target 535609 balloon 0 0 0 swapped 0 0 allocd 0 512 state 0 100
2026-07-26T00:46:54.729Z In(05) vmx MemSched: states: 0 1 : 1 0 : 2 0 : 3 0
2026-07-26T00:46:54.729Z In(05) vmx MemSched: Balloon enabled 1 guestType 0 maxSize 0
2026-07-26T00:46:55.154Z In(05) vmx Progress 0% (none)
2026-07-26T00:46:58.900Z In(05) vmx Progress 1% (none)
2026-07-26T00:46:59.960Z In(05) vmx Progress 2% (none)
2026-07-26T00:47:03.635Z In(05) vmx Progress 3% (none)
2026-07-26T00:47:06.382Z In(05) vmx Progress 4% (none)
2026-07-26T00:47:09.251Z In(05) vmx Progress 5% (none)
2026-07-26T00:47:11.736Z In(05) vmx Progress 6% (none)
2026-07-26T00:47:17.122Z In(05) vmx Progress 7% (none)
2026-07-26T00:47:20.189Z In(05) vmx Progress 8% (none)
2026-07-26T00:47:24.991Z In(05) vmx Progress 9% (none)
2026-07-26T00:47:28.851Z In(05) vmx Progress 10% (none)
2026-07-26T00:47:35.960Z In(05) vmx Progress 11% (none)
2026-07-26T00:47:38.687Z In(05) vmx Progress 12% (none)
2026-07-26T00:47:39.871Z In(05) vmx Progress 13% (none)
2026-07-26T00:47:47.450Z In(05) vmx Progress 14% (none)
2026-07-26T00:47:50.724Z In(05) vmx Progress 15% (none)
2026-07-26T00:47:51.377Z In(05) vmx Progress 16% (none)
2026-07-26T00:47:53.075Z In(05) vmx Progress 17% (none)
2026-07-26T00:47:54.874Z In(05) vmx Progress 18% (none)
2026-07-26T00:47:59.034Z In(05) vmx Progress 19% (none)
2026-07-26T00:48:01.859Z In(05) vmx Progress 20% (none)
2026-07-26T00:48:02.700Z In(05) vmx Progress 21% (none)
2026-07-26T00:48:03.634Z In(05) vmx Progress 22% (none)
2026-07-26T00:48:06.376Z In(05) vmx Progress 23% (none)
2026-07-26T00:48:07.833Z In(05) vmx Progress 24% (none)
2026-07-26T00:48:08.803Z In(05) vmx Progress 25% (none)
2026-07-26T00:48:10.227Z In(05) vmx Progress 26% (none)
2026-07-26T00:48:12.982Z In(05) vmx Progress 27% (none)
2026-07-26T00:48:15.287Z In(05) vmx Progress 28% (none)
2026-07-26T00:48:17.241Z In(05) vmx Progress 29% (none)
2026-07-26T00:48:18.064Z In(05) vmx Progress 30% (none)
2026-07-26T00:48:19.580Z In(05) vmx Progress 31% (none)
2026-07-26T00:48:20.915Z In(05) vmx Progress 32% (none)
2026-07-26T00:48:22.123Z In(05) vmx Progress 33% (none)
2026-07-26T00:48:23.027Z In(05) vmx Progress 34% (none)
2026-07-26T00:48:23.836Z In(05) vmx Progress 35% (none)
2026-07-26T00:48:24.720Z In(05) vmx Progress 36% (none)
2026-07-26T00:48:25.642Z In(05) vmx Progress 37% (none)
2026-07-26T00:48:26.803Z In(05) vmx Progress 38% (none)
2026-07-26T00:48:27.186Z In(05) vmx Progress 39% (none)
2026-07-26T00:48:28.182Z In(05) vmx Progress 40% (none)
2026-07-26T00:48:28.801Z In(05) vmx Progress 41% (none)
2026-07-26T00:48:29.333Z In(05) vmx Progress 42% (none)
2026-07-26T00:48:30.162Z In(05) vmx Progress 43% (none)
2026-07-26T00:48:30.525Z In(05) vmx Progress 44% (none)
2026-07-26T00:48:31.018Z In(05) vmx Progress 45% (none)
2026-07-26T00:48:31.615Z In(05) vmx Progress 46% (none)
2026-07-26T00:48:33.165Z In(05) vmx Progress 47% (none)
2026-07-26T00:48:34.198Z In(05) vmx Progress 48% (none)
2026-07-26T00:48:34.641Z In(05) vmx Progress 49% (none)
2026-07-26T00:48:35.117Z In(05) vmx Progress 50% (none)
2026-07-26T00:48:35.459Z In(05) vmx Progress 51% (none)
2026-07-26T00:48:36.017Z In(05) vmx Progress 52% (none)
2026-07-26T00:48:36.658Z In(05) vmx Progress 53% (none)
2026-07-26T00:48:37.219Z In(05) vmx Progress 54% (none)
2026-07-26T00:48:37.767Z In(05) vmx Progress 55% (none)
2026-07-26T00:48:38.477Z In(05) vmx Progress 56% (none)
2026-07-26T00:48:39.061Z In(05) vmx Progress 57% (none)
2026-07-26T00:48:39.611Z In(05) vmx Progress 58% (none)
2026-07-26T00:48:40.542Z In(05) vmx Progress 59% (none)
2026-07-26T00:48:41.808Z In(05) vmx Progress 60% (none)
2026-07-26T00:48:44.146Z In(05) vmx Progress 61% (none)
2026-07-26T00:48:44.844Z In(05) vmx Progress 62% (none)
2026-07-26T00:48:46.752Z In(05) vmx Progress 63% (none)
2026-07-26T00:48:47.755Z In(05) vmx Progress 64% (none)
2026-07-26T00:48:48.708Z In(05) vmx Progress 65% (none)
2026-07-26T00:48:49.437Z In(05) vmx Progress 66% (none)
2026-07-26T00:48:49.990Z In(05) vmx Progress 67% (none)
2026-07-26T00:48:51.686Z In(05) vmx Progress 68% (none)
2026-07-26T00:48:52.918Z In(05) vmx Progress 69% (none)
2026-07-26T00:48:53.259Z In(05) vmx Progress 70% (none)
2026-07-26T00:48:54.359Z In(05) vmx Progress 71% (none)
2026-07-26T00:48:55.164Z In(05) vmx Progress 72% (none)
2026-07-26T00:48:55.707Z In(05) vmx Progress 73% (none)
2026-07-26T00:48:56.289Z In(05) vmx Progress 74% (none)
2026-07-26T00:48:56.880Z In(05) vmx Progress 75% (none)
2026-07-26T00:48:57.789Z In(05) vmx Progress 76% (none)
2026-07-26T00:48:58.154Z In(05) vmx Progress 77% (none)
2026-07-26T00:48:59.579Z In(05) vmx Progress 78% (none)
2026-07-26T00:48:59.944Z In(05) vmx Progress 79% (none)
2026-07-26T00:49:00.790Z In(05) vmx Progress 80% (none)
2026-07-26T00:49:01.234Z In(05) vmx Progress 81% (none)
2026-07-26T00:49:03.003Z In(05) vmx Progress 82% (none)
2026-07-26T00:49:03.705Z In(05) vmx Progress 83% (none)
2026-07-26T00:49:04.530Z In(05) vmx Progress 84% (none)
2026-07-26T00:49:05.083Z In(05) vmx Progress 85% (none)
2026-07-26T00:49:05.423Z In(05) vmx Progress 86% (none)
2026-07-26T00:49:10.606Z In(05) vmx Progress 87% (none)
2026-07-26T00:49:16.162Z In(05) vmx Progress 88% (none)
2026-07-26T00:49:18.744Z In(05) vmx Progress 89% (none)
2026-07-26T00:49:19.425Z In(05) vmx Progress 90% (none)
2026-07-26T00:49:20.751Z In(05) vmx Progress 91% (none)
2026-07-26T00:49:21.254Z In(05) vmx Progress 92% (none)
2026-07-26T00:49:21.858Z In(05) vmx Progress 93% (none)
2026-07-26T00:49:22.971Z In(05) vmx Progress 94% (none)
2026-07-26T00:49:24.446Z In(05) vmx Progress 95% (none)
2026-07-26T00:49:26.781Z In(05) vmx Progress 96% (none)
2026-07-26T00:49:30.919Z In(05) vmx Progress 97% (none)
2026-07-26T00:49:32.306Z In(05) vmx MainMem: Prefetch 1938 MB from checkpoint (496288 hot, 264396 locked, lazy = 0).
2026-07-26T00:49:32.967Z In(05) vmx   restoring MStats
2026-07-26T00:49:34.523Z In(05) vmx   restoring Snapshot
2026-07-26T00:49:34.626Z In(05) vmx   restoring pic
2026-07-26T00:49:34.626Z In(05) vmx   restoring scsi0:0
2026-07-26T00:49:34.957Z In(05) vmx   restoring sata0:1
2026-07-26T00:49:34.957Z In(05) vmx   restoring FeatureCompat
2026-07-26T00:49:34.975Z In(05) vmx   restoring TimeTracker
2026-07-26T00:49:34.975Z In(05) vmx TimeTracker host to guest rate conversion 829551423689 @ 2793543000Hz -> 217231832425405 @ 2793543000Hz
2026-07-26T00:49:34.975Z In(05) vmx TimeTracker host to guest rate conversion ((x * 2147483648) >> 31) + 216402281001716
2026-07-26T00:49:35.014Z In(05) vmx Disabling TSC scaling since host does not support it.
2026-07-26T00:49:35.014Z In(05) vmx TSC offsetting enabled.
2026-07-26T00:49:35.014Z In(05) vmx timeTracker.globalProgressMaxAllowanceMS: 2000
2026-07-26T00:49:35.014Z In(05) vmx timeTracker.globalProgressToAllowanceNS: 1000
2026-07-26T00:49:35.014Z In(05) vmx   restoring Backdoor
2026-07-26T00:49:35.014Z In(05) vmx   restoring PCI
2026-07-26T00:49:35.014Z In(05) vmx   restoring ExtCfgDevice
2026-07-26T00:49:35.014Z In(05) vmx   restoring Cs440bx
2026-07-26T00:49:35.869Z In(05) vmx DUMPER: Item 'gpe.status' [2, -1] not found.
2026-07-26T00:49:35.869Z In(05) vmx DUMPER: Item 'gpe.enable' [2, -1] not found.
2026-07-26T00:49:35.869Z In(05) vmx   restoring AcpiNotify
2026-07-26T00:49:35.869Z In(05) vmx   restoring vcpuHotPlug
2026-07-26T00:49:35.869Z In(05) vmx   restoring MemoryHotplug
2026-07-26T00:49:35.869Z In(05) vmx   restoring devHP
2026-07-26T00:49:35.869Z In(05) vmx   restoring ACPIWake
2026-07-26T00:49:35.869Z In(05) vmx   restoring OEMDevice
2026-07-26T00:49:35.869Z In(05) vmx   restoring HotButton
2026-07-26T00:49:35.869Z In(05) vmx   restoring Timer
2026-07-26T00:49:35.869Z In(05) vmx   restoring ACPI
2026-07-26T00:49:35.869Z In(05) vmx   restoring XPMode
2026-07-26T00:49:35.869Z In(05) vmx   restoring DMA
2026-07-26T00:49:35.869Z In(05) vmx   restoring BackdoorAPM
2026-07-26T00:49:35.869Z In(05) vmx   restoring smram
2026-07-26T00:49:35.869Z In(05) vmx   restoring backdoorAbsMouse
2026-07-26T00:49:35.869Z In(05) vmx   restoring Keyboard
2026-07-26T00:49:35.870Z In(05) vmx   restoring SIO
2026-07-26T00:49:35.870Z In(05) vmx   restoring monitorLate
2026-07-26T00:49:35.870Z In(05) vmx   restoring vcpuNUMA
2026-07-26T00:49:35.870Z In(05) vmx   restoring devices
2026-07-26T00:49:36.000Z In(05) vmx   restoring configdbFT
2026-07-26T00:49:36.000Z In(05) vmx   restoring DevicesPowerOn
2026-07-26T00:49:36.000Z In(05) vmx   restoring PCIBridge0
2026-07-26T00:49:36.000Z In(05) vmx   restoring PCIBridge4
2026-07-26T00:49:36.000Z In(05) vmx   restoring pciBridge4:1
2026-07-26T00:49:36.000Z In(05) vmx   restoring pciBridge4:2
2026-07-26T00:49:36.000Z In(05) vmx   restoring pciBridge4:3
2026-07-26T00:49:36.000Z In(05) vmx   restoring pciBridge4:4
2026-07-26T00:49:36.000Z In(05) vmx   restoring pciBridge4:5
2026-07-26T00:49:36.000Z In(05) vmx   restoring pciBridge4:6
2026-07-26T00:49:36.000Z In(05) vmx   restoring pciBridge4:7
2026-07-26T00:49:36.000Z In(05) vmx   restoring PCIBridge5
2026-07-26T00:49:36.000Z In(05) vmx   restoring pciBridge5:1
2026-07-26T00:49:36.000Z In(05) vmx   restoring pciBridge5:2
2026-07-26T00:49:36.000Z In(05) vmx   restoring pciBridge5:3
2026-07-26T00:49:36.000Z In(05) vmx   restoring pciBridge5:4
2026-07-26T00:49:36.000Z In(05) vmx   restoring pciBridge5:5
2026-07-26T00:49:36.000Z In(05) vmx   restoring pciBridge5:6
2026-07-26T00:49:36.000Z In(05) vmx   restoring pciBridge5:7
2026-07-26T00:49:36.001Z In(05) vmx   restoring PCIBridge6
2026-07-26T00:49:36.001Z In(05) vmx   restoring pciBridge6:1
2026-07-26T00:49:36.001Z In(05) vmx   restoring pciBridge6:2
2026-07-26T00:49:36.001Z In(05) vmx   restoring pciBridge6:3
2026-07-26T00:49:36.001Z In(05) vmx   restoring pciBridge6:4
2026-07-26T00:49:36.001Z In(05) vmx   restoring pciBridge6:5
2026-07-26T00:49:36.001Z In(05) vmx   restoring pciBridge6:6
2026-07-26T00:49:36.001Z In(05) vmx   restoring pciBridge6:7
2026-07-26T00:49:36.001Z In(05) vmx   restoring PCIBridge7
2026-07-26T00:49:36.001Z In(05) vmx   restoring pciBridge7:1
2026-07-26T00:49:36.001Z In(05) vmx   restoring pciBridge7:2
2026-07-26T00:49:36.001Z In(05) vmx   restoring pciBridge7:3
2026-07-26T00:49:36.001Z In(05) vmx   restoring pciBridge7:4
2026-07-26T00:49:36.001Z In(05) vmx   restoring pciBridge7:5
2026-07-26T00:49:36.001Z In(05) vmx   restoring pciBridge7:6
2026-07-26T00:49:36.001Z In(05) vmx   restoring pciBridge7:7
2026-07-26T00:49:36.001Z In(05) vmx   restoring Migrate
2026-07-26T00:49:36.001Z In(05) vmx   restoring vide
2026-07-26T00:49:36.471Z In(05) vmx DUMPER: Block item 'monbuf' [0, -1] not found.
2026-07-26T00:49:36.471Z In(05) vmx DUMPER: Block item 'monbuf' [1, -1] not found.
2026-07-26T00:49:36.471Z In(05) vmx   restoring SCSI0
2026-07-26T00:49:36.472Z In(05) vmx   restoring VGA
2026-07-26T00:49:36.508Z In(05) vmx   restoring SVGA
2026-07-26T00:49:36.548Z In(05) vmx SVGA: Guest reported SVGA driver: (2, 101908494, 34930688, 0)
2026-07-26T00:49:36.548Z In(05) vmx SVGA-GFB: Allocated gfbSize=4194304
2026-07-26T00:49:36.548Z No(00) vmx ConfigDB: Setting vmotion.checkpointFBSize = "4194304"
2026-07-26T00:49:36.548Z No(00) vmx ConfigDB: Setting vmotion.checkpointSVGAPrimarySize = "268435456"
2026-07-26T00:49:36.908Z In(05) vmx SVGA3dCaps: guest, saved in checkpoint
2026-07-26T00:49:36.908Z In(05) vmx   cap[  0]: 0x00000001 (3D)
2026-07-26T00:49:36.908Z In(05) vmx   cap[  1]: 0x00000008 (MAX_LIGHTS)
2026-07-26T00:49:36.908Z In(05) vmx   cap[  2]: 0x00000008 (MAX_TEXTURES)
2026-07-26T00:49:36.908Z In(05) vmx   cap[  3]: 0x00000008 (MAX_CLIP_PLANES)
2026-07-26T00:49:36.908Z In(05) vmx   cap[  4]: 0x00000007 (VERTEX_SHADER_VERSION)
2026-07-26T00:49:36.908Z In(05) vmx   cap[  5]: 0x00000001 (VERTEX_SHADER)
2026-07-26T00:49:36.908Z In(05) vmx   cap[  6]: 0x0000000d (FRAGMENT_SHADER_VERSION)
2026-07-26T00:49:36.908Z In(05) vmx   cap[  7]: 0x00000001 (FRAGMENT_SHADER)
2026-07-26T00:49:36.908Z In(05) vmx   cap[  8]: 0x00000008 (MAX_RENDER_TARGETS)
2026-07-26T00:49:36.908Z In(05) vmx   cap[  9]: 0x00000001 (S23E8_TEXTURES)
2026-07-26T00:49:36.908Z In(05) vmx   cap[ 10]: 0x00000001 (S10E5_TEXTURES)
2026-07-26T00:49:36.908Z In(05) vmx   cap[ 11]: 0x00000004 (MAX_FIXED_VERTEXBLEND)
2026-07-26T00:49:36.908Z In(05) vmx   cap[ 12]: 0x00000001 (D16_BUFFER_FORMAT)
2026-07-26T00:49:36.908Z In(05) vmx   cap[ 13]: 0x00000001 (D24S8_BUFFER_FORMAT)
2026-07-26T00:49:36.908Z In(05) vmx   cap[ 14]: 0x00000001 (D24X8_BUFFER_FORMAT)
2026-07-26T00:49:36.908Z In(05) vmx   cap[ 15]: 0x00000001 (QUERY_TYPES)
2026-07-26T00:49:36.908Z In(05) vmx   cap[ 16]: 0x00000001 (TEXTURE_GRADIENT_SAMPLING)
2026-07-26T00:49:36.908Z In(05) vmx   cap[ 17]:   1.000000 (MAX_POINT_SIZE)
2026-07-26T00:49:36.908Z In(05) vmx   cap[ 18]: 0x00000014 (MAX_SHADER_TEXTURES)
2026-07-26T00:49:36.908Z In(05) vmx   cap[ 19]: 0x00004000 (MAX_TEXTURE_WIDTH)
2026-07-26T00:49:36.908Z In(05) vmx   cap[ 20]: 0x00004000 (MAX_TEXTURE_HEIGHT)
2026-07-26T00:49:36.908Z In(05) vmx   cap[ 21]: 0x00000800 (MAX_VOLUME_EXTENT)
2026-07-26T00:49:36.908Z In(05) vmx   cap[ 22]: 0x00004000 (MAX_TEXTURE_REPEAT)
2026-07-26T00:49:36.908Z In(05) vmx   cap[ 23]: 0x00004000 (MAX_TEXTURE_ASPECT_RATIO)
2026-07-26T00:49:36.908Z In(05) vmx   cap[ 24]: 0x00000010 (MAX_TEXTURE_ANISOTROPY)
2026-07-26T00:49:36.908Z In(05) vmx   cap[ 25]: 0x001fffff (MAX_PRIMITIVE_COUNT)
2026-07-26T00:49:36.908Z In(05) vmx   cap[ 26]: 0x000fffff (MAX_VERTEX_INDEX)
2026-07-26T00:49:36.908Z In(05) vmx   cap[ 27]: 0x0000ffff (MAX_VERTEX_SHADER_INSTRUCTIONS)
2026-07-26T00:49:36.908Z In(05) vmx   cap[ 28]: 0x0000ffff (MAX_FRAGMENT_SHADER_INSTRUCTIONS)
2026-07-26T00:49:36.908Z In(05) vmx   cap[ 29]: 0x00000020 (MAX_VERTEX_SHADER_TEMPS)
2026-07-26T00:49:36.908Z In(05) vmx   cap[ 30]: 0x00000020 (MAX_FRAGMENT_SHADER_TEMPS)
2026-07-26T00:49:36.908Z In(05) vmx   cap[ 31]: 0x03ffffff (TEXTURE_OPS)
2026-07-26T00:49:36.908Z In(05) vmx   cap[ 32]: 0x0018ec1f (SURFACEFMT_X8R8G8B8)
2026-07-26T00:49:36.908Z In(05) vmx   cap[ 33]: 0x0018e11f (SURFACEFMT_A8R8G8B8)
2026-07-26T00:49:36.908Z In(05) vmx   cap[ 34]: 0x0008601f (SURFACEFMT_A2R10G10B10)
2026-07-26T00:49:36.908Z In(05) vmx   cap[ 35]: 0x0008601f (SURFACEFMT_X1R5G5B5)
2026-07-26T00:49:36.908Z In(05) vmx   cap[ 36]: 0x0008611f (SURFACEFMT_A1R5G5B5)
2026-07-26T00:49:36.908Z In(05) vmx   cap[ 37]: 0x0000611f (SURFACEFMT_A4R4G4B4)
2026-07-26T00:49:36.908Z In(05) vmx   cap[ 38]: 0x0018ec1f (SURFACEFMT_R5G6B5)
2026-07-26T00:49:36.908Z In(05) vmx   cap[ 39]: 0x0000601f (SURFACEFMT_LUMINANCE16)
2026-07-26T00:49:36.908Z In(05) vmx   cap[ 40]: 0x00006007 (SURFACEFMT_LUMINANCE8_ALPHA8)
2026-07-26T00:49:36.908Z In(05) vmx   cap[ 41]: 0x0000601f (SURFACEFMT_ALPHA8)
2026-07-26T00:49:36.908Z In(05) vmx   cap[ 42]: 0x0000601f (SURFACEFMT_LUMINANCE8)
2026-07-26T00:49:36.908Z In(05) vmx   cap[ 43]: 0x000040c5 (SURFACEFMT_Z_D16)
2026-07-26T00:49:36.908Z In(05) vmx   cap[ 44]: 0x000040c5 (SURFACEFMT_Z_D24S8)
2026-07-26T00:49:36.908Z In(05) vmx   cap[ 45]: 0x000040c5 (SURFACEFMT_Z_D24X8)
2026-07-26T00:49:36.908Z In(05) vmx   cap[ 46]: 0x0000e005 (SURFACEFMT_DXT1)
2026-07-26T00:49:36.908Z In(05) vmx   cap[ 47]: 0x0000e005 (SURFACEFMT_DXT2)
2026-07-26T00:49:36.908Z In(05) vmx   cap[ 48]: 0x0000e005 (SURFACEFMT_DXT3)
2026-07-26T00:49:36.908Z In(05) vmx   cap[ 49]: 0x0000e005 (SURFACEFMT_DXT4)
2026-07-26T00:49:36.908Z In(05) vmx   cap[ 50]: 0x0000e005 (SURFACEFMT_DXT5)
2026-07-26T00:49:36.908Z In(05) vmx   cap[ 51]: 0x00014005 (SURFACEFMT_BUMPX8L8V8U8)
2026-07-26T00:49:36.908Z In(05) vmx   cap[ 52]: 0x00014007 (SURFACEFMT_A2W10V10U10)
2026-07-26T00:49:36.908Z In(05) vmx   cap[ 53]: 0x00014007 (SURFACEFMT_BUMPU8V8)
2026-07-26T00:49:36.908Z In(05) vmx   cap[ 54]: 0x00014005 (SURFACEFMT_Q8W8V8U8)
2026-07-26T00:49:36.908Z In(05) vmx   cap[ 55]: 0x00014001 (SURFACEFMT_CxV8U8)
2026-07-26T00:49:36.908Z In(05) vmx   cap[ 56]: 0x0080601f (SURFACEFMT_R_S10E5)
2026-07-26T00:49:36.908Z In(05) vmx   cap[ 57]: 0x0080601f (SURFACEFMT_R_S23E8)
2026-07-26T00:49:36.908Z In(05) vmx   cap[ 58]: 0x0080601f (SURFACEFMT_RG_S10E5)
2026-07-26T00:49:36.908Z In(05) vmx   cap[ 59]: 0x0080601f (SURFACEFMT_RG_S23E8)
2026-07-26T00:49:36.908Z In(05) vmx   cap[ 60]: 0x0080601f (SURFACEFMT_ARGB_S10E5)
2026-07-26T00:49:36.908Z In(05) vmx   cap[ 61]: 0x0080601f (SURFACEFMT_ARGB_S23E8)
2026-07-26T00:49:36.908Z In(05) vmx   cap[ 62]: 0x00000000 (MISSING62)
2026-07-26T00:49:36.908Z In(05) vmx   cap[ 63]: 0x00000004 (MAX_VERTEX_SHADER_TEXTURES)
2026-07-26T00:49:36.908Z In(05) vmx   cap[ 64]: 0x00000008 (MAX_SIMULTANEOUS_RENDER_TARGETS)
2026-07-26T00:49:36.908Z In(05) vmx   cap[ 65]: 0x00014007 (SURFACEFMT_V16U16)
2026-07-26T00:49:36.908Z In(05) vmx   cap[ 66]: 0x0000601f (SURFACEFMT_G16R16)
2026-07-26T00:49:36.908Z In(05) vmx   cap[ 67]: 0x0000601f (SURFACEFMT_A16B16G16R16)
2026-07-26T00:49:36.908Z In(05) vmx   cap[ 68]: 0x01246000 (SURFACEFMT_UYVY)
2026-07-26T00:49:36.908Z In(05) vmx   cap[ 69]: 0x01246000 (SURFACEFMT_YUY2)
2026-07-26T00:49:36.908Z In(05) vmx   cap[ 70]: 0x00000000 (DEAD4)
2026-07-26T00:49:36.908Z In(05) vmx   cap[ 71]: 0x00000000 (DEAD5)
2026-07-26T00:49:36.908Z In(05) vmx   cap[ 72]: 0x00000000 (DEAD7)
2026-07-26T00:49:36.909Z In(05) vmx   cap[ 73]: 0x00000000 (DEAD6)
2026-07-26T00:49:36.909Z In(05) vmx   cap[ 74]: 0x00000001 (AUTOGENMIPMAPS)
2026-07-26T00:49:36.909Z In(05) vmx   cap[ 75]: 0x01246000 (SURFACEFMT_NV12)
2026-07-26T00:49:36.909Z In(05) vmx   cap[ 76]: 0x00000000 (DEAD10)
2026-07-26T00:49:36.909Z In(05) vmx   cap[ 77]: 0x00000100 (MAX_CONTEXT_IDS)
2026-07-26T00:49:36.909Z In(05) vmx   cap[ 78]: 0x00008000 (MAX_SURFACE_IDS)
2026-07-26T00:49:36.909Z In(05) vmx   cap[ 79]: 0x000040c5 (SURFACEFMT_Z_DF16)
2026-07-26T00:49:36.909Z In(05) vmx   cap[ 80]: 0x000040c5 (SURFACEFMT_Z_DF24)
2026-07-26T00:49:36.909Z In(05) vmx   cap[ 81]: 0x000040c5 (SURFACEFMT_Z_D24S8_INT)
2026-07-26T00:49:36.909Z In(05) vmx   cap[ 82]: 0x00006005 (SURFACEFMT_ATI1)
2026-07-26T00:49:36.909Z In(05) vmx   cap[ 83]: 0x00006005 (SURFACEFMT_ATI2)
2026-07-26T00:49:36.909Z In(05) vmx   cap[ 84]: 0x00000000 (DEAD1)
2026-07-26T00:49:36.909Z In(05) vmx   cap[ 85]: 0x00000000 (DEAD8)
2026-07-26T00:49:36.909Z In(05) vmx   cap[ 86]: 0x00000000 (DEAD9)
2026-07-26T00:49:36.909Z In(05) vmx   cap[ 87]: 0x00000001 (LINE_AA)
2026-07-26T00:49:36.909Z In(05) vmx   cap[ 88]: 0x00000000 (LINE_STIPPLE)
2026-07-26T00:49:36.909Z In(05) vmx   cap[ 89]:  10.000000 (MAX_LINE_WIDTH)
2026-07-26T00:49:36.909Z In(05) vmx   cap[ 90]:  10.000000 (MAX_AA_LINE_WIDTH)
2026-07-26T00:49:36.909Z In(05) vmx   cap[ 91]: 0x01246000 (SURFACEFMT_YV12)
2026-07-26T00:49:36.909Z In(05) vmx   cap[ 92]: 0x00000000 (DEAD3)
2026-07-26T00:49:36.909Z In(05) vmx   cap[ 93]: 0x00000001 (TS_COLOR_KEY)
2026-07-26T00:49:36.909Z In(05) vmx   cap[ 94]: 0x00000000 (DEAD2)
2026-07-26T00:49:36.909Z In(05) vmx   cap[ 95]: 0x00000001 (DXCONTEXT)
2026-07-26T00:49:36.909Z In(05) vmx   cap[ 96]: 0x00000000 (DEAD11)
2026-07-26T00:49:36.909Z In(05) vmx   cap[ 97]: 0x00000010 (DX_MAX_VERTEXBUFFERS)
2026-07-26T00:49:36.909Z In(05) vmx   cap[ 98]: 0x0000000e (DX_MAX_CONSTANT_BUFFERS)
2026-07-26T00:49:36.909Z In(05) vmx   cap[ 99]: 0x00000000 (DX_PROVOKING_VERTEX)
2026-07-26T00:49:36.909Z In(05) vmx   cap[100]: 0x000002f7 (DXFMT_X8R8G8B8)
2026-07-26T00:49:36.909Z In(05) vmx   cap[101]: 0x000003f7 (DXFMT_A8R8G8B8)
2026-07-26T00:49:36.909Z In(05) vmx   cap[102]: 0x000002f7 (DXFMT_R5G6B5)
2026-07-26T00:49:36.909Z In(05) vmx   cap[103]: 0x000000f7 (DXFMT_X1R5G5B5)
2026-07-26T00:49:36.909Z In(05) vmx   cap[104]: 0x000000f7 (DXFMT_A1R5G5B5)
2026-07-26T00:49:36.909Z In(05) vmx   cap[105]: 0x000000f7 (DXFMT_A4R4G4B4)
2026-07-26T00:49:36.909Z In(05) vmx   cap[106]: 0x00000009 (DXFMT_Z_D32)
2026-07-26T00:49:36.909Z In(05) vmx   cap[107]: 0x0000026b (DXFMT_Z_D16)
2026-07-26T00:49:36.909Z In(05) vmx   cap[108]: 0x0000026b (DXFMT_Z_D24S8)
2026-07-26T00:49:36.909Z In(05) vmx   cap[109]: 0x0000000b (DXFMT_Z_D15S1)
2026-07-26T00:49:36.909Z In(05) vmx   cap[110]: 0x000000f7 (DXFMT_LUMINANCE8)
2026-07-26T00:49:36.909Z In(05) vmx   cap[111]: 0x000000e3 (DXFMT_LUMINANCE4_ALPHA4)
2026-07-26T00:49:36.909Z In(05) vmx   cap[112]: 0x000000f7 (DXFMT_LUMINANCE16)
2026-07-26T00:49:36.909Z In(05) vmx   cap[113]: 0x000000e3 (DXFMT_LUMINANCE8_ALPHA8)
2026-07-26T00:49:36.909Z In(05) vmx   cap[114]: 0x00000063 (DXFMT_DXT1)
2026-07-26T00:49:36.909Z In(05) vmx   cap[115]: 0x00000063 (DXFMT_DXT2)
2026-07-26T00:49:36.909Z In(05) vmx   cap[116]: 0x00000063 (DXFMT_DXT3)
2026-07-26T00:49:36.909Z In(05) vmx   cap[117]: 0x00000063 (DXFMT_DXT4)
2026-07-26T00:49:36.909Z In(05) vmx   cap[118]: 0x00000063 (DXFMT_DXT5)
2026-07-26T00:49:36.909Z In(05) vmx   cap[119]: 0x000000e3 (DXFMT_BUMPU8V8)
2026-07-26T00:49:36.909Z In(05) vmx   cap[120]: 0x00000000 (DXFMT_BUMPL6V5U5)
2026-07-26T00:49:36.909Z In(05) vmx   cap[121]: 0x00000063 (DXFMT_BUMPX8L8V8U8)
2026-07-26T00:49:36.909Z In(05) vmx   cap[122]: 0x00000000 (DXFMT_FORMAT_DEAD1)
2026-07-26T00:49:36.909Z In(05) vmx   cap[123]: 0x000003f7 (DXFMT_ARGB_S10E5)
2026-07-26T00:49:36.909Z In(05) vmx   cap[124]: 0x000003f7 (DXFMT_ARGB_S23E8)
2026-07-26T00:49:36.909Z In(05) vmx   cap[125]: 0x000003f7 (DXFMT_A2R10G10B10)
2026-07-26T00:49:36.909Z In(05) vmx   cap[126]: 0x000000e3 (DXFMT_V8U8)
2026-07-26T00:49:36.909Z In(05) vmx   cap[127]: 0x00000063 (DXFMT_Q8W8V8U8)
2026-07-26T00:49:36.909Z In(05) vmx   cap[128]: 0x00000063 (DXFMT_CxV8U8)
2026-07-26T00:49:36.909Z In(05) vmx   cap[129]: 0x000000e3 (DXFMT_X8L8V8U8)
2026-07-26T00:49:36.909Z In(05) vmx   cap[130]: 0x000000e3 (DXFMT_A2W10V10U10)
2026-07-26T00:49:36.909Z In(05) vmx   cap[131]: 0x000000f7 (DXFMT_ALPHA8)
2026-07-26T00:49:36.909Z In(05) vmx   cap[132]: 0x000003f7 (DXFMT_R_S10E5)
2026-07-26T00:49:36.909Z In(05) vmx   cap[133]: 0x000003f7 (DXFMT_R_S23E8)
2026-07-26T00:49:36.909Z In(05) vmx   cap[134]: 0x000003f7 (DXFMT_RG_S10E5)
2026-07-26T00:49:36.909Z In(05) vmx   cap[135]: 0x000003f7 (DXFMT_RG_S23E8)
2026-07-26T00:49:36.909Z In(05) vmx   cap[136]: 0x00000001 (DXFMT_BUFFER)
2026-07-26T00:49:36.909Z In(05) vmx   cap[137]: 0x0000026b (DXFMT_Z_D24X8)
2026-07-26T00:49:36.909Z In(05) vmx   cap[138]: 0x000001e3 (DXFMT_V16U16)
2026-07-26T00:49:36.909Z In(05) vmx   cap[139]: 0x000003f7 (DXFMT_G16R16)
2026-07-26T00:49:36.909Z In(05) vmx   cap[140]: 0x000001f7 (DXFMT_A16B16G16R16)
2026-07-26T00:49:36.909Z In(05) vmx   cap[141]: 0x00000001 (DXFMT_UYVY)
2026-07-26T00:49:36.909Z In(05) vmx   cap[142]: 0x00000041 (DXFMT_YUY2)
2026-07-26T00:49:36.909Z In(05) vmx   cap[143]: 0x00000041 (DXFMT_NV12)
2026-07-26T00:49:36.909Z In(05) vmx   cap[144]: 0x00000000 (DXFMT_FORMAT_DEAD2)
2026-07-26T00:49:36.909Z In(05) vmx   cap[145]: 0x000002e1 (DXFMT_R32G32B32A32_TYPELESS)
2026-07-26T00:49:36.910Z In(05) vmx   cap[146]: 0x000003e7 (DXFMT_R32G32B32A32_UINT)
2026-07-26T00:49:36.910Z In(05) vmx   cap[147]: 0x000003e7 (DXFMT_R32G32B32A32_SINT)
2026-07-26T00:49:36.910Z In(05) vmx   cap[148]: 0x000000e1 (DXFMT_R32G32B32_TYPELESS)
2026-07-26T00:49:36.910Z In(05) vmx   cap[149]: 0x000001e3 (DXFMT_R32G32B32_FLOAT)
2026-07-26T00:49:36.910Z In(05) vmx   cap[150]: 0x000001e3 (DXFMT_R32G32B32_UINT)
2026-07-26T00:49:36.910Z In(05) vmx   cap[151]: 0x000001e3 (DXFMT_R32G32B32_SINT)
2026-07-26T00:49:36.910Z In(05) vmx   cap[152]: 0x000002e1 (DXFMT_R16G16B16A16_TYPELESS)
2026-07-26T00:49:36.910Z In(05) vmx   cap[153]: 0x000003e7 (DXFMT_R16G16B16A16_UINT)
2026-07-26T00:49:36.910Z In(05) vmx   cap[154]: 0x000003f7 (DXFMT_R16G16B16A16_SNORM)
2026-07-26T00:49:36.910Z In(05) vmx   cap[155]: 0x000003e7 (DXFMT_R16G16B16A16_SINT)
2026-07-26T00:49:36.910Z In(05) vmx   cap[156]: 0x000002e1 (DXFMT_R32G32_TYPELESS)
2026-07-26T00:49:36.910Z In(05) vmx   cap[157]: 0x000003e7 (DXFMT_R32G32_UINT)
2026-07-26T00:49:36.910Z In(05) vmx   cap[158]: 0x000003e7 (DXFMT_R32G32_SINT)
2026-07-26T00:49:36.910Z In(05) vmx   cap[159]: 0x00000261 (DXFMT_R32G8X24_TYPELESS)
2026-07-26T00:49:36.910Z In(05) vmx   cap[160]: 0x00000269 (DXFMT_D32_FLOAT_S8X24_UINT)
2026-07-26T00:49:36.910Z In(05) vmx   cap[161]: 0x00000063 (DXFMT_R32_FLOAT_X8X24)
2026-07-26T00:49:36.910Z In(05) vmx   cap[162]: 0x00000063 (DXFMT_X32_G8X24_UINT)
2026-07-26T00:49:36.910Z In(05) vmx   cap[163]: 0x000002e1 (DXFMT_R10G10B10A2_TYPELESS)
2026-07-26T00:49:36.910Z In(05) vmx   cap[164]: 0x000003e7 (DXFMT_R10G10B10A2_UINT)
2026-07-26T00:49:36.910Z In(05) vmx   cap[165]: 0x000003f7 (DXFMT_R11G11B10_FLOAT)
2026-07-26T00:49:36.910Z In(05) vmx   cap[166]: 0x000002e1 (DXFMT_R8G8B8A8_TYPELESS)
2026-07-26T00:49:36.910Z In(05) vmx   cap[167]: 0x000003f7 (DXFMT_R8G8B8A8_UNORM)
2026-07-26T00:49:36.910Z In(05) vmx   cap[168]: 0x000002f7 (DXFMT_R8G8B8A8_UNORM_SRGB)
2026-07-26T00:49:36.910Z In(05) vmx   cap[169]: 0x000003e7 (DXFMT_R8G8B8A8_UINT)
2026-07-26T00:49:36.910Z In(05) vmx   cap[170]: 0x000003e7 (DXFMT_R8G8B8A8_SINT)
2026-07-26T00:49:36.910Z In(05) vmx   cap[171]: 0x000002e1 (DXFMT_R16G16_TYPELESS)
2026-07-26T00:49:36.910Z In(05) vmx   cap[172]: 0x000003e7 (DXFMT_R16G16_UINT)
2026-07-26T00:49:36.910Z In(05) vmx   cap[173]: 0x000003e7 (DXFMT_R16G16_SINT)
2026-07-26T00:49:36.910Z In(05) vmx   cap[174]: 0x000002e1 (DXFMT_R32_TYPELESS)
2026-07-26T00:49:36.910Z In(05) vmx   cap[175]: 0x00000269 (DXFMT_D32_FLOAT)
2026-07-26T00:49:36.910Z In(05) vmx   cap[176]: 0x000003e7 (DXFMT_R32_UINT)
2026-07-26T00:49:36.910Z In(05) vmx   cap[177]: 0x000003e7 (DXFMT_R32_SINT)
2026-07-26T00:49:36.910Z In(05) vmx   cap[178]: 0x00000261 (DXFMT_R24G8_TYPELESS)
2026-07-26T00:49:36.910Z In(05) vmx   cap[179]: 0x00000269 (DXFMT_D24_UNORM_S8_UINT)
2026-07-26T00:49:36.910Z In(05) vmx   cap[180]: 0x00000063 (DXFMT_R24_UNORM_X8)
2026-07-26T00:49:36.910Z In(05) vmx   cap[181]: 0x00000063 (DXFMT_X24_G8_UINT)
2026-07-26T00:49:36.910Z In(05) vmx   cap[182]: 0x000002e1 (DXFMT_R8G8_TYPELESS)
2026-07-26T00:49:36.910Z In(05) vmx   cap[183]: 0x000003f7 (DXFMT_R8G8_UNORM)
2026-07-26T00:49:36.910Z In(05) vmx   cap[184]: 0x000003e7 (DXFMT_R8G8_UINT)
2026-07-26T00:49:36.910Z In(05) vmx   cap[185]: 0x000003e7 (DXFMT_R8G8_SINT)
2026-07-26T00:49:36.910Z In(05) vmx   cap[186]: 0x000002e1 (DXFMT_R16_TYPELESS)
2026-07-26T00:49:36.910Z In(05) vmx   cap[187]: 0x000003f7 (DXFMT_R16_UNORM)
2026-07-26T00:49:36.910Z In(05) vmx   cap[188]: 0x000003e7 (DXFMT_R16_UINT)
2026-07-26T00:49:36.910Z In(05) vmx   cap[189]: 0x000003f7 (DXFMT_R16_SNORM)
2026-07-26T00:49:36.910Z In(05) vmx   cap[190]: 0x000003e7 (DXFMT_R16_SINT)
2026-07-26T00:49:36.910Z In(05) vmx   cap[191]: 0x000002e1 (DXFMT_R8_TYPELESS)
2026-07-26T00:49:36.910Z In(05) vmx   cap[192]: 0x000003f7 (DXFMT_R8_UNORM)
2026-07-26T00:49:36.910Z In(05) vmx   cap[193]: 0x000003e7 (DXFMT_R8_UINT)
2026-07-26T00:49:36.910Z In(05) vmx   cap[194]: 0x000003f7 (DXFMT_R8_SNORM)
2026-07-26T00:49:36.910Z In(05) vmx   cap[195]: 0x000003e7 (DXFMT_R8_SINT)
2026-07-26T00:49:36.910Z In(05) vmx   cap[196]: 0x00000001 (DXFMT_P8)
2026-07-26T00:49:36.910Z In(05) vmx   cap[197]: 0x000000e3 (DXFMT_R9G9B9E5_SHAREDEXP)
2026-07-26T00:49:36.910Z In(05) vmx   cap[198]: 0x000000e3 (DXFMT_R8G8_B8G8_UNORM)
2026-07-26T00:49:36.910Z In(05) vmx   cap[199]: 0x000000e3 (DXFMT_G8R8_G8B8_UNORM)
2026-07-26T00:49:36.910Z In(05) vmx   cap[200]: 0x000000e1 (DXFMT_BC1_TYPELESS)
2026-07-26T00:49:36.910Z In(05) vmx   cap[201]: 0x000000e3 (DXFMT_BC1_UNORM_SRGB)
2026-07-26T00:49:36.910Z In(05) vmx   cap[202]: 0x000000e1 (DXFMT_BC2_TYPELESS)
2026-07-26T00:49:36.910Z In(05) vmx   cap[203]: 0x000000e3 (DXFMT_BC2_UNORM_SRGB)
2026-07-26T00:49:36.910Z In(05) vmx   cap[204]: 0x000000e1 (DXFMT_BC3_TYPELESS)
2026-07-26T00:49:36.910Z In(05) vmx   cap[205]: 0x000000e3 (DXFMT_BC3_UNORM_SRGB)
2026-07-26T00:49:36.910Z In(05) vmx   cap[206]: 0x000000e1 (DXFMT_BC4_TYPELESS)
2026-07-26T00:49:36.910Z In(05) vmx   cap[207]: 0x00000063 (DXFMT_ATI1)
2026-07-26T00:49:36.910Z In(05) vmx   cap[208]: 0x000000e3 (DXFMT_BC4_SNORM)
2026-07-26T00:49:36.910Z In(05) vmx   cap[209]: 0x000000e1 (DXFMT_BC5_TYPELESS)
2026-07-26T00:49:36.910Z In(05) vmx   cap[210]: 0x00000063 (DXFMT_ATI2)
2026-07-26T00:49:36.910Z In(05) vmx   cap[211]: 0x000000e3 (DXFMT_BC5_SNORM)
2026-07-26T00:49:36.910Z In(05) vmx   cap[212]: 0x00000045 (DXFMT_R10G10B10_XR_BIAS_A2_UNORM)
2026-07-26T00:49:36.910Z In(05) vmx   cap[213]: 0x000002e1 (DXFMT_B8G8R8A8_TYPELESS)
2026-07-26T00:49:36.910Z In(05) vmx   cap[214]: 0x000002f7 (DXFMT_B8G8R8A8_UNORM_SRGB)
2026-07-26T00:49:36.910Z In(05) vmx   cap[215]: 0x000002e1 (DXFMT_B8G8R8X8_TYPELESS)
2026-07-26T00:49:36.910Z In(05) vmx   cap[216]: 0x000002f7 (DXFMT_B8G8R8X8_UNORM_SRGB)
2026-07-26T00:49:36.910Z In(05) vmx   cap[217]: 0x0000006b (DXFMT_Z_DF16)
2026-07-26T00:49:36.910Z In(05) vmx   cap[218]: 0x0000006b (DXFMT_Z_DF24)
2026-07-26T00:49:36.910Z In(05) vmx   cap[219]: 0x0000006b (DXFMT_Z_D24S8_INT)
2026-07-26T00:49:36.910Z In(05) vmx   cap[220]: 0x00000001 (DXFMT_YV12)
2026-07-26T00:49:36.910Z In(05) vmx   cap[221]: 0x000003f7 (DXFMT_R32G32B32A32_FLOAT)
2026-07-26T00:49:36.910Z In(05) vmx   cap[222]: 0x000003f7 (DXFMT_R16G16B16A16_FLOAT)
2026-07-26T00:49:36.910Z In(05) vmx   cap[223]: 0x000003f7 (DXFMT_R16G16B16A16_UNORM)
2026-07-26T00:49:36.910Z In(05) vmx   cap[224]: 0x000003f7 (DXFMT_R32G32_FLOAT)
2026-07-26T00:49:36.910Z In(05) vmx   cap[225]: 0x000003f7 (DXFMT_R10G10B10A2_UNORM)
2026-07-26T00:49:36.911Z In(05) vmx   cap[226]: 0x000003f7 (DXFMT_R8G8B8A8_SNORM)
2026-07-26T00:49:36.911Z In(05) vmx   cap[227]: 0x000003f7 (DXFMT_R16G16_FLOAT)
2026-07-26T00:49:36.911Z In(05) vmx   cap[228]: 0x000003f7 (DXFMT_R16G16_UNORM)
2026-07-26T00:49:36.911Z In(05) vmx   cap[229]: 0x000003f7 (DXFMT_R16G16_SNORM)
2026-07-26T00:49:36.911Z In(05) vmx   cap[230]: 0x000003f7 (DXFMT_R32_FLOAT)
2026-07-26T00:49:36.911Z In(05) vmx   cap[231]: 0x000003f7 (DXFMT_R8G8_SNORM)
2026-07-26T00:49:36.911Z In(05) vmx   cap[232]: 0x000003f7 (DXFMT_R16_FLOAT)
2026-07-26T00:49:36.911Z In(05) vmx   cap[233]: 0x00000269 (DXFMT_D16_UNORM)
2026-07-26T00:49:36.911Z In(05) vmx   cap[234]: 0x000002f7 (DXFMT_A8_UNORM)
2026-07-26T00:49:36.911Z In(05) vmx   cap[235]: 0x000000e3 (DXFMT_BC1_UNORM)
2026-07-26T00:49:36.911Z In(05) vmx   cap[236]: 0x000000e3 (DXFMT_BC2_UNORM)
2026-07-26T00:49:36.911Z In(05) vmx   cap[237]: 0x000000e3 (DXFMT_BC3_UNORM)
2026-07-26T00:49:36.911Z In(05) vmx   cap[238]: 0x000002f7 (DXFMT_B5G6R5_UNORM)
2026-07-26T00:49:36.911Z In(05) vmx   cap[239]: 0x000002f7 (DXFMT_B5G5R5A1_UNORM)
2026-07-26T00:49:36.911Z In(05) vmx   cap[240]: 0x000003f7 (DXFMT_B8G8R8A8_UNORM)
2026-07-26T00:49:36.911Z In(05) vmx   cap[241]: 0x000003f7 (DXFMT_B8G8R8X8_UNORM)
2026-07-26T00:49:36.911Z In(05) vmx   cap[242]: 0x000000e3 (DXFMT_BC4_UNORM)
2026-07-26T00:49:36.911Z In(05) vmx   cap[243]: 0x000000e3 (DXFMT_BC5_UNORM)
2026-07-26T00:49:36.911Z In(05) vmx   cap[244]: 0x00000001 (SM41)
2026-07-26T00:49:36.911Z In(05) vmx   cap[245]: 0x00000001 (MULTISAMPLE_2X)
2026-07-26T00:49:36.911Z In(05) vmx   cap[246]: 0x00000001 (MULTISAMPLE_4X)
2026-07-26T00:49:36.911Z In(05) vmx   cap[247]: 0x00000001 (MS_FULL_QUALITY)
2026-07-26T00:49:36.911Z In(05) vmx   cap[248]: 0x00000001 (LOGICOPS)
2026-07-26T00:49:36.911Z In(05) vmx   cap[249]: 0x00000001 (LOGIC_BLENDOPS)
2026-07-26T00:49:36.911Z In(05) vmx   cap[250]: 0x00000000 (DEAD12)
2026-07-26T00:49:36.911Z In(05) vmx   cap[251]: 0x000000e1 (DXFMT_BC6H_TYPELESS)
2026-07-26T00:49:36.911Z In(05) vmx   cap[252]: 0x000000e3 (DXFMT_BC6H_UF16)
2026-07-26T00:49:36.911Z In(05) vmx   cap[253]: 0x000000e3 (DXFMT_BC6H_SF16)
2026-07-26T00:49:36.911Z In(05) vmx   cap[254]: 0x000000e1 (DXFMT_BC7_TYPELESS)
2026-07-26T00:49:36.911Z In(05) vmx   cap[255]: 0x000000e3 (DXFMT_BC7_UNORM)
2026-07-26T00:49:36.911Z In(05) vmx   cap[256]: 0x000000e3 (DXFMT_BC7_UNORM_SRGB)
2026-07-26T00:49:36.911Z In(05) vmx   cap[257]: 0x00000000 (DEAD13)
2026-07-26T00:49:36.911Z In(05) vmx   cap[258]: 0x00000001 (SM5)
2026-07-26T00:49:36.911Z In(05) vmx   cap[259]: 0x00000001 (MULTISAMPLE_8X)
2026-07-26T00:49:36.911Z In(05) vmx   cap[260]: 0x00000010 (MAX_FORCED_SAMPLE_COUNT)
2026-07-26T00:49:36.911Z In(05) vmx   cap[261]: 0x00000000 (GL43)
2026-07-26T00:49:36.911Z In(05) vmx SVGA3dCaps: guest, at resume
2026-07-26T00:49:36.911Z In(05) vmx   cap[  0]: 0x00000001 (3D)
2026-07-26T00:49:36.911Z In(05) vmx   cap[  1]: 0x00000008 (MAX_LIGHTS)
2026-07-26T00:49:36.911Z In(05) vmx   cap[  2]: 0x00000008 (MAX_TEXTURES)
2026-07-26T00:49:36.911Z In(05) vmx   cap[  3]: 0x00000008 (MAX_CLIP_PLANES)
2026-07-26T00:49:36.911Z In(05) vmx   cap[  4]: 0x00000007 (VERTEX_SHADER_VERSION)
2026-07-26T00:49:36.911Z In(05) vmx   cap[  5]: 0x00000001 (VERTEX_SHADER)
2026-07-26T00:49:36.911Z In(05) vmx   cap[  6]: 0x0000000d (FRAGMENT_SHADER_VERSION)
2026-07-26T00:49:36.911Z In(05) vmx   cap[  7]: 0x00000001 (FRAGMENT_SHADER)
2026-07-26T00:49:36.911Z In(05) vmx   cap[  8]: 0x00000008 (MAX_RENDER_TARGETS)
2026-07-26T00:49:36.911Z In(05) vmx   cap[  9]: 0x00000001 (S23E8_TEXTURES)
2026-07-26T00:49:36.911Z In(05) vmx   cap[ 10]: 0x00000001 (S10E5_TEXTURES)
2026-07-26T00:49:36.911Z In(05) vmx   cap[ 11]: 0x00000004 (MAX_FIXED_VERTEXBLEND)
2026-07-26T00:49:36.911Z In(05) vmx   cap[ 12]: 0x00000001 (D16_BUFFER_FORMAT)
2026-07-26T00:49:36.911Z In(05) vmx   cap[ 13]: 0x00000001 (D24S8_BUFFER_FORMAT)
2026-07-26T00:49:36.911Z In(05) vmx   cap[ 14]: 0x00000001 (D24X8_BUFFER_FORMAT)
2026-07-26T00:49:36.911Z In(05) vmx   cap[ 15]: 0x00000001 (QUERY_TYPES)
2026-07-26T00:49:36.911Z In(05) vmx   cap[ 16]: 0x00000001 (TEXTURE_GRADIENT_SAMPLING)
2026-07-26T00:49:36.911Z In(05) vmx   cap[ 17]:   1.000000 (MAX_POINT_SIZE)
2026-07-26T00:49:36.911Z In(05) vmx   cap[ 18]: 0x00000014 (MAX_SHADER_TEXTURES)
2026-07-26T00:49:36.911Z In(05) vmx   cap[ 19]: 0x00004000 (MAX_TEXTURE_WIDTH)
2026-07-26T00:49:36.911Z In(05) vmx   cap[ 20]: 0x00004000 (MAX_TEXTURE_HEIGHT)
2026-07-26T00:49:36.911Z In(05) vmx   cap[ 21]: 0x00000800 (MAX_VOLUME_EXTENT)
2026-07-26T00:49:36.911Z In(05) vmx   cap[ 22]: 0x00004000 (MAX_TEXTURE_REPEAT)
2026-07-26T00:49:36.911Z In(05) vmx   cap[ 23]: 0x00004000 (MAX_TEXTURE_ASPECT_RATIO)
2026-07-26T00:49:36.911Z In(05) vmx   cap[ 24]: 0x00000010 (MAX_TEXTURE_ANISOTROPY)
2026-07-26T00:49:36.911Z In(05) vmx   cap[ 25]: 0x001fffff (MAX_PRIMITIVE_COUNT)
2026-07-26T00:49:36.911Z In(05) vmx   cap[ 26]: 0x000fffff (MAX_VERTEX_INDEX)
2026-07-26T00:49:36.911Z In(05) vmx   cap[ 27]: 0x0000ffff (MAX_VERTEX_SHADER_INSTRUCTIONS)
2026-07-26T00:49:36.911Z In(05) vmx   cap[ 28]: 0x0000ffff (MAX_FRAGMENT_SHADER_INSTRUCTIONS)
2026-07-26T00:49:36.911Z In(05) vmx   cap[ 29]: 0x00000020 (MAX_VERTEX_SHADER_TEMPS)
2026-07-26T00:49:36.911Z In(05) vmx   cap[ 30]: 0x00000020 (MAX_FRAGMENT_SHADER_TEMPS)
2026-07-26T00:49:36.911Z In(05) vmx   cap[ 31]: 0x03ffffff (TEXTURE_OPS)
2026-07-26T00:49:36.911Z In(05) vmx   cap[ 32]: 0x0018ec1f (SURFACEFMT_X8R8G8B8)
2026-07-26T00:49:36.912Z In(05) vmx   cap[ 33]: 0x0018e11f (SURFACEFMT_A8R8G8B8)
2026-07-26T00:49:36.912Z In(05) vmx   cap[ 34]: 0x0008601f (SURFACEFMT_A2R10G10B10)
2026-07-26T00:49:36.912Z In(05) vmx   cap[ 35]: 0x0008601f (SURFACEFMT_X1R5G5B5)
2026-07-26T00:49:36.912Z In(05) vmx   cap[ 36]: 0x0008611f (SURFACEFMT_A1R5G5B5)
2026-07-26T00:49:36.912Z In(05) vmx   cap[ 37]: 0x0000611f (SURFACEFMT_A4R4G4B4)
2026-07-26T00:49:36.912Z In(05) vmx   cap[ 38]: 0x0018ec1f (SURFACEFMT_R5G6B5)
2026-07-26T00:49:36.912Z In(05) vmx   cap[ 39]: 0x0000601f (SURFACEFMT_LUMINANCE16)
2026-07-26T00:49:36.912Z In(05) vmx   cap[ 40]: 0x00006007 (SURFACEFMT_LUMINANCE8_ALPHA8)
2026-07-26T00:49:36.912Z In(05) vmx   cap[ 41]: 0x0000601f (SURFACEFMT_ALPHA8)
2026-07-26T00:49:36.912Z In(05) vmx   cap[ 42]: 0x0000601f (SURFACEFMT_LUMINANCE8)
2026-07-26T00:49:36.912Z In(05) vmx   cap[ 43]: 0x000040c5 (SURFACEFMT_Z_D16)
2026-07-26T00:49:36.912Z In(05) vmx   cap[ 44]: 0x000040c5 (SURFACEFMT_Z_D24S8)
2026-07-26T00:49:36.912Z In(05) vmx   cap[ 45]: 0x000040c5 (SURFACEFMT_Z_D24X8)
2026-07-26T00:49:36.912Z In(05) vmx   cap[ 46]: 0x0000e005 (SURFACEFMT_DXT1)
2026-07-26T00:49:36.912Z In(05) vmx   cap[ 47]: 0x0000e005 (SURFACEFMT_DXT2)
2026-07-26T00:49:36.912Z In(05) vmx   cap[ 48]: 0x0000e005 (SURFACEFMT_DXT3)
2026-07-26T00:49:36.912Z In(05) vmx   cap[ 49]: 0x0000e005 (SURFACEFMT_DXT4)
2026-07-26T00:49:36.912Z In(05) vmx   cap[ 50]: 0x0000e005 (SURFACEFMT_DXT5)
2026-07-26T00:49:36.912Z In(05) vmx   cap[ 51]: 0x00014005 (SURFACEFMT_BUMPX8L8V8U8)
2026-07-26T00:49:36.912Z In(05) vmx   cap[ 52]: 0x00014007 (SURFACEFMT_A2W10V10U10)
2026-07-26T00:49:36.912Z In(05) vmx   cap[ 53]: 0x00014007 (SURFACEFMT_BUMPU8V8)
2026-07-26T00:49:36.912Z In(05) vmx   cap[ 54]: 0x00014005 (SURFACEFMT_Q8W8V8U8)
2026-07-26T00:49:36.912Z In(05) vmx   cap[ 55]: 0x00014001 (SURFACEFMT_CxV8U8)
2026-07-26T00:49:36.939Z In(05) vmx   cap[ 56]: 0x0080601f (SURFACEFMT_R_S10E5)
2026-07-26T00:49:36.939Z In(05) vmx   cap[ 57]: 0x0080601f (SURFACEFMT_R_S23E8)
2026-07-26T00:49:36.939Z In(05) vmx   cap[ 58]: 0x0080601f (SURFACEFMT_RG_S10E5)
2026-07-26T00:49:36.939Z In(05) vmx   cap[ 59]: 0x0080601f (SURFACEFMT_RG_S23E8)
2026-07-26T00:49:36.939Z In(05) vmx   cap[ 60]: 0x0080601f (SURFACEFMT_ARGB_S10E5)
2026-07-26T00:49:36.939Z In(05) vmx   cap[ 61]: 0x0080601f (SURFACEFMT_ARGB_S23E8)
2026-07-26T00:49:36.939Z In(05) vmx   cap[ 63]: 0x00000004 (MAX_VERTEX_SHADER_TEXTURES)
2026-07-26T00:49:36.939Z In(05) vmx   cap[ 64]: 0x00000008 (MAX_SIMULTANEOUS_RENDER_TARGETS)
2026-07-26T00:49:36.939Z In(05) vmx   cap[ 65]: 0x00014007 (SURFACEFMT_V16U16)
2026-07-26T00:49:36.939Z In(05) vmx   cap[ 66]: 0x0000601f (SURFACEFMT_G16R16)
2026-07-26T00:49:36.939Z In(05) vmx   cap[ 67]: 0x0000601f (SURFACEFMT_A16B16G16R16)
2026-07-26T00:49:36.939Z In(05) vmx   cap[ 68]: 0x01246000 (SURFACEFMT_UYVY)
2026-07-26T00:49:36.939Z In(05) vmx   cap[ 69]: 0x01246000 (SURFACEFMT_YUY2)
2026-07-26T00:49:36.939Z In(05) vmx   cap[ 74]: 0x00000001 (AUTOGENMIPMAPS)
2026-07-26T00:49:36.939Z In(05) vmx   cap[ 75]: 0x01246000 (SURFACEFMT_NV12)
2026-07-26T00:49:36.939Z In(05) vmx   cap[ 77]: 0x00000100 (MAX_CONTEXT_IDS)
2026-07-26T00:49:36.939Z In(05) vmx   cap[ 78]: 0x00008000 (MAX_SURFACE_IDS)
2026-07-26T00:49:36.939Z In(05) vmx   cap[ 79]: 0x000040c5 (SURFACEFMT_Z_DF16)
2026-07-26T00:49:36.939Z In(05) vmx   cap[ 80]: 0x000040c5 (SURFACEFMT_Z_DF24)
2026-07-26T00:49:36.939Z In(05) vmx   cap[ 81]: 0x000040c5 (SURFACEFMT_Z_D24S8_INT)
2026-07-26T00:49:36.939Z In(05) vmx   cap[ 82]: 0x00006005 (SURFACEFMT_ATI1)
2026-07-26T00:49:36.939Z In(05) vmx   cap[ 83]: 0x00006005 (SURFACEFMT_ATI2)
2026-07-26T00:49:36.939Z In(05) vmx   cap[ 87]: 0x00000001 (LINE_AA)
2026-07-26T00:49:36.939Z In(05) vmx   cap[ 89]:  10.000000 (MAX_LINE_WIDTH)
2026-07-26T00:49:36.939Z In(05) vmx   cap[ 90]:  10.000000 (MAX_AA_LINE_WIDTH)
2026-07-26T00:49:36.939Z In(05) vmx   cap[ 91]: 0x01246000 (SURFACEFMT_YV12)
2026-07-26T00:49:36.939Z In(05) vmx   cap[ 93]: 0x00000001 (TS_COLOR_KEY)
2026-07-26T00:49:36.939Z In(05) vmx   cap[ 95]: 0x00000001 (DXCONTEXT)
2026-07-26T00:49:36.939Z In(05) vmx   cap[ 97]: 0x00000010 (DX_MAX_VERTEXBUFFERS)
2026-07-26T00:49:36.939Z In(05) vmx   cap[ 98]: 0x0000000e (DX_MAX_CONSTANT_BUFFERS)
2026-07-26T00:49:36.939Z In(05) vmx   cap[100]: 0x000002f7 (DXFMT_X8R8G8B8)
2026-07-26T00:49:36.939Z In(05) vmx   cap[101]: 0x000003f7 (DXFMT_A8R8G8B8)
2026-07-26T00:49:36.939Z In(05) vmx   cap[102]: 0x000002f7 (DXFMT_R5G6B5)
2026-07-26T00:49:36.939Z In(05) vmx   cap[103]: 0x000000f7 (DXFMT_X1R5G5B5)
2026-07-26T00:49:36.939Z In(05) vmx   cap[104]: 0x000000f7 (DXFMT_A1R5G5B5)
2026-07-26T00:49:36.939Z In(05) vmx   cap[105]: 0x000000f7 (DXFMT_A4R4G4B4)
2026-07-26T00:49:36.939Z In(05) vmx   cap[106]: 0x00000009 (DXFMT_Z_D32)
2026-07-26T00:49:36.939Z In(05) vmx   cap[107]: 0x0000026b (DXFMT_Z_D16)
2026-07-26T00:49:36.939Z In(05) vmx   cap[108]: 0x0000026b (DXFMT_Z_D24S8)
2026-07-26T00:49:36.939Z In(05) vmx   cap[109]: 0x0000000b (DXFMT_Z_D15S1)
2026-07-26T00:49:36.939Z In(05) vmx   cap[110]: 0x000000f7 (DXFMT_LUMINANCE8)
2026-07-26T00:49:36.939Z In(05) vmx   cap[111]: 0x000000e3 (DXFMT_LUMINANCE4_ALPHA4)
2026-07-26T00:49:36.939Z In(05) vmx   cap[112]: 0x000000f7 (DXFMT_LUMINANCE16)
2026-07-26T00:49:36.939Z In(05) vmx   cap[113]: 0x000000e3 (DXFMT_LUMINANCE8_ALPHA8)
2026-07-26T00:49:36.939Z In(05) vmx   cap[114]: 0x00000063 (DXFMT_DXT1)
2026-07-26T00:49:36.939Z In(05) vmx   cap[115]: 0x00000063 (DXFMT_DXT2)
2026-07-26T00:49:36.939Z In(05) vmx   cap[116]: 0x00000063 (DXFMT_DXT3)
2026-07-26T00:49:36.939Z In(05) vmx   cap[117]: 0x00000063 (DXFMT_DXT4)
2026-07-26T00:49:36.939Z In(05) vmx   cap[118]: 0x00000063 (DXFMT_DXT5)
2026-07-26T00:49:36.939Z In(05) vmx   cap[119]: 0x000000e3 (DXFMT_BUMPU8V8)
2026-07-26T00:49:36.939Z In(05) vmx   cap[121]: 0x00000063 (DXFMT_BUMPX8L8V8U8)
2026-07-26T00:49:36.939Z In(05) vmx   cap[123]: 0x000003f7 (DXFMT_ARGB_S10E5)
2026-07-26T00:49:36.939Z In(05) vmx   cap[124]: 0x000003f7 (DXFMT_ARGB_S23E8)
2026-07-26T00:49:36.939Z In(05) vmx   cap[125]: 0x000003f7 (DXFMT_A2R10G10B10)
2026-07-26T00:49:36.940Z In(05) vmx   cap[126]: 0x000000e3 (DXFMT_V8U8)
2026-07-26T00:49:36.940Z In(05) vmx   cap[127]: 0x00000063 (DXFMT_Q8W8V8U8)
2026-07-26T00:49:36.940Z In(05) vmx   cap[128]: 0x00000063 (DXFMT_CxV8U8)
2026-07-26T00:49:36.940Z In(05) vmx   cap[129]: 0x000000e3 (DXFMT_X8L8V8U8)
2026-07-26T00:49:36.940Z In(05) vmx   cap[130]: 0x000000e3 (DXFMT_A2W10V10U10)
2026-07-26T00:49:36.940Z In(05) vmx   cap[131]: 0x000000f7 (DXFMT_ALPHA8)
2026-07-26T00:49:36.940Z In(05) vmx   cap[132]: 0x000003f7 (DXFMT_R_S10E5)
2026-07-26T00:49:36.940Z In(05) vmx   cap[133]: 0x000003f7 (DXFMT_R_S23E8)
2026-07-26T00:49:36.940Z In(05) vmx   cap[134]: 0x000003f7 (DXFMT_RG_S10E5)
2026-07-26T00:49:36.940Z In(05) vmx   cap[135]: 0x000003f7 (DXFMT_RG_S23E8)
2026-07-26T00:49:36.940Z In(05) vmx   cap[136]: 0x00000001 (DXFMT_BUFFER)
2026-07-26T00:49:36.940Z In(05) vmx   cap[137]: 0x0000026b (DXFMT_Z_D24X8)
2026-07-26T00:49:36.940Z In(05) vmx   cap[138]: 0x000001e3 (DXFMT_V16U16)
2026-07-26T00:49:36.940Z In(05) vmx   cap[139]: 0x000003f7 (DXFMT_G16R16)
2026-07-26T00:49:36.940Z In(05) vmx   cap[140]: 0x000001f7 (DXFMT_A16B16G16R16)
2026-07-26T00:49:36.940Z In(05) vmx   cap[141]: 0x00000001 (DXFMT_UYVY)
2026-07-26T00:49:36.940Z In(05) vmx   cap[142]: 0x00000041 (DXFMT_YUY2)
2026-07-26T00:49:36.940Z In(05) vmx   cap[143]: 0x00000041 (DXFMT_NV12)
2026-07-26T00:49:36.940Z In(05) vmx   cap[145]: 0x000002e1 (DXFMT_R32G32B32A32_TYPELESS)
2026-07-26T00:49:36.940Z In(05) vmx   cap[146]: 0x000003e7 (DXFMT_R32G32B32A32_UINT)
2026-07-26T00:49:36.940Z In(05) vmx   cap[147]: 0x000003e7 (DXFMT_R32G32B32A32_SINT)
2026-07-26T00:49:36.940Z In(05) vmx   cap[148]: 0x000000e1 (DXFMT_R32G32B32_TYPELESS)
2026-07-26T00:49:36.940Z In(05) vmx   cap[149]: 0x000001e3 (DXFMT_R32G32B32_FLOAT)
2026-07-26T00:49:36.940Z In(05) vmx   cap[150]: 0x000001e3 (DXFMT_R32G32B32_UINT)
2026-07-26T00:49:36.940Z In(05) vmx   cap[151]: 0x000001e3 (DXFMT_R32G32B32_SINT)
2026-07-26T00:49:36.940Z In(05) vmx   cap[152]: 0x000002e1 (DXFMT_R16G16B16A16_TYPELESS)
2026-07-26T00:49:36.940Z In(05) vmx   cap[153]: 0x000003e7 (DXFMT_R16G16B16A16_UINT)
2026-07-26T00:49:36.940Z In(05) vmx   cap[154]: 0x000003f7 (DXFMT_R16G16B16A16_SNORM)
2026-07-26T00:49:36.940Z In(05) vmx   cap[155]: 0x000003e7 (DXFMT_R16G16B16A16_SINT)
2026-07-26T00:49:36.940Z In(05) vmx   cap[156]: 0x000002e1 (DXFMT_R32G32_TYPELESS)
2026-07-26T00:49:36.940Z In(05) vmx   cap[157]: 0x000003e7 (DXFMT_R32G32_UINT)
2026-07-26T00:49:36.940Z In(05) vmx   cap[158]: 0x000003e7 (DXFMT_R32G32_SINT)
2026-07-26T00:49:36.940Z In(05) vmx   cap[159]: 0x00000261 (DXFMT_R32G8X24_TYPELESS)
2026-07-26T00:49:36.940Z In(05) vmx   cap[160]: 0x00000269 (DXFMT_D32_FLOAT_S8X24_UINT)
2026-07-26T00:49:36.940Z In(05) vmx   cap[161]: 0x00000063 (DXFMT_R32_FLOAT_X8X24)
2026-07-26T00:49:36.940Z In(05) vmx   cap[162]: 0x00000063 (DXFMT_X32_G8X24_UINT)
2026-07-26T00:49:36.940Z In(05) vmx   cap[163]: 0x000002e1 (DXFMT_R10G10B10A2_TYPELESS)
2026-07-26T00:49:36.940Z In(05) vmx   cap[164]: 0x000003e7 (DXFMT_R10G10B10A2_UINT)
2026-07-26T00:49:36.940Z In(05) vmx   cap[165]: 0x000003f7 (DXFMT_R11G11B10_FLOAT)
2026-07-26T00:49:36.940Z In(05) vmx   cap[166]: 0x000002e1 (DXFMT_R8G8B8A8_TYPELESS)
2026-07-26T00:49:36.940Z In(05) vmx   cap[167]: 0x000003f7 (DXFMT_R8G8B8A8_UNORM)
2026-07-26T00:49:36.940Z In(05) vmx   cap[168]: 0x000002f7 (DXFMT_R8G8B8A8_UNORM_SRGB)
2026-07-26T00:49:36.940Z In(05) vmx   cap[169]: 0x000003e7 (DXFMT_R8G8B8A8_UINT)
2026-07-26T00:49:36.940Z In(05) vmx   cap[170]: 0x000003e7 (DXFMT_R8G8B8A8_SINT)
2026-07-26T00:49:36.940Z In(05) vmx   cap[171]: 0x000002e1 (DXFMT_R16G16_TYPELESS)
2026-07-26T00:49:36.940Z In(05) vmx   cap[172]: 0x000003e7 (DXFMT_R16G16_UINT)
2026-07-26T00:49:36.940Z In(05) vmx   cap[173]: 0x000003e7 (DXFMT_R16G16_SINT)
2026-07-26T00:49:36.940Z In(05) vmx   cap[174]: 0x000002e1 (DXFMT_R32_TYPELESS)
2026-07-26T00:49:36.940Z In(05) vmx   cap[175]: 0x00000269 (DXFMT_D32_FLOAT)
2026-07-26T00:49:36.940Z In(05) vmx   cap[176]: 0x000003e7 (DXFMT_R32_UINT)
2026-07-26T00:49:36.940Z In(05) vmx   cap[177]: 0x000003e7 (DXFMT_R32_SINT)
2026-07-26T00:49:36.940Z In(05) vmx   cap[178]: 0x00000261 (DXFMT_R24G8_TYPELESS)
2026-07-26T00:49:36.940Z In(05) vmx   cap[179]: 0x00000269 (DXFMT_D24_UNORM_S8_UINT)
2026-07-26T00:49:36.940Z In(05) vmx   cap[180]: 0x00000063 (DXFMT_R24_UNORM_X8)
2026-07-26T00:49:36.940Z In(05) vmx   cap[181]: 0x00000063 (DXFMT_X24_G8_UINT)
2026-07-26T00:49:36.940Z In(05) vmx   cap[182]: 0x000002e1 (DXFMT_R8G8_TYPELESS)
2026-07-26T00:49:36.940Z In(05) vmx   cap[183]: 0x000003f7 (DXFMT_R8G8_UNORM)
2026-07-26T00:49:36.940Z In(05) vmx   cap[184]: 0x000003e7 (DXFMT_R8G8_UINT)
2026-07-26T00:49:36.940Z In(05) vmx   cap[185]: 0x000003e7 (DXFMT_R8G8_SINT)
2026-07-26T00:49:36.940Z In(05) vmx   cap[186]: 0x000002e1 (DXFMT_R16_TYPELESS)
2026-07-26T00:49:36.940Z In(05) vmx   cap[187]: 0x000003f7 (DXFMT_R16_UNORM)
2026-07-26T00:49:36.940Z In(05) vmx   cap[188]: 0x000003e7 (DXFMT_R16_UINT)
2026-07-26T00:49:36.940Z In(05) vmx   cap[189]: 0x000003f7 (DXFMT_R16_SNORM)
2026-07-26T00:49:36.940Z In(05) vmx   cap[190]: 0x000003e7 (DXFMT_R16_SINT)
2026-07-26T00:49:36.940Z In(05) vmx   cap[191]: 0x000002e1 (DXFMT_R8_TYPELESS)
2026-07-26T00:49:36.940Z In(05) vmx   cap[192]: 0x000003f7 (DXFMT_R8_UNORM)
2026-07-26T00:49:36.940Z In(05) vmx   cap[193]: 0x000003e7 (DXFMT_R8_UINT)
2026-07-26T00:49:36.940Z In(05) vmx   cap[194]: 0x000003f7 (DXFMT_R8_SNORM)
2026-07-26T00:49:36.940Z In(05) vmx   cap[195]: 0x000003e7 (DXFMT_R8_SINT)
2026-07-26T00:49:36.940Z In(05) vmx   cap[196]: 0x00000001 (DXFMT_P8)
2026-07-26T00:49:36.940Z In(05) vmx   cap[197]: 0x000000e3 (DXFMT_R9G9B9E5_SHAREDEXP)
2026-07-26T00:49:36.940Z In(05) vmx   cap[198]: 0x000000e3 (DXFMT_R8G8_B8G8_UNORM)
2026-07-26T00:49:36.940Z In(05) vmx   cap[199]: 0x000000e3 (DXFMT_G8R8_G8B8_UNORM)
2026-07-26T00:49:36.941Z In(05) vmx   cap[200]: 0x000000e1 (DXFMT_BC1_TYPELESS)
2026-07-26T00:49:36.941Z In(05) vmx   cap[201]: 0x000000e3 (DXFMT_BC1_UNORM_SRGB)
2026-07-26T00:49:36.941Z In(05) vmx   cap[202]: 0x000000e1 (DXFMT_BC2_TYPELESS)
2026-07-26T00:49:36.941Z In(05) vmx   cap[203]: 0x000000e3 (DXFMT_BC2_UNORM_SRGB)
2026-07-26T00:49:36.941Z In(05) vmx   cap[204]: 0x000000e1 (DXFMT_BC3_TYPELESS)
2026-07-26T00:49:36.941Z In(05) vmx   cap[205]: 0x000000e3 (DXFMT_BC3_UNORM_SRGB)
2026-07-26T00:49:36.941Z In(05) vmx   cap[206]: 0x000000e1 (DXFMT_BC4_TYPELESS)
2026-07-26T00:49:36.941Z In(05) vmx   cap[207]: 0x00000063 (DXFMT_ATI1)
2026-07-26T00:49:36.941Z In(05) vmx   cap[208]: 0x000000e3 (DXFMT_BC4_SNORM)
2026-07-26T00:49:36.941Z In(05) vmx   cap[209]: 0x000000e1 (DXFMT_BC5_TYPELESS)
2026-07-26T00:49:36.941Z In(05) vmx   cap[210]: 0x00000063 (DXFMT_ATI2)
2026-07-26T00:49:36.941Z In(05) vmx   cap[211]: 0x000000e3 (DXFMT_BC5_SNORM)
2026-07-26T00:49:36.941Z In(05) vmx   cap[212]: 0x00000045 (DXFMT_R10G10B10_XR_BIAS_A2_UNORM)
2026-07-26T00:49:36.941Z In(05) vmx   cap[213]: 0x000002e1 (DXFMT_B8G8R8A8_TYPELESS)
2026-07-26T00:49:36.941Z In(05) vmx   cap[214]: 0x000002f7 (DXFMT_B8G8R8A8_UNORM_SRGB)
2026-07-26T00:49:36.941Z In(05) vmx   cap[215]: 0x000002e1 (DXFMT_B8G8R8X8_TYPELESS)
2026-07-26T00:49:36.941Z In(05) vmx   cap[216]: 0x000002f7 (DXFMT_B8G8R8X8_UNORM_SRGB)
2026-07-26T00:49:36.941Z In(05) vmx   cap[217]: 0x0000006b (DXFMT_Z_DF16)
2026-07-26T00:49:36.941Z In(05) vmx   cap[218]: 0x0000006b (DXFMT_Z_DF24)
2026-07-26T00:49:36.941Z In(05) vmx   cap[219]: 0x0000006b (DXFMT_Z_D24S8_INT)
2026-07-26T00:49:36.941Z In(05) vmx   cap[220]: 0x00000001 (DXFMT_YV12)
2026-07-26T00:49:36.941Z In(05) vmx   cap[221]: 0x000003f7 (DXFMT_R32G32B32A32_FLOAT)
2026-07-26T00:49:36.941Z In(05) vmx   cap[222]: 0x000003f7 (DXFMT_R16G16B16A16_FLOAT)
2026-07-26T00:49:36.941Z In(05) vmx   cap[223]: 0x000003f7 (DXFMT_R16G16B16A16_UNORM)
2026-07-26T00:49:36.941Z In(05) vmx   cap[224]: 0x000003f7 (DXFMT_R32G32_FLOAT)
2026-07-26T00:49:36.941Z In(05) vmx   cap[225]: 0x000003f7 (DXFMT_R10G10B10A2_UNORM)
2026-07-26T00:49:36.941Z In(05) vmx   cap[226]: 0x000003f7 (DXFMT_R8G8B8A8_SNORM)
2026-07-26T00:49:36.941Z In(05) vmx   cap[227]: 0x000003f7 (DXFMT_R16G16_FLOAT)
2026-07-26T00:49:36.941Z In(05) vmx   cap[228]: 0x000003f7 (DXFMT_R16G16_UNORM)
2026-07-26T00:49:36.941Z In(05) vmx   cap[229]: 0x000003f7 (DXFMT_R16G16_SNORM)
2026-07-26T00:49:36.941Z In(05) vmx   cap[230]: 0x000003f7 (DXFMT_R32_FLOAT)
2026-07-26T00:49:36.941Z In(05) vmx   cap[231]: 0x000003f7 (DXFMT_R8G8_SNORM)
2026-07-26T00:49:36.941Z In(05) vmx   cap[232]: 0x000003f7 (DXFMT_R16_FLOAT)
2026-07-26T00:49:36.941Z In(05) vmx   cap[233]: 0x00000269 (DXFMT_D16_UNORM)
2026-07-26T00:49:36.941Z In(05) vmx   cap[234]: 0x000002f7 (DXFMT_A8_UNORM)
2026-07-26T00:49:36.941Z In(05) vmx   cap[235]: 0x000000e3 (DXFMT_BC1_UNORM)
2026-07-26T00:49:36.941Z In(05) vmx   cap[236]: 0x000000e3 (DXFMT_BC2_UNORM)
2026-07-26T00:49:36.941Z In(05) vmx   cap[237]: 0x000000e3 (DXFMT_BC3_UNORM)
2026-07-26T00:49:36.941Z In(05) vmx   cap[238]: 0x000002f7 (DXFMT_B5G6R5_UNORM)
2026-07-26T00:49:36.941Z In(05) vmx   cap[239]: 0x000002f7 (DXFMT_B5G5R5A1_UNORM)
2026-07-26T00:49:36.941Z In(05) vmx   cap[240]: 0x000003f7 (DXFMT_B8G8R8A8_UNORM)
2026-07-26T00:49:36.941Z In(05) vmx   cap[241]: 0x000003f7 (DXFMT_B8G8R8X8_UNORM)
2026-07-26T00:49:36.941Z In(05) vmx   cap[242]: 0x000000e3 (DXFMT_BC4_UNORM)
2026-07-26T00:49:36.941Z In(05) vmx   cap[243]: 0x000000e3 (DXFMT_BC5_UNORM)
2026-07-26T00:49:36.941Z In(05) vmx   cap[244]: 0x00000001 (SM41)
2026-07-26T00:49:36.941Z In(05) vmx   cap[245]: 0x00000001 (MULTISAMPLE_2X)
2026-07-26T00:49:36.941Z In(05) vmx   cap[246]: 0x00000001 (MULTISAMPLE_4X)
2026-07-26T00:49:36.941Z In(05) vmx   cap[247]: 0x00000001 (MS_FULL_QUALITY)
2026-07-26T00:49:36.941Z In(05) vmx   cap[248]: 0x00000001 (LOGICOPS)
2026-07-26T00:49:36.941Z In(05) vmx   cap[249]: 0x00000001 (LOGIC_BLENDOPS)
2026-07-26T00:49:36.941Z In(05) vmx   cap[251]: 0x000000e1 (DXFMT_BC6H_TYPELESS)
2026-07-26T00:49:36.941Z In(05) vmx   cap[252]: 0x000000e3 (DXFMT_BC6H_UF16)
2026-07-26T00:49:36.941Z In(05) vmx   cap[253]: 0x000000e3 (DXFMT_BC6H_SF16)
2026-07-26T00:49:36.941Z In(05) vmx   cap[254]: 0x000000e1 (DXFMT_BC7_TYPELESS)
2026-07-26T00:49:36.941Z In(05) vmx   cap[255]: 0x000000e3 (DXFMT_BC7_UNORM)
2026-07-26T00:49:36.941Z In(05) vmx   cap[256]: 0x000000e3 (DXFMT_BC7_UNORM_SRGB)
2026-07-26T00:49:36.941Z In(05) vmx   cap[258]: 0x00000001 (SM5)
2026-07-26T00:49:36.941Z In(05) vmx   cap[259]: 0x00000001 (MULTISAMPLE_8X)
2026-07-26T00:49:36.941Z In(05) vmx   cap[260]: 0x00000010 (MAX_FORCED_SAMPLE_COUNT)
2026-07-26T00:49:36.941Z In(05) vmx SVGAFeature guest, at resume id: 0
2026-07-26T00:49:36.941Z In(05) vmx SVGAFeature guest, at resume svga.supports3D bool 1
2026-07-26T00:49:36.941Z In(05) vmx SVGAFeature guest, at resume svga.baseCapsLevel num 9
2026-07-26T00:49:36.941Z In(05) vmx SVGAFeature guest, at resume svga.maxPointSize num 1
2026-07-26T00:49:36.941Z In(05) vmx SVGAFeature guest, at resume svga.maxTextureSize num 16384
2026-07-26T00:49:36.941Z In(05) vmx SVGAFeature guest, at resume svga.maxVolumeExtent num 2048
2026-07-26T00:49:36.941Z In(05) vmx SVGAFeature guest, at resume svga.maxTextureAnisotropy num 16
2026-07-26T00:49:36.941Z In(05) vmx SVGAFeature guest, at resume svga.lineStipple bool 0
2026-07-26T00:49:36.941Z In(05) vmx SVGAFeature guest, at resume svga.dxMaxConstantBuffers num 14
2026-07-26T00:49:36.941Z In(05) vmx SVGAFeature guest, at resume svga.dxProvokingVertex bool 0
2026-07-26T00:49:36.941Z In(05) vmx SVGAFeature guest, at resume svga.sm41 bool 1
2026-07-26T00:49:36.941Z In(05) vmx SVGAFeature guest, at resume svga.multisample2x bool 1
2026-07-26T00:49:36.941Z In(05) vmx SVGAFeature guest, at resume svga.multisample4x bool 1
2026-07-26T00:49:36.941Z In(05) vmx SVGAFeature guest, at resume svga.msFullQuality bool 1
2026-07-26T00:49:36.941Z In(05) vmx SVGAFeature guest, at resume svga.logicOps bool 1
2026-07-26T00:49:36.941Z In(05) vmx SVGAFeature guest, at resume svga.bc67 num 9
2026-07-26T00:49:36.941Z In(05) vmx SVGAFeature guest, at resume svga.sm5 bool 1
2026-07-26T00:49:36.941Z In(05) vmx SVGAFeature guest, at resume svga.multisample8x bool 1
2026-07-26T00:49:36.941Z In(05) vmx SVGAFeature guest, at resume svga.logicBlendOps bool 1
2026-07-26T00:49:36.941Z In(05) vmx SVGAFeature guest, at resume svga.maxForcedSampleCount num 16
2026-07-26T00:49:36.941Z In(05) vmx SVGAFeature guest, at resume svga.gl43 bool 0
2026-07-26T00:49:36.942Z In(05) vmx   restoring usb
2026-07-26T00:49:36.942Z In(05) vmx DUMPER: Item 'lastFrnumChangeTime' [-1, -1] not found.
2026-07-26T00:49:36.942Z In(05) vmx   restoring usb:0
2026-07-26T00:49:36.942Z In(05) vmx   restoring usb:1
2026-07-26T00:49:36.942Z In(05) vmx   restoring Ethernet0
2026-07-26T00:49:36.942Z In(05) vmx   restoring Ethernet1
2026-07-26T00:49:36.942Z In(05) vmx   restoring sound
2026-07-26T00:49:36.943Z In(05) vmx   restoring hpet0
2026-07-26T00:49:36.943Z In(05) vmx   restoring ich7m.hpet
2026-07-26T00:49:36.943Z In(05) vmx   restoring ehci
2026-07-26T00:49:36.943Z In(05) vmx   restoring vmci0
2026-07-26T00:49:36.974Z In(05) vmx   restoring sata0
2026-07-26T00:49:36.974Z In(05) vmx   restoring vsock
2026-07-26T00:49:36.974Z In(05) vmx DUMPER: Item 'remote.port' [0, -1] not found.
2026-07-26T00:49:36.974Z In(05) vmx DUMPER: Item 'qpair.context' [0, -1] not found.
2026-07-26T00:49:36.974Z In(05) vmx DUMPER: Item 'timeoutRemaining' [0, -1] not found.
2026-07-26T00:49:36.996Z In(05) vmx DUMPER: Item 'timeoutRemaining' [1, -1] not found.
2026-07-26T00:49:36.996Z In(05) vmx DUMPER: Item 'timeoutRemaining' [2, -1] not found.
2026-07-26T00:49:36.996Z In(05) vmx   restoring GuestMsg
2026-07-26T00:49:36.996Z In(05) vmx   restoring GuestRpc
2026-07-26T00:49:36.997Z In(05) vmx DUMPER: Item 'AsyncVmciSocket.numSendBuf' [-1, -1] not found.
2026-07-26T00:49:36.997Z In(05) vmx   restoring Tools
2026-07-26T00:49:36.997Z In(05) vmx   restoring Tools Install
2026-07-26T00:49:36.997Z In(05) vmx TOOLS INSTALL setting state to 0 on restore.
2026-07-26T00:49:36.997Z In(05) vmx   restoring GuestAppMonitor
2026-07-26T00:49:36.997Z In(05) vmx DUMPER: Requested 10 bytes, found 5 bytes.
2026-07-26T00:49:37.066Z In(05) vmx DUMPER: Requested 20 bytes, found 5 bytes.
2026-07-26T00:49:37.066Z In(05) vmx   restoring Hgfs
2026-07-26T00:49:37.067Z In(05) vmx   restoring MKSVMX
2026-07-26T00:49:37.067Z In(05) vmx   restoring ToolsDeployPkg
2026-07-26T00:49:37.067Z In(05) vmx DEPLOYPKG: ToolsDeployPkgCptRestore: state=0 err=0 (null msg)
2026-07-26T00:49:37.067Z In(05) vmx DEPLOYPKG: ToolsDeployPkgRestoreSuccessTasks: state=0 err=0, msg=null
2026-07-26T00:49:37.067Z In(05) vmx   restoring CMOS
2026-07-26T00:49:37.067Z In(05) vmx   restoring FlashRam
2026-07-26T00:49:37.067Z In(05) vmx Progress 101% (none)
2026-07-26T00:49:37.087Z In(05) vmx DUMPER: Updating header magic on restore.
2026-07-26T00:49:37.293Z No(00) vmx ConfigDB: Setting checkpoint.vmState = ""
2026-07-26T00:49:37.565Z No(00) vmx PowerOnTiming: Module CheckpointLate took 163519200 us
2026-07-26T00:49:37.567Z No(00) vmx ConfigDB: Setting monitor.phys_bits_used = "45"
2026-07-26T00:49:37.567Z In(05) vmx Full guest CPUID with differences from hostCPUID highlighted.
2026-07-26T00:49:37.567Z In(05) vmx guest vs. host CPUID guest vendor: GenuineIntel
2026-07-26T00:49:37.567Z In(05) vmx guest vs. host CPUID guest family: 0x6 model: 0x3c stepping: 0x3
2026-07-26T00:49:37.567Z In(05) vmx guest vs. host CPUID guest codename: Haswell DT
2026-07-26T00:49:37.567Z In(05) vmx guest vs. host CPUID guest name: Intel(R) Core(TM) i7-4810MQ CPU @ 2.80GHz
2026-07-26T00:49:37.567Z In(05) vmx guest vs. host CPUID       level eaxIn, ecxIn:        eax        ebx        ecx        edx
2026-07-26T00:49:37.567Z In(05) vmx guest vs. host CPUID guest level 00000000,  0: 0x0000000d 0x756e6547 0x6c65746e 0x49656e69
2026-07-26T00:49:37.567Z In(05) vmx guest vs. host CPUID guest level 00000001,  0: 0x000306c3 0x00010800 0xf7fa3203 0x0f8bfbff
2026-07-26T00:49:37.567Z In(05) vmx guest vs. host CPUID *host level 00000001,  0: 0x000306c3 0x00100800 0x7ffafbff 0xbfebfbff
2026-07-26T00:49:37.567Z In(05) vmx guest vs. host CPUID guest level 00000002,  0: 0x76036301 0x00f0b5ff 0x00000000 0x00c10000
2026-07-26T00:49:37.567Z In(05) vmx guest vs. host CPUID guest level 00000004,  0: 0x00000121 0x01c0003f 0x0000003f 0x00000000
2026-07-26T00:49:37.567Z In(05) vmx guest vs. host CPUID *host level 00000004,  0: 0x1c004121 0x01c0003f 0x0000003f 0x00000000
2026-07-26T00:49:37.567Z In(05) vmx guest vs. host CPUID guest level 00000004,  1: 0x00000122 0x01c0003f 0x0000003f 0x00000000
2026-07-26T00:49:37.567Z In(05) vmx guest vs. host CPUID *host level 00000004,  1: 0x1c004122 0x01c0003f 0x0000003f 0x00000000
2026-07-26T00:49:37.567Z In(05) vmx guest vs. host CPUID guest level 00000004,  2: 0x00000143 0x01c0003f 0x000001ff 0x00000000
2026-07-26T00:49:37.567Z In(05) vmx guest vs. host CPUID *host level 00000004,  2: 0x1c004143 0x01c0003f 0x000001ff 0x00000000
2026-07-26T00:49:37.567Z In(05) vmx guest vs. host CPUID guest level 00000004,  3: 0x00000163 0x02c0003f 0x00001fff 0x00000006
2026-07-26T00:49:37.567Z In(05) vmx guest vs. host CPUID *host level 00000004,  3: 0x1c03c163 0x02c0003f 0x00001fff 0x00000006
2026-07-26T00:49:37.567Z In(05) vmx guest vs. host CPUID guest level 00000006,  0: 0x00000004 0x00000000 0x00000000 0x00000000
2026-07-26T00:49:37.567Z In(05) vmx guest vs. host CPUID *host level 00000006,  0: 0x00000077 0x00000002 0x00000009 0x00000000
2026-07-26T00:49:37.567Z In(05) vmx guest vs. host CPUID guest level 00000007,  0: 0x00000000 0x000027ab 0x00000000 0xbc000400
2026-07-26T00:49:37.567Z In(05) vmx guest vs. host CPUID *host level 00000007,  0: 0x00000000 0x000027ab 0x00000000 0x9c000400
2026-07-26T00:49:37.567Z In(05) vmx guest vs. host CPUID guest level 0000000a,  0: 0x07300401 0x000000ff 0x00000000 0x00000000
2026-07-26T00:49:37.567Z In(05) vmx guest vs. host CPUID *host level 0000000a,  0: 0x07300403 0x00000000 0x00000000 0x00000603
2026-07-26T00:49:37.568Z In(05) vmx guest vs. host CPUID guest level 0000000b,  0: 0x00000000 0x00000001 0x00000100 0x00000000
2026-07-26T00:49:37.568Z In(05) vmx guest vs. host CPUID *host level 0000000b,  0: 0x00000001 0x00000002 0x00000100 0x00000000
2026-07-26T00:49:37.568Z In(05) vmx guest vs. host CPUID guest level 0000000b,  1: 0x00000000 0x00000001 0x00000201 0x00000000
2026-07-26T00:49:37.568Z In(05) vmx guest vs. host CPUID *host level 0000000b,  1: 0x00000004 0x00000008 0x00000201 0x00000000
2026-07-26T00:49:37.568Z In(05) vmx guest vs. host CPUID guest level 0000000d,  0: 0x00000007 0x00000340 0x00000340 0x00000000
2026-07-26T00:49:37.568Z In(05) vmx guest vs. host CPUID guest level 0000000d,  1: 0x00000001 0x00000000 0x00000000 0x00000000
2026-07-26T00:49:37.568Z In(05) vmx guest vs. host CPUID guest level 0000000d,  2: 0x00000100 0x00000240 0x00000000 0x00000000
2026-07-26T00:49:37.568Z In(05) vmx guest vs. host CPUID guest level 40000000,  0: 0x40000010 0x61774d56 0x4d566572 0x65726177
2026-07-26T00:49:37.568Z In(05) vmx guest vs. host CPUID guest level 40000010,  0: 0x002aa047 0x000101d0 0x00000002 0x00000000
2026-07-26T00:49:37.568Z In(05) vmx guest vs. host CPUID guest level 80000000,  0: 0x80000008 0x00000000 0x00000000 0x00000000
2026-07-26T00:49:37.568Z In(05) vmx guest vs. host CPUID guest level 80000001,  0: 0x00000000 0x00000000 0x00000021 0x2c100800
2026-07-26T00:49:37.568Z In(05) vmx guest vs. host CPUID guest level 80000002,  0: 0x65746e49 0x2952286c 0x726f4320 0x4d542865
2026-07-26T00:49:37.568Z In(05) vmx guest vs. host CPUID guest level 80000003,  0: 0x37692029 0x3138342d 0x20514d30 0x20555043
2026-07-26T00:49:37.568Z In(05) vmx guest vs. host CPUID guest level 80000004,  0: 0x2e322040 0x48473038 0x0000007a 0x00000000
2026-07-26T00:49:37.568Z In(05) vmx guest vs. host CPUID guest level 80000006,  0: 0x00000000 0x00000000 0x01006040 0x00000000
2026-07-26T00:49:37.568Z In(05) vmx guest vs. host CPUID guest level 80000007,  0: 0x00000000 0x00000000 0x00000000 0x00000100
2026-07-26T00:49:37.568Z In(05) vmx guest vs. host CPUID guest level 80000008,  0: 0x0000302d 0x00000000 0x00000000 0x00000000
2026-07-26T00:49:37.568Z In(05) vmx guest vs. host CPUID *host level 80000008,  0: 0x00003027 0x00000000 0x00000000 0x00000000
2026-07-26T00:49:37.568Z In(05) vmx Minimum ucode level: 0x00000027
2026-07-26T00:49:37.568Z In(05) vmx VPMC: events will use hybrid freeze.
2026-07-26T00:49:37.568Z In(05) vmx VPMC: gen counters: num 4 mask 0xffffffffffff
2026-07-26T00:49:37.568Z In(05) vmx VPMC: fix counters: num 0 mask 0; version 1
2026-07-26T00:49:37.568Z In(05) vmx VPMC: hardware counters: 0
2026-07-26T00:49:37.568Z In(05) vmx VPMC: perf capabilities: 0x2000
2026-07-26T00:49:37.568Z In(05) vmx Guest MSR IA32_ARCH_CAPABILITIES 0x10a = 0xc
2026-07-26T00:49:37.748Z In(05) vmx SVGA: Registering IOSpace at 0x1070
2026-07-26T00:49:37.748Z In(05) vmx SVGA-PCI: BAR gfbSize=134217728, fifoSize=8388608
2026-07-26T00:49:37.748Z In(05) vmx SVGA: SVGA_REG_MEMORY_SIZE=4194304
2026-07-26T00:49:37.748Z In(05) vmx SVGA: SVGA_REG_VRAM_SIZE=4194304
2026-07-26T00:49:37.749Z In(05) vmx SVGA: Final Device caps : 0xfdffc3e2
2026-07-26T00:49:37.749Z In(05) vmx SVGA: Final Device caps2: 0x0005efff
2026-07-26T00:49:37.749Z In(05) vmx BusMemSampleSetUpStats: touched: initPct 5 pages 0 : dirtied: initPct 1 pages 0
2026-07-26T00:49:37.750Z In(05) vmx FeatureCompat: Capabilities:
2026-07-26T00:49:37.750Z In(05) vmx Capability Found: cpuid.sse3 = 1
2026-07-26T00:49:37.750Z In(05) vmx Capability Found: cpuid.pclmulqdq = 1
2026-07-26T00:49:37.750Z In(05) vmx Capability Found: cpuid.ssse3 = 1
2026-07-26T00:49:37.750Z In(05) vmx Capability Found: cpuid.fma = 1
2026-07-26T00:49:37.750Z In(05) vmx Capability Found: cpuid.cmpxchg16b = 1
2026-07-26T00:49:37.750Z In(05) vmx Capability Found: cpuid.pcid = 1
2026-07-26T00:49:37.750Z In(05) vmx Capability Found: cpuid.sse41 = 1
2026-07-26T00:49:37.750Z In(05) vmx Capability Found: cpuid.sse42 = 1
2026-07-26T00:49:37.750Z In(05) vmx Capability Found: cpuid.movbe = 1
2026-07-26T00:49:37.751Z In(05) vmx Capability Found: cpuid.popcnt = 1
2026-07-26T00:49:37.751Z In(05) vmx Capability Found: cpuid.aes = 1
2026-07-26T00:49:37.751Z In(05) vmx Capability Found: cpuid.xsave = 1
2026-07-26T00:49:37.751Z In(05) vmx Capability Found: cpuid.avx = 1
2026-07-26T00:49:37.751Z In(05) vmx Capability Found: cpuid.f16c = 1
2026-07-26T00:49:37.751Z In(05) vmx Capability Found: cpuid.rdrand = 1
2026-07-26T00:49:37.751Z In(05) vmx Capability Found: cpuid.ss = 1
2026-07-26T00:49:37.751Z In(05) vmx Capability Found: cpuid.fsgsbase = 1
2026-07-26T00:49:37.751Z In(05) vmx Capability Found: cpuid.bmi1 = 1
2026-07-26T00:49:37.751Z In(05) vmx Capability Found: cpuid.avx2 = 1
2026-07-26T00:49:37.751Z In(05) vmx Capability Found: cpuid.smep = 1
2026-07-26T00:49:37.751Z In(05) vmx Capability Found: cpuid.bmi2 = 1
2026-07-26T00:49:37.751Z In(05) vmx Capability Found: cpuid.enfstrg = 1
2026-07-26T00:49:37.751Z In(05) vmx Capability Found: cpuid.invpcid = 1
2026-07-26T00:49:37.751Z In(05) vmx Capability Found: cpuid.mdclear = 1
2026-07-26T00:49:37.751Z In(05) vmx Capability Found: cpuid.stibp = 1
2026-07-26T00:49:37.751Z In(05) vmx Capability Found: cpuid.fcmd = 1
2026-07-26T00:49:37.751Z In(05) vmx Capability Found: cpuid.ssbd = 1
2026-07-26T00:49:37.751Z In(05) vmx Capability Found: cpuid.xcr0_master_sse = 1
2026-07-26T00:49:37.751Z In(05) vmx Capability Found: cpuid.xcr0_master_ymm_h = 1
2026-07-26T00:49:37.751Z In(05) vmx Capability Found: cpuid.xsaveopt = 1
2026-07-26T00:49:37.751Z In(05) vmx Capability Found: cpuid.lahf64 = 1
2026-07-26T00:49:37.751Z In(05) vmx Capability Found: cpuid.abm = 1
2026-07-26T00:49:37.751Z In(05) vmx Capability Found: cpuid.nx = 1
2026-07-26T00:49:37.751Z In(05) vmx Capability Found: cpuid.pdpe1gb = 1
2026-07-26T00:49:37.751Z In(05) vmx Capability Found: cpuid.rdtscp = 1
2026-07-26T00:49:37.751Z In(05) vmx Capability Found: cpuid.lm = 1
2026-07-26T00:49:37.751Z In(05) vmx Capability Found: cpuid.intel = 1
2026-07-26T00:49:37.751Z In(05) vmx Capability Found: cpuid.ibrs = 1
2026-07-26T00:49:37.751Z In(05) vmx Capability Found: cpuid.ibpb = 1
2026-07-26T00:49:37.751Z In(05) vmx Capability Found: cpuid.mwait = 1
2026-07-26T00:49:37.751Z In(05) vmx Capability Found: cpuid.vmx = 1
2026-07-26T00:49:37.751Z In(05) vmx Capability Found: cpuid.ds = 1
2026-07-26T00:49:37.751Z In(05) vmx Capability Found: cpuid.xcr0_master_bndregs = 1
2026-07-26T00:49:37.751Z In(05) vmx Capability Found: cpuid.xcr0_master_bndcsr = 1
2026-07-26T00:49:37.751Z In(05) vmx Capability Found: hv.capable = 1
2026-07-26T00:49:37.751Z In(05) vmx Capability Found: vt.realmode = 1
2026-07-26T00:49:37.751Z In(05) vmx Capability Found: misc.cpuidfaulting = 1
2026-07-26T00:49:37.751Z In(05) vmx Capability Found: vt.eptad = 1
2026-07-26T00:49:37.751Z In(05) vmx Capability Found: vt.ple = 1
2026-07-26T00:49:37.751Z In(05) vmx Capability Found: vpmc.microarchitecture.haswell = 1
2026-07-26T00:49:37.751Z In(05) vmx Capability Found: vpmc.numgenctrs = 4
2026-07-26T00:49:37.751Z In(05) vmx Capability Found: vpmc.numfixedctrs = 3
2026-07-26T00:49:37.751Z In(05) vmx Capability Found: vpmc.genwidth = 0x30
2026-07-26T00:49:37.751Z In(05) vmx Capability Found: vpmc.fixedwidth = 0x30
2026-07-26T00:49:37.751Z In(05) vmx Capability Found: vpmc.version = 3
2026-07-26T00:49:37.751Z In(05) vmx Capability Found: vpmc.genctr.0 = 1
2026-07-26T00:49:37.751Z In(05) vmx Capability Found: vpmc.genctr.1 = 1
2026-07-26T00:49:37.751Z In(05) vmx Capability Found: vpmc.genctr.2 = 1
2026-07-26T00:49:37.751Z In(05) vmx Capability Found: vpmc.genctr.3 = 1
2026-07-26T00:49:37.751Z In(05) vmx Capability Found: svga0*svga.supports3d = 1
2026-07-26T00:49:37.751Z In(05) vmx Capability Found: svga0*svga.basecapslevel = 9
2026-07-26T00:49:37.751Z In(05) vmx Capability Found: svga0*svga.maxpointsize = 1
2026-07-26T00:49:37.751Z In(05) vmx Capability Found: svga0*svga.maxtexturesize = 0x4000
2026-07-26T00:49:37.751Z In(05) vmx Capability Found: svga0*svga.maxvolumeextent = 0x800
2026-07-26T00:49:37.751Z In(05) vmx Capability Found: svga0*svga.maxtextureanisotropy = 0x10
2026-07-26T00:49:37.751Z In(05) vmx Capability Found: svga0*svga.dxmaxconstantbuffers = 0xe
2026-07-26T00:49:37.751Z In(05) vmx Capability Found: svga0*svga.sm41 = 1
2026-07-26T00:49:37.751Z In(05) vmx Capability Found: svga0*svga.multisample2x = 1
2026-07-26T00:49:37.751Z In(05) vmx Capability Found: svga0*svga.multisample4x = 1
2026-07-26T00:49:37.751Z In(05) vmx Capability Found: svga0*svga.msfullquality = 1
2026-07-26T00:49:37.751Z In(05) vmx Capability Found: svga0*svga.logicops = 1
2026-07-26T00:49:37.751Z In(05) vmx Capability Found: svga0*svga.bc67 = 9
2026-07-26T00:49:37.751Z In(05) vmx Capability Found: svga0*svga.sm5 = 1
2026-07-26T00:49:37.751Z In(05) vmx Capability Found: svga0*svga.multisample8x = 1
2026-07-26T00:49:37.751Z In(05) vmx Capability Found: svga0*svga.logicblendops = 1
2026-07-26T00:49:37.751Z In(05) vmx Capability Found: svga0*svga.maxforcedsamplecount = 0x10
2026-07-26T00:49:37.751Z In(05) vmx FeatureCompat: Requirements:
2026-07-26T00:49:37.751Z In(05) vmx VM Features Required: cpuid.sse3 - Bool:Min:1
2026-07-26T00:49:37.751Z In(05) vmx VM Features Required: cpuid.pclmulqdq - Bool:Min:1
2026-07-26T00:49:37.751Z In(05) vmx VM Features Required: cpuid.ssse3 - Bool:Min:1
2026-07-26T00:49:37.751Z In(05) vmx VM Features Required: cpuid.fma - Bool:Min:1
2026-07-26T00:49:37.752Z In(05) vmx VM Features Required: cpuid.cmpxchg16b - Bool:Min:1
2026-07-26T00:49:37.752Z In(05) vmx VM Features Required: cpuid.pcid - Bool:Min:1
2026-07-26T00:49:37.752Z In(05) vmx VM Features Required: cpuid.sse41 - Bool:Min:1
2026-07-26T00:49:37.752Z In(05) vmx VM Features Required: cpuid.sse42 - Bool:Min:1
2026-07-26T00:49:37.752Z In(05) vmx VM Features Required: cpuid.movbe - Bool:Min:1
2026-07-26T00:49:37.752Z In(05) vmx VM Features Required: cpuid.popcnt - Bool:Min:1
2026-07-26T00:49:37.752Z In(05) vmx VM Features Required: cpuid.aes - Bool:Min:1
2026-07-26T00:49:37.752Z In(05) vmx VM Features Required: cpuid.xsave - Bool:Min:1
2026-07-26T00:49:37.752Z In(05) vmx VM Features Required: cpuid.avx - Bool:Min:1
2026-07-26T00:49:37.752Z In(05) vmx VM Features Required: cpuid.f16c - Bool:Min:1
2026-07-26T00:49:37.752Z In(05) vmx VM Features Required: cpuid.rdrand - Bool:Min:1
2026-07-26T00:49:37.752Z In(05) vmx VM Features Required: cpuid.ss - Bool:Min:1
2026-07-26T00:49:37.752Z In(05) vmx VM Features Required: cpuid.fsgsbase - Bool:Min:1
2026-07-26T00:49:37.752Z In(05) vmx VM Features Required: cpuid.bmi1 - Bool:Min:1
2026-07-26T00:49:37.752Z In(05) vmx VM Features Required: cpuid.avx2 - Bool:Min:1
2026-07-26T00:49:37.752Z In(05) vmx VM Features Required: cpuid.smep - Bool:Min:1
2026-07-26T00:49:37.752Z In(05) vmx VM Features Required: cpuid.bmi2 - Bool:Min:1
2026-07-26T00:49:37.752Z In(05) vmx VM Features Required: cpuid.enfstrg - Bool:Min:1
2026-07-26T00:49:37.752Z In(05) vmx VM Features Required: cpuid.invpcid - Bool:Min:1
2026-07-26T00:49:37.752Z In(05) vmx VM Features Required: cpuid.mdclear - Bool:Min:1
2026-07-26T00:49:37.752Z In(05) vmx VM Features Required: cpuid.stibp - Bool:Min:1
2026-07-26T00:49:37.752Z In(05) vmx VM Features Required: cpuid.fcmd - Bool:Min:1
2026-07-26T00:49:37.752Z In(05) vmx VM Features Required: cpuid.ssbd - Bool:Min:1
2026-07-26T00:49:37.752Z In(05) vmx VM Features Required: cpuid.xcr0_master_sse - Bool:Min:1
2026-07-26T00:49:37.752Z In(05) vmx VM Features Required: cpuid.xcr0_master_ymm_h - Bool:Min:1
2026-07-26T00:49:37.752Z In(05) vmx VM Features Required: cpuid.xsaveopt - Bool:Min:1
2026-07-26T00:49:37.752Z In(05) vmx VM Features Required: cpuid.lahf64 - Bool:Min:1
2026-07-26T00:49:37.752Z In(05) vmx VM Features Required: cpuid.abm - Bool:Min:1
2026-07-26T00:49:37.752Z In(05) vmx VM Features Required: cpuid.nx - Bool:Min:1
2026-07-26T00:49:37.752Z In(05) vmx VM Features Required: cpuid.pdpe1gb - Bool:Min:1
2026-07-26T00:49:37.752Z In(05) vmx VM Features Required: cpuid.rdtscp - Bool:Min:1
2026-07-26T00:49:37.752Z In(05) vmx VM Features Required: cpuid.lm - Bool:Min:1
2026-07-26T00:49:37.752Z In(05) vmx VM Features Required: cpuid.intel - Bool:Min:1
2026-07-26T00:49:37.752Z In(05) vmx VM Features Required: cpuid.ibrs - Bool:Min:1
2026-07-26T00:49:37.752Z In(05) vmx VM Features Required: cpuid.ibpb - Bool:Min:1
2026-07-26T00:49:37.752Z In(05) vmx VM Features Required: svga*svga.supports3d - Bool:Min:1
2026-07-26T00:49:37.752Z In(05) vmx VM Features Required: svga*svga.basecapslevel - Num:Min:9
2026-07-26T00:49:37.752Z In(05) vmx VM Features Required: svga*svga.maxpointsize - Num:Min:1
2026-07-26T00:49:37.752Z In(05) vmx VM Features Required: svga*svga.maxtexturesize - Num:Min:0x4000
2026-07-26T00:49:37.752Z In(05) vmx VM Features Required: svga*svga.maxvolumeextent - Num:Min:0x800
2026-07-26T00:49:37.752Z In(05) vmx VM Features Required: svga*svga.maxtextureanisotropy - Num:Min:0x10
2026-07-26T00:49:37.752Z In(05) vmx VM Features Required: svga*svga.dxmaxconstantbuffers - Num:Min:0xe
2026-07-26T00:49:37.752Z In(05) vmx VM Features Required: svga*svga.sm41 - Bool:Min:1
2026-07-26T00:49:37.752Z In(05) vmx VM Features Required: svga*svga.multisample2x - Bool:Min:1
2026-07-26T00:49:37.752Z In(05) vmx VM Features Required: svga*svga.multisample4x - Bool:Min:1
2026-07-26T00:49:37.752Z In(05) vmx VM Features Required: svga*svga.msfullquality - Bool:Min:1
2026-07-26T00:49:37.752Z In(05) vmx VM Features Required: svga*svga.logicops - Bool:Min:1
2026-07-26T00:49:37.752Z In(05) vmx VM Features Required: svga*svga.bc67 - Num:Min:9
2026-07-26T00:49:37.752Z In(05) vmx VM Features Required: svga*svga.sm5 - Bool:Min:1
2026-07-26T00:49:37.752Z In(05) vmx VM Features Required: svga*svga.multisample8x - Bool:Min:1
2026-07-26T00:49:37.752Z In(05) vmx VM Features Required: svga*svga.logicblendops - Bool:Min:1
2026-07-26T00:49:37.752Z In(05) vmx VM Features Required: svga*svga.maxforcedsamplecount - Num:Min:0x10
2026-07-26T00:49:37.755Z In(05) vmx TOOLS received request in VMX to set option 'enableDnD' -> '1'
2026-07-26T00:49:37.756Z In(05) vmx 
2026-07-26T00:49:37.756Z In(05)+ vmx OvhdMem: Static (Power On) Overheads
2026-07-26T00:49:37.756Z In(05) vmx                                                       reserved      |          used
2026-07-26T00:49:37.756Z In(05) vmx OvhdMem excluded                                  cur    max    avg |    cur    max    avg
2026-07-26T00:49:37.756Z In(05) vmx OvhdMem OvhdUser_MainMem                    :  524288 524288      - | 264396 264396      -
2026-07-26T00:49:37.756Z In(05) vmx OvhdMem OvhdUser_VmxText                    :    7936   7936      - |      0      0      -
2026-07-26T00:49:37.756Z In(05) vmx OvhdMem OvhdUser_VmxTextLibs                :   17408  17408      - |      0      0      -
2026-07-26T00:49:37.756Z In(05) vmx OvhdMem Total excluded                      :  549632 549632      - |      -      -      -
2026-07-26T00:49:37.756Z In(05) vmx OvhdMem Actual maximum                      :         549632        |             -
2026-07-26T00:49:37.756Z In(05)+ vmx 
2026-07-26T00:49:37.756Z In(05) vmx                                                       reserved      |          used
2026-07-26T00:49:37.756Z In(05) vmx OvhdMem paged                                     cur    max    avg |    cur    max    avg
2026-07-26T00:49:37.756Z In(05) vmx OvhdMem OvhdUser_STATS_vmm                  :       4      4      - |      0      0      -
2026-07-26T00:49:37.756Z In(05) vmx OvhdMem OvhdUser_STATS_device               :       2      2      - |      0      0      -
2026-07-26T00:49:37.756Z In(05) vmx OvhdMem OvhdUser_SvgaMobFallback            :  1048576 1048576      - |      0      0      -
2026-07-26T00:49:37.756Z In(05) vmx OvhdMem OvhdUser_DiskLibMemUsed             :    3075   3075      - |      0      0      -
2026-07-26T00:49:37.756Z In(05) vmx OvhdMem OvhdUser_SvgaSurfaceTable           :    2944   2944      - |    385    385      -
2026-07-26T00:49:37.757Z In(05) vmx OvhdMem OvhdUser_SvgaSDirtyCache            :      96     96      - |      0      0      -
2026-07-26T00:49:37.757Z In(05) vmx OvhdMem OvhdUser_SvgaShaderTable            :    1000   1000      - |    193    193      -
2026-07-26T00:49:37.757Z In(05) vmx OvhdMem OvhdUser_SvgaShaderText             :    2304   2304      - |      0      0      -
2026-07-26T00:49:37.757Z In(05) vmx OvhdMem OvhdUser_SvgaContextCache           :    1405   1405      - |      0      0      -
2026-07-26T00:49:37.757Z In(05) vmx OvhdMem OvhdUser_SvgaDXRTViewTable          :      31     31      - |      0      0      -
2026-07-26T00:49:37.757Z In(05) vmx OvhdMem OvhdUser_SvgaDXDSViewTable          :      16     16      - |      0      0      -
2026-07-26T00:49:37.757Z In(05) vmx OvhdMem OvhdUser_SvgaDXSRViewTable          :    1021   1021      - |    193    193      -
2026-07-26T00:49:37.757Z In(05) vmx OvhdMem OvhdUser_SvgaDXUAViewTable          :      70     70      - |      0      0      -
2026-07-26T00:49:37.757Z In(05) vmx OvhdMem OvhdUser_SvgaDXBlendStateTable      :      31     31      - |      0      0      -
2026-07-26T00:49:37.757Z In(05) vmx OvhdMem OvhdUser_SvgaDXElementLayoutTable   :     199    199      - |      0      0      -
2026-07-26T00:49:37.757Z In(05) vmx OvhdMem OvhdUser_SvgaDXDepthStencilTable    :      19     19      - |      0      0      -
2026-07-26T00:49:37.757Z In(05) vmx OvhdMem OvhdUser_SvgaDXRasterizerStateTable :      19     19      - |      0      0      -
2026-07-26T00:49:37.757Z In(05) vmx OvhdMem OvhdUser_SvgaDXSamplerTable         :     141    141      - |      0      0      -
2026-07-26T00:49:37.757Z In(05) vmx OvhdMem OvhdUser_SvgaDXContextTable         :    1472   1472      - |      0      0      -
2026-07-26T00:49:37.757Z In(05) vmx OvhdMem OvhdUser_SvgaDXShaderTable          :     241    241      - |      0      0      -
2026-07-26T00:49:37.757Z In(05) vmx OvhdMem OvhdUser_SvgaDXShaderText           :    4352   4352      - |      0      0      -
2026-07-26T00:49:37.757Z In(05) vmx OvhdMem OvhdUser_SvgaDXStreamOutTable       :     516    516      - |      0      0      -
2026-07-26T00:49:37.757Z In(05) vmx OvhdMem OvhdUser_SvgaDXQueryTable           :     132    132      - |      0      0      -
2026-07-26T00:49:37.757Z In(05) vmx OvhdMem OvhdUser_SvgaVAProcessorTable       :       1      1      - |      0      0      -
2026-07-26T00:49:37.757Z In(05) vmx OvhdMem OvhdUser_SvgaVADecoderTable         :       1      1      - |      0      0      -
2026-07-26T00:49:37.757Z In(05) vmx OvhdMem OvhdUser_SvgaCursor                 :      10     10      - |     10     10      -
2026-07-26T00:49:37.757Z In(05) vmx OvhdMem OvhdUser_SvgaPPNList                :    1026   1026      - |      0      0      -
2026-07-26T00:49:37.757Z In(05) vmx OvhdMem OvhdUser_VmxGlobals                 :   10240  10240      - |      0      0      -
2026-07-26T00:49:37.757Z In(05) vmx OvhdMem OvhdUser_VmxGlobalsLibs             :    3584   3584      - |      0      0      -
2026-07-26T00:49:37.757Z In(05) vmx OvhdMem OvhdUser_VmxHeap                    :   10752  10752      - |      0      0      -
2026-07-26T00:49:37.757Z In(05) vmx OvhdMem OvhdUser_VmxMks                     :      49     49      - |      0      0      -
2026-07-26T00:49:37.757Z In(05) vmx OvhdMem OvhdUser_VmxMksRenderOps            :    3494   3494      - |   2540   2540      -
2026-07-26T00:49:37.757Z In(05) vmx OvhdMem OvhdUser_VmxMks3d                   :  2711552 2711552      - |      0      0      -
2026-07-26T00:49:37.757Z In(05) vmx OvhdMem OvhdUser_VmxMksLLVM                 :   12288  12288      - |      0      0      -
2026-07-26T00:49:37.757Z In(05) vmx OvhdMem OvhdUser_VmxMksScreenTemp           :   69890  69890      - |      0      0      -
2026-07-26T00:49:37.757Z In(05) vmx OvhdMem OvhdUser_VmxMksVnc                  :   74936  74936      - |      0      0      -
2026-07-26T00:49:37.757Z In(05) vmx OvhdMem OvhdUser_VmxMksScreen               :  131075 131075      - |      0      0      -
2026-07-26T00:49:37.757Z In(05) vmx OvhdMem OvhdUser_VmxMksSVGAVO               :    4096   4096      - |      0      0      -
2026-07-26T00:49:37.757Z In(05) vmx OvhdMem OvhdUser_VmxMksSwbCursor            :    4096   4096      - |      0      0      -
2026-07-26T00:49:37.757Z In(05) vmx OvhdMem OvhdUser_VmxPhysMemErrPages         :      10     10      - |      0      0      -
2026-07-26T00:49:37.757Z In(05) vmx OvhdMem OvhdUser_VmxSLEntryBuf              :     128    128      - |      0      0      -
2026-07-26T00:49:37.757Z In(05) vmx OvhdMem OvhdUser_VmxThreads                 :   36864  36864      - |      0      0      -
2026-07-26T00:49:37.757Z In(05) vmx OvhdMem Total paged                         :  4141758 4141758      - |   3321   3321      -
2026-07-26T00:49:37.757Z In(05) vmx OvhdMem Actual maximum                      :         4141758        |        4141758
2026-07-26T00:49:37.757Z In(05)+ vmx 
2026-07-26T00:49:37.757Z In(05) vmx                                                       reserved      |          used
2026-07-26T00:49:37.757Z In(05) vmx OvhdMem nonpaged                                  cur    max    avg |    cur    max    avg
2026-07-26T00:49:37.757Z In(05) vmx OvhdMem OvhdUser_SharedArea                 :     153    153      - |    135    135      -
2026-07-26T00:49:37.757Z In(05) vmx OvhdMem OvhdUser_BusMemTraceBitmap          :      21     21      - |      0      0      -
2026-07-26T00:49:37.757Z In(05) vmx OvhdMem OvhdUser_PFrame                     :    1213   2242      - |   1213   1213      -
2026-07-26T00:49:37.757Z In(05) vmx OvhdMem OvhdUser_VIDE_KSEG                  :      16     16      - |     16     16      -
2026-07-26T00:49:37.757Z In(05) vmx OvhdMem OvhdUser_VGA                        :      64     64      - |     64     64      -
2026-07-26T00:49:37.757Z In(05) vmx OvhdMem OvhdUser_BalloonMPN                 :       1      1      - |      1      1      -
2026-07-26T00:49:37.757Z In(05) vmx OvhdMem OvhdUser_P2MUpdateBuffer            :       3      3      - |      0      0      -
2026-07-26T00:49:37.757Z In(05) vmx OvhdMem OvhdUser_ServicesMPN                :       3      3      - |      2      2      -
2026-07-26T00:49:37.757Z In(05) vmx OvhdMem OvhdUser_LocalApic                  :       2      2      - |      2      2      -
2026-07-26T00:49:37.757Z In(05) vmx OvhdMem OvhdUser_VBIOS                      :       8      8      - |      0      0      -
2026-07-26T00:49:37.757Z In(05) vmx OvhdMem OvhdUser_LSIBIOS                    :       4      4      - |      0      0      -
2026-07-26T00:49:37.757Z In(05) vmx OvhdMem OvhdUser_LSIRings                   :       4      4      - |      0      0      -
2026-07-26T00:49:37.757Z In(05) vmx OvhdMem OvhdUser_SAS1068BIOS                :       4      4      - |      0      0      -
2026-07-26T00:49:37.757Z In(05) vmx OvhdMem OvhdUser_SBIOS                      :      16     16      - |      0      0      -
2026-07-26T00:49:37.757Z In(05) vmx OvhdMem OvhdUser_AHCIBIOS                   :      16     16      - |      0      0      -
2026-07-26T00:49:37.757Z In(05) vmx OvhdMem OvhdUser_AHCIREGS                   :       1      1      - |      1      1      -
2026-07-26T00:49:37.757Z In(05) vmx OvhdMem OvhdUser_FlashRam                   :     128    128      - |      0      0      -
2026-07-26T00:49:37.757Z In(05) vmx OvhdMem OvhdUser_SMM                        :      63     63      - |      0      0      -
2026-07-26T00:49:37.757Z In(05) vmx OvhdMem OvhdUser_SVGAFB                     :    1024   1024      - |      0      0      -
2026-07-26T00:49:37.757Z In(05) vmx OvhdMem OvhdUser_SVGAMEM                    :      64    512      - |      0      0      -
2026-07-26T00:49:37.757Z In(05) vmx OvhdMem OvhdUser_HDAudioReg                 :       3      3      - |      0      0      -
2026-07-26T00:49:37.757Z In(05) vmx OvhdMem OvhdUser_EHCIRegister               :       1      1      - |      1      1      -
2026-07-26T00:49:37.757Z In(05) vmx OvhdMem OvhdUser_XhciRegister               :       1      1      - |      0      0      -
2026-07-26T00:49:37.757Z In(05) vmx OvhdMem OvhdUser_HyperV                     :       2      2      - |      0      0      -
2026-07-26T00:49:37.757Z In(05) vmx OvhdMem OvhdUser_ExtCfg                     :       4      4      - |      0      0      -
2026-07-26T00:49:37.757Z In(05) vmx OvhdMem OvhdUser_vhvCachedVMCS              :       2      2      - |      0      0      -
2026-07-26T00:49:37.757Z In(05) vmx OvhdMem OvhdUser_vhvNestedAPIC              :       2      2      - |      0      0      -
2026-07-26T00:49:37.757Z In(05) vmx OvhdMem OvhdUser_LBR                        :       2      2      - |      0      0      -
2026-07-26T00:49:37.757Z In(05) vmx OvhdMem OvhdUser_MonWired                   :      53     53      - |     53     53      -
2026-07-26T00:49:37.758Z In(05) vmx OvhdMem OvhdUser_MonNuma                    :     297    297      - |      0      0      -
2026-07-26T00:49:37.758Z In(05) vmx OvhdMem OvhdUser_NVDC                       :       1      1      - |      0      0      -
2026-07-26T00:49:37.758Z In(05) vmx OvhdMem OvhdUser_PCIeMMIOArea               :      70     70      - |     37     37      -
2026-07-26T00:49:37.758Z In(05) vmx OvhdMem Total nonpaged                      :    3246   4723      - |   1525   1525      -
2026-07-26T00:49:37.758Z In(05) vmx OvhdMem Actual maximum                      :           3246        |          4723
2026-07-26T00:49:37.758Z In(05)+ vmx 
2026-07-26T00:49:37.758Z In(05) vmx                                                       reserved      |          used
2026-07-26T00:49:37.758Z In(05) vmx OvhdMem anonymous                                 cur    max    avg |    cur    max    avg
2026-07-26T00:49:37.758Z In(05) vmx OvhdMem OvhdMon_Alloc                       :     196    196      - |      0      0      -
2026-07-26T00:49:37.758Z In(05) vmx OvhdMem OvhdMon_BusMemFrame                 :     578    635      - |      0      0      -
2026-07-26T00:49:37.758Z In(05) vmx OvhdMem OvhdMon_BusMem2MInfo                :       8      8      - |      0      0      -
2026-07-26T00:49:37.758Z In(05) vmx OvhdMem OvhdMon_BusMem1GInfo                :       1      1      - |      0      0      -
2026-07-26T00:49:37.758Z In(05) vmx OvhdMem OvhdMon_BusMemZapListMPN            :       1      1      - |      0      0      -
2026-07-26T00:49:37.758Z In(05) vmx OvhdMem OvhdMon_BusMemPreval                :       8      8      - |      0      0      -
2026-07-26T00:49:37.758Z In(05) vmx OvhdMem OvhdMon_MonAS                       :       2      2      - |      0      0      -
2026-07-26T00:49:37.758Z In(05) vmx OvhdMem OvhdMon_GuestMem                    :      80     80      - |      0      0      -
2026-07-26T00:49:37.758Z In(05) vmx OvhdMem OvhdMon_TC                          :    1026   1026      - |      0      0      -
2026-07-26T00:49:37.758Z In(05) vmx OvhdMem OvhdMon_BusMemMonAS                 :       5      5      - |      0      0      -
2026-07-26T00:49:37.758Z In(05) vmx OvhdMem OvhdMon_PlatformMonAS               :       7      7      - |      0      0      -
2026-07-26T00:49:37.758Z In(05) vmx OvhdMem OvhdMon_HVNuma                      :       4      4      - |      0      0      -
2026-07-26T00:49:37.758Z In(05) vmx OvhdMem OvhdMon_HV                          :       2      2      - |      0      0      -
2026-07-26T00:49:37.758Z In(05) vmx OvhdMem OvhdMon_HVMSRBitmap                 :       1      1      - |      0      0      -
2026-07-26T00:49:37.758Z In(05) vmx OvhdMem OvhdMon_VHVGuestMSRBitmap           :       2      2      - |      0      0      -
2026-07-26T00:49:37.758Z In(05) vmx OvhdMem OvhdMon_VHV                         :       6      6      - |      0      0      -
2026-07-26T00:49:37.758Z In(05) vmx OvhdMem OvhdMon_Numa                        :      30     30      - |      0      0      -
2026-07-26T00:49:37.758Z In(05) vmx OvhdMem OvhdMon_NumaTextRodata              :     199    199      - |      0      0      -
2026-07-26T00:49:37.758Z In(05) vmx OvhdMem OvhdMon_NumaDataBss                 :      98     98      - |      0      0      -
2026-07-26T00:49:37.758Z In(05) vmx OvhdMem OvhdMon_BaseWired                   :      58     58      - |      0      0      -
2026-07-26T00:49:37.758Z In(05) vmx OvhdMem OvhdMon_Bootstrap                   :    2303   2303      - |      0      0      -
2026-07-26T00:49:37.758Z In(05) vmx OvhdMem OvhdMon_GPhysTraced                 :     266    266      - |      0      0      -
2026-07-26T00:49:37.758Z In(05) vmx OvhdMem OvhdMon_GPhysHWMMU                  :    1282   1282      - |      0      0      -
2026-07-26T00:49:37.758Z In(05) vmx OvhdMem OvhdMon_GPhysNoTrace                :     266    266      - |      0      0      -
2026-07-26T00:49:37.758Z In(05) vmx OvhdMem OvhdMon_PhysMemGart                 :     104    104      - |      0      0      -
2026-07-26T00:49:37.758Z In(05) vmx OvhdMem OvhdMon_PhysMemErr                  :       7      7      - |      0      0      -
2026-07-26T00:49:37.758Z In(05) vmx OvhdMem OvhdMon_VProbe                      :       1      1      - |      0      0      -
2026-07-26T00:49:37.758Z In(05) vmx OvhdMem Total anonymous                     :    6541   6598      - |      0      0      -
2026-07-26T00:49:37.758Z In(05) vmx OvhdMem Actual maximum                      :           6541        |          6598
2026-07-26T00:49:37.758Z In(05)+ vmx 
2026-07-26T00:49:37.758Z In(05) vmx VMMEM: Precise Reservation: 16216MB (MainMem=2048MB)
2026-07-26T00:49:37.782Z In(05) vmx Vix: [mainDispatch.c:1059]: VMAutomation_PowerOn. Powering on.
2026-07-26T00:49:37.783Z No(00) vmx PowerOnTiming: ALL took 200070915 us
2026-07-26T00:49:37.783Z In(05) vmx VMX_PowerOn: ModuleTable_PowerOn = 1
2026-07-26T00:49:37.942Z No(00) vmx ConfigDB: Setting cleanShutdown = "FALSE"
2026-07-26T00:49:37.942Z No(00) vmx ConfigDB: Setting softPowerOff = "FALSE"
2026-07-26T00:49:38.221Z In(05) vcpu-0 VTHREAD 34828 "vcpu-0"
2026-07-26T00:49:38.233Z In(05) vcpu-0 MonTimer APIC:0/0 vec: 0
2026-07-26T00:49:38.233Z In(05) vcpu-0 APIC: version = 0x15, max LVT = 6, LDR = 0x8000000, DFR = 0xffffffff
2026-07-26T00:49:38.234Z In(05) vcpu-0 Active HV capabilities
2026-07-26T00:49:38.234Z In(05) vcpu-0    Full decode
2026-07-26T00:49:38.234Z In(05) vcpu-0    Nested paging A/D bits
2026-07-26T00:49:38.234Z In(05) vcpu-0    Real-address mode
2026-07-26T00:49:38.234Z In(05) vcpu-0    Skip debug state
2026-07-26T00:49:38.234Z In(05) vcpu-0    X2APIC virtualization
2026-07-26T00:49:38.234Z In(05) vcpu-0    PAUSE-loop exiting
2026-07-26T00:49:38.271Z In(05) vcpu-1 VTHREAD 13676 "vcpu-1"
2026-07-26T00:49:38.272Z In(05) vcpu-1 MonTimer APIC:0/0 vec: 0
2026-07-26T00:49:38.272Z In(05) vcpu-1 APIC: version = 0x15, max LVT = 6, LDR = 0x20000000, DFR = 0xffffffff
2026-07-26T00:49:38.327Z In(05) vcpu-0 GuestRpc: Using vsocket for TCLO messaging is disabled.
2026-07-26T00:49:38.327Z In(05) svga MKSThread: SVGA thread is entering the main loop
2026-07-26T00:49:38.329Z In(05) vcpu-0 memoryHotplug: Node 0: Present: 2047 MB (100 %) Size:3071 MB (100 %)
2026-07-26T00:49:38.329Z In(05) vcpu-0 PIIX4: PM Resuming from suspend type 0x5, chipset.onlineStandby 0
2026-07-26T00:49:42.243Z In(05) vcpu-0 SOUND 822.434498 ES1371Win32GetMixerCtl mixerGetLineInfo error 1024
2026-07-26T00:49:42.388Z In(05) vcpu-0 VNET: MACVNetConnectToNetwork 'Ethernet1' notify available.
2026-07-26T00:49:42.390Z In(05) vcpu-0 VNET: 'ethernet0' enable link state propagation, lsp.state = 5
2026-07-26T00:49:42.391Z In(05) vcpu-0 VNET: MACVNetConnectToNetwork 'ethernet0' lsp.state = 4
2026-07-26T00:49:42.391Z In(05) vcpu-0 VNET: MACVNetConnectToNetwork 'Ethernet0' notify available.
2026-07-26T00:49:42.392Z In(05) vcpu-0 HGFSPublish: publishing 0 shares
2026-07-26T00:49:42.394Z In(05) vcpu-0 Win32U_GetFileAttributes: GetFileAttributesExW("G:\VMs\Richard's Kali.vmpl", ...) failed, error: 2
2026-07-26T00:49:42.394Z In(05) vcpu-0 PolicyVMXFindPolicyKey: policy file does not exist.
2026-07-26T00:49:42.399Z In(05) vcpu-0 DEVSWAP: GuestOS does not require LSI adapter swap.
2026-07-26T00:49:42.399Z In(05) vcpu-0 Intel VT: FlexPriority disabled, VPID enabled.
2026-07-26T00:49:42.400Z In(05) worker-400 MainMem: Begin lazy IO (524288 pages, 524288 done, 1 threads, bio = 0).
2026-07-26T00:49:42.400Z In(05) worker-400 MainMem: End lazy IO (524288 done, sync = 0, error = 0).
2026-07-26T00:49:42.803Z In(05) svga SVGA-ScreenMgr: Screen type changed to ScreenTarget
2026-07-26T00:49:42.803Z In(05) svga SWBScreen: Screen 1 Defined: xywh(0, 0, 1280, 800) flags=0x2
2026-07-26T00:49:57.939Z In(05) vcpu-0 SVGA: Registering MemSpace at 0xe8000000(0xe8000000) and 0xfe000000(0xfe000000)
2026-07-26T00:49:57.941Z In(05) vcpu-0 SVGA: FIFO is already mapped
2026-07-26T00:49:57.942Z No(00) vcpu-0 Metrics lastUpdate (s): 791838
2026-07-26T00:49:57.942Z In(05) vcpu-0 Vix: [mainDispatch.c:4213]: VMAutomation_ReportPowerOpFinished: statevar=0, newAppState=1872, success=1 additionalError=0
2026-07-26T00:49:57.942Z In(05) vcpu-0 Vix: [mainDispatch.c:4130]: VMAutomationReportPowerStateChange: Reporting power state change (opcode=0, err=0).
2026-07-26T00:49:57.942Z In(05) vcpu-0 Vix: [mainDispatch.c:4130]: VMAutomationReportPowerStateChange: Reporting power state change (opcode=2, err=0).
2026-07-26T00:49:57.942Z In(05) vcpu-0 Transitioned vmx/execState/val to poweredOn
2026-07-26T00:49:57.942Z In(05) vcpu-0 Tools: Adding Tools inactivity timer.
2026-07-26T00:49:57.945Z In(05) vmx USB: New set of 1 USB devices.
2026-07-26T00:49:57.945Z In(05) vmx USB: Found device [name:Shared\ O2Micro\ CCID\ SC\ Reader\ 0 vid:0e0f pid:0004 speed:full family:smart-card deviceType:virtual-smartcard version:5]
2026-07-26T00:49:58.268Z In(05) vcpu-0 Preparing for SPEC_CTRL Guest MSR write (0x48) passthrough.
2026-07-26T00:49:58.349Z In(05) vmx VNET: MACVNetLinkStateEventHandler: event, up:1, adapter:0
2026-07-26T00:49:58.349Z In(05) vmx VNET: MACVNetLinkStateEventHandler: 'ethernet0' state from 4 to 6.
2026-07-26T00:49:58.350Z In(05) vmx ToolsISO: Refreshing imageName for 'ubuntu-64' (refreshCount=1, lastCount=1).
2026-07-26T00:49:58.488Z In(05) vmx ToolsISO: open of C:\Program Files (x86)\VMware\VMware Workstation\isoimages_manifest.txt.sig failed: Could not find the file
2026-07-26T00:49:58.488Z In(05) vmx ToolsISO: Unable to read signature file 'C:\Program Files (x86)\VMware\VMware Workstation\isoimages_manifest.txt.sig', ignoring.
2026-07-26T00:49:58.489Z In(05) vmx ToolsISO: Updated cached value for imageName to 'linux.iso'.
2026-07-26T00:49:58.489Z In(05) vmx ToolsISO: Selected Tools ISO 'linux.iso' for 'ubuntu-64' guest.
2026-07-26T00:49:58.489Z In(05) vmx Win32U_GetFileAttributes: GetFileAttributesExW("C:\Program Files (x86)\VMware\VMware Workstation\linux.iso", ...) failed, error: 2
2026-07-26T00:49:58.489Z In(05) vmx TOOLS updated cached value for isoImageExists to 0.
2026-07-26T00:49:58.489Z In(05) vmx VMXVmdb_SetToolsVersionStatus: status value set to 'unmanaged', 'unmanaged', install impossible
2026-07-26T00:49:58.489Z In(05) vmx MainMem: Completed pending lazy checkpoint restore (1).
2026-07-26T00:49:58.489Z In(05) vmx CPT: Deleting checkpoint state, 'G:\VMs\Richard's Kali-b1cac1b8.vmss'.
2026-07-26T00:49:58.865Z In(05) vmx USB: New set of 5 USB devices.
2026-07-26T00:49:58.865Z In(05) vmx USB: Found device [name:Intel(R)\ Wireless\ Bluetooth(R) vid:8087 pid:07dc path:1/0/7 speed:full family:wireless,bluetooth instanceId:USB\\VID_8087&PID_07DC\\5&8F97EA0&0&8 arbRuntimeKey:7 version:5]
2026-07-26T00:49:58.865Z In(05) vmx USB: Found device [name:Sierra\ Wireless\ EM7305 vid:1199 pid:9041 path:1/0/10 speed:high family:vendor,comm instanceId:USB\\VID_1199&PID_9041\\5&8F97EA0&0&11 arbRuntimeKey:3 version:5]
2026-07-26T00:49:58.865Z In(05) vmx USB: Found device [name:Chicony\ FJ\ Camera vid:04f2 pid:b3b4 path:1/0/11 speed:high family:video instanceId:USB\\VID_04F2&PID_B3B4\\0X0001 serialnum:0X0001 arbRuntimeKey:4 version:5]
2026-07-26T00:49:58.865Z In(05) vmx USB: Found device [name:O2\ Micro\ O2Micro\ CCID\ SC\ Reader vid:0b97 pid:7772 path:1/0/4/1 speed:full family:smart-card instanceId:USB\\VID_0B97&PID_7772\\6&19995A7D&0&2 arbRuntimeKey:1 quirks:skip-setconfig,skip-reset,pause-pm-policy version:5]
2026-07-26T00:49:58.865Z In(05) vmx USB: Found device [name:Shared\ O2Micro\ CCID\ SC\ Reader\ 0 vid:0e0f pid:0004 speed:full family:smart-card deviceType:virtual-smartcard version:5]
2026-07-26T00:49:58.869Z In(05) vcpu-0 CPT: vmstart
2026-07-26T00:49:58.869Z In(05) vcpu-1 CPT: vmstart
2026-07-26T00:49:58.890Z In(05) vmx DEVSWAP: GuestOS does not require LSI adapter swap.
2026-07-26T00:49:58.893Z In(05) vmx GuestInfo: HostinfoDetailedDataHeader version: 1
2026-07-26T00:49:58.934Z No(00) vmx ConfigDB: Setting guestInfo.detailed.data = <not printed>
2026-07-26T00:49:59.490Z In(05) vcpu-0 Tools: Running status rpc handler: 0 => 1.
2026-07-26T00:49:59.490Z In(05) vcpu-0 Tools: Changing running status: 0 => 1.
2026-07-26T00:49:59.490Z In(05) vcpu-0 Tools: [RunningStatus] Last heartbeat value 1 (last received 0s ago)
2026-07-26T00:49:59.490Z In(05) vcpu-0 Tools: Removing Tools inactivity timer.
2026-07-26T00:49:59.491Z In(05) mks MKSControlMgr: connected
2026-07-26T00:49:59.494Z In(05) vmx DEVSWAP: GuestOS does not require LSI adapter swap.
2026-07-26T00:49:59.497Z Wa(03) vcpu-1 GuestRpc: application toolbox-dnd, changing channel 65535 -> 1
2026-07-26T00:49:59.497Z In(05) vcpu-1 GuestRpc: Channel 1, guest application toolbox-dnd.
2026-07-26T00:49:59.497Z In(05) vcpu-1 TOOLS: appName=toolbox-dnd, oldStatus=0, status=1, guestInitiated=0.
2026-07-26T00:49:59.498Z In(05) mks SWBWindow: Number of MKSWindows changed: 1 rendering MKSWindow(s) of total 1.
2026-07-26T00:49:59.498Z In(05) mks SWBWindow: Window 0 Defined: src screenId=-1, src xywh(0, 0, 1280, 800) dest xywh(0, 0, 1280, 800) pixelScale=1, flags=0x7
2026-07-26T00:49:59.498Z In(05) mks MKS-HWinMux: Backend Switch Queued
2026-07-26T00:49:59.498Z In(05) mks SWBWindow: Number of MKSWindows changed: 1 rendering MKSWindow(s) of total 2.
2026-07-26T00:49:59.498Z In(05) mks SWBWindow: Window 1 Defined: src screenId=-1, src xywh(0, 0, 1280, 800) dest xywh(0, 0, 100, 100) pixelScale=1, flags=0x8
2026-07-26T00:49:59.498Z In(05) mks MKS-HWinMux: Backend Switch Queued
2026-07-26T00:49:59.856Z In(05) mks DXGIPresentation: Enumerating adapter 0
2026-07-26T00:49:59.856Z In(05) mks DXGIPresentation: `NVIDIA Quadro K1100M` vendor=0x10de device=0x0ff6 revision=161
2026-07-26T00:49:59.856Z In(05) mks DXGIPresentation: video=2009MB system=0MB shared=8132MB
2026-07-26T00:49:59.856Z In(05) mks DXGIPresentation: LOCAL     budget  1708M usage     0M avail   904M res     0M
2026-07-26T00:49:59.856Z In(05) mks DXGIPresentation: NON-LOCAL budget  7470M usage     0M avail  3863M res     0M
2026-07-26T00:49:59.856Z Wa(03) mks DXGIPresentation: Adapter LUID does not match renderer
2026-07-26T00:49:59.856Z In(05) mks DXGIPresentation: Enumerating adapter 1
2026-07-26T00:49:59.856Z In(05) mks DXGIPresentation: `Intel(R) HD Graphics 4600` vendor=0x8086 device=0x0416 revision=6
2026-07-26T00:49:59.856Z In(05) mks DXGIPresentation: video=112MB system=0MB shared=2048MB
2026-07-26T00:49:59.856Z In(05) mks DXGIPresentation: LOCAL     budget  2048M usage     0M avail  2048M res     0M
2026-07-26T00:49:59.856Z In(05) mks DXGIPresentation: NON-LOCAL budget     0M usage     0M avail     0M res     0M
2026-07-26T00:49:59.945Z Wa(03) vcpu-0 GuestRpc: application toolbox, changing channel 65535 -> 0
2026-07-26T00:49:59.945Z In(05) vcpu-0 GuestRpc: Channel 0, guest application toolbox.
2026-07-26T00:49:59.945Z In(05) vcpu-0 Tools: [AppStatus] Last heartbeat value 1 (last received 0s ago)
2026-07-26T00:49:59.945Z In(05) vcpu-0 TOOLS: appName=toolbox, oldStatus=0, status=1, guestInitiated=0.
2026-07-26T00:50:00.671Z In(05) mks DXGIPresentation: Using device unknown; adapter `Intel(R) HD Graphics 4600`
2026-07-26T00:50:00.671Z In(05) mks DXGIPresentation: Enumerating adapter 2
2026-07-26T00:50:00.671Z In(05) mks DXGIPresentation: `Microsoft Basic Render Driver` vendor=0x1414 device=0x008c revision=0
2026-07-26T00:50:00.671Z In(05) mks DXGIPresentation: video=0MB system=0MB shared=8132MB
2026-07-26T00:50:00.671Z In(05) mks DXGIPresentation: LOCAL     budget  7470M usage     0M avail  3863M res     0M
2026-07-26T00:50:00.671Z In(05) mks DXGIPresentation: NON-LOCAL budget     0M usage     0M avail     0M res     0M
2026-07-26T00:50:01.914Z In(05) mks MKS-HWinMux: Started DXGI presentation backend.
2026-07-26T00:50:03.767Z In(05) mks MKS-VMDB: VMDB requested a screenshot
2026-07-26T00:50:03.790Z In(05) svga MKSScreenShotMgr: Taking a screenshot
2026-07-26T00:50:04.751Z In(05) mks SWBWindow: Window #0 validation failed: no valid host window or host surface.
2026-07-26T00:50:04.751Z In(05) mks SWBVmdb: Destroy SWB Window Id #0 because an invalid MKSWindow definition is received from UI over VMDB.
2026-07-26T00:50:04.751Z In(05) mks SWBWindow: Window 0 Destroyed: src screenId=-1, src xywh(0, 0, 1280, 800) dest xywh(0, 0, 1280, 800) pixelScale=1, flags=0x7
2026-07-26T00:50:04.752Z In(05) mks SWBWindow: Number of MKSWindows changed: 0 rendering MKSWindow(s) of total 1.
2026-07-26T00:50:04.752Z In(05) mks SWBWindow: Window #1 validation failed: no valid host window or host surface.
2026-07-26T00:50:04.752Z In(05) mks SWBVmdb: Destroy SWB Window Id #1 because an invalid MKSWindow definition is received from UI over VMDB.
2026-07-26T00:50:04.752Z In(05) mks SWBWindow: Window 1 Destroyed: src screenId=-1, src xywh(0, 0, 1280, 800) dest xywh(0, 0, 100, 100) pixelScale=1, flags=0x8
2026-07-26T00:50:04.752Z In(05) mks MKS-HWinMux: Backend Switch Queued
2026-07-26T00:50:04.752Z In(05) mks SWBWindow: Number of MKSWindows changed: 0 rendering MKSWindow(s) of total 0.
2026-07-26T00:50:05.622Z In(05) mks DXGIPresentation: Clearing device context
2026-07-26T00:50:05.622Z In(05) mks DXGIPresentation: Release D3D device
2026-07-26T00:50:06.028Z In(05) mks DXGIPresentation: Releasing DXGI Adapter
2026-07-26T00:50:06.028Z In(05) mks DXGIPresentation: Releasing DXGI factory
2026-07-26T00:50:06.301Z In(05) mks SWBWindow: Number of MKSWindows changed: 1 rendering MKSWindow(s) of total 1.
2026-07-26T00:50:06.301Z In(05) mks SWBWindow: Window 0 Defined: src screenId=-1, src xywh(0, 0, 1280, 800) dest xywh(0, 0, 1280, 800) pixelScale=1, flags=0x7
2026-07-26T00:50:06.301Z In(05) mks MKS-HWinMux: Backend Switch Queued
2026-07-26T00:50:06.301Z In(05) mks SWBWindow: Number of MKSWindows changed: 1 rendering MKSWindow(s) of total 2.
2026-07-26T00:50:06.301Z In(05) mks SWBWindow: Window 1 Defined: src screenId=-1, src xywh(0, 0, 1280, 800) dest xywh(0, 0, 1280, 800) pixelScale=1, flags=0x8
2026-07-26T00:50:06.301Z In(05) mks MKS-HWinMux: Backend Switch Queued
2026-07-26T00:50:06.428Z In(05) mks DXGIPresentation: Enumerating adapter 0
2026-07-26T00:50:06.428Z In(05) mks DXGIPresentation: `NVIDIA Quadro K1100M` vendor=0x10de device=0x0ff6 revision=161
2026-07-26T00:50:06.428Z In(05) mks DXGIPresentation: video=2009MB system=0MB shared=8132MB
2026-07-26T00:50:06.428Z In(05) mks DXGIPresentation: LOCAL     budget  1708M usage     0M avail   904M res     0M
2026-07-26T00:50:06.428Z In(05) mks DXGIPresentation: NON-LOCAL budget  7470M usage     0M avail  3863M res     0M
2026-07-26T00:50:06.428Z Wa(03) mks DXGIPresentation: Adapter LUID does not match renderer
2026-07-26T00:50:06.428Z In(05) mks DXGIPresentation: Enumerating adapter 1
2026-07-26T00:50:06.428Z In(05) mks DXGIPresentation: `Intel(R) HD Graphics 4600` vendor=0x8086 device=0x0416 revision=6
2026-07-26T00:50:06.428Z In(05) mks DXGIPresentation: video=112MB system=0MB shared=2048MB
2026-07-26T00:50:06.428Z In(05) mks DXGIPresentation: LOCAL     budget  2048M usage     0M avail  2048M res     0M
2026-07-26T00:50:06.428Z In(05) mks DXGIPresentation: NON-LOCAL budget     0M usage     0M avail     0M res     0M
2026-07-26T00:50:06.442Z In(05) mks DXGIPresentation: Using device unknown; adapter `Intel(R) HD Graphics 4600`
2026-07-26T00:50:06.443Z In(05) mks DXGIPresentation: Enumerating adapter 2
2026-07-26T00:50:06.443Z In(05) mks DXGIPresentation: `Microsoft Basic Render Driver` vendor=0x1414 device=0x008c revision=0
2026-07-26T00:50:06.443Z In(05) mks DXGIPresentation: video=0MB system=0MB shared=8132MB
2026-07-26T00:50:06.443Z In(05) mks DXGIPresentation: LOCAL     budget  7470M usage     0M avail  3863M res     0M
2026-07-26T00:50:06.443Z In(05) mks DXGIPresentation: NON-LOCAL budget     0M usage     0M avail     0M res     0M
2026-07-26T00:50:06.631Z In(05) mks MKS-HWinMux: Started DXGI presentation backend.
2026-07-26T00:50:08.878Z In(05) vcpu-1 DDB: "longContentID" = "e1f95fcd41f181ce36a6bb1db462ab41" (was "e58e1a337d25c14d020f78c7f0d3e4ef")
2026-07-26T00:50:09.515Z In(05) vmx VNET: MACVNetLinkStateTimerHandler: 'ethernet0' state from 6 to 1.
2026-07-26T00:50:19.669Z In(05) vmx GuestRpcSendTimedOut: message to toolbox-dnd timed out.
2026-07-26T00:50:19.669Z In(05) vmx TOOLS: appName=toolbox-dnd, oldStatus=1, status=2, guestInitiated=0.
2026-07-26T00:50:19.947Z In(05) vmx GuestRpcSendTimedOut: message to toolbox timed out.
2026-07-26T00:50:19.947Z In(05) vmx Tools: [AppStatus] Last heartbeat value 4 (last received 10s ago)
2026-07-26T00:50:19.947Z In(05) vmx TOOLS: appName=toolbox, oldStatus=1, status=2, guestInitiated=0.
2026-07-26T00:50:23.131Z In(05) vmx Tools: Changing running status: 1 => 2.
2026-07-26T00:50:23.131Z In(05) vmx Tools: [RunningStatus] Last heartbeat value 4 (last received 13s ago)
2026-07-26T00:50:23.411Z In(05) vmx TOOLS Received tools.set.versiontype rpc call, version = 13322, type = 4
2026-07-26T00:50:23.411Z In(05) vmx TOOLS Setting toolsVersionStatus = TOOLS_STATUS_UNMANAGED
2026-07-26T00:50:23.411Z In(05) vmx Tools_SetVersionAndType did nothing; new tools version (13322) and type (4) match old Tools version and type
2026-07-26T00:50:23.418Z In(05) vcpu-1 Tools: [AppStatus] Last heartbeat value 4 (last received 14s ago)
2026-07-26T00:50:23.418Z In(05) vcpu-1 TOOLS: appName=toolbox, oldStatus=2, status=1, guestInitiated=0.
2026-07-26T00:50:23.759Z In(05) vmx Guest: Executing script for state change 'OS_Resume'.
2026-07-26T00:50:24.419Z In(05) vcpu-0 Tools: State change '4' progress: last event 0, event 1, success 1.
2026-07-26T00:50:25.205Z In(05) vmx DnDCP: dndGuestVersion from vmdb failed, setting to 4
2026-07-26T00:50:25.205Z In(05) vmx DnDCP: set guest controllers to version 4
2026-07-26T00:50:25.449Z In(05) vcpu-1 TOOLS: appName=toolbox-dnd, oldStatus=2, status=1, guestInitiated=0.
2026-07-26T00:50:25.459Z In(05) vmx DnDCP: set guest controllers to version 4
2026-07-26T00:50:25.459Z In(05) vmx DnDCP: set guest controllers to version 4
2026-07-26T00:50:25.463Z In(05) vcpu-1 TOOLS call to unity.show.taskbar failed.
2026-07-26T00:50:27.200Z In(05) vmx Guest: Script exit code: 0, success = 1
2026-07-26T00:50:27.201Z In(05) vmx TOOLS state change 4 returned status 1
2026-07-26T00:50:27.201Z In(05) vmx Tools: State change '4' progress: last event 1, event 2, success 1.
2026-07-26T00:50:27.201Z In(05) vmx Tools: State change '4' progress: last event 1, event 4, success 1.
2026-07-26T00:50:27.201Z In(05) vmx Vix: [mainDispatch.c:4130]: VMAutomationReportPowerStateChange: Reporting power state change (opcode=2, err=0).
2026-07-26T00:50:27.201Z In(05) vmx Tools: Changing running status: 2 => 1.
2026-07-26T00:50:27.201Z In(05) vmx Tools: [RunningStatus] Last heartbeat value 8 (last received 0s ago)
2026-07-26T00:50:28.894Z In(05) vmx Guest: *** WARNING: GuestInfo collection interval longer than expected; actual=23480 sec, expected=30 sec. ***
2026-07-26T00:50:28.894Z In(05)+ vmx 
2026-07-26T00:50:31.984Z In(05) vmx VNET: MACVNetLinkStateTimerHandler: 'ethernet0' state from 1 to 5.
2026-07-26T00:53:18.482Z In(05) vmx VNET: MACVNetLinkStateEventHandler: event, up:0, adapter:1
2026-07-26T00:53:18.482Z In(05) vmx VNET: MACVNetLinkStateEventHandler: 'ethernet0' state from 5 to 7.
2026-07-26T00:53:18.482Z In(05) vmx VNET: MACVNetLinkStateEventHandler: event, up:1, adapter:0
2026-07-26T00:53:18.482Z In(05) vmx VNET: MACVNetLinkStateEventHandler: 'ethernet0' state from 7 to 2.
2026-07-26T00:53:35.400Z In(05) vmx VNET: MACVNetLinkStateEventHandler: event, up:0, adapter:1
2026-07-26T00:53:35.400Z In(05) vmx VNET: MACVNetLinkStateEventHandler: 'ethernet0' state from 2 to 0.
2026-07-26T00:53:35.401Z In(05) vmx VNET: MACVNetLinkStateEventHandler: event, up:1, adapter:0
2026-07-26T00:53:35.401Z In(05) vmx VNET: MACVNetLinkStateEventHandler: 'ethernet0' state from 0 to 2.
2026-07-26T00:53:38.194Z In(05) mks MKS-VMDB: VMDB requested a screenshot
2026-07-26T00:53:38.195Z In(05) svga MKSScreenShotMgr: Taking a screenshot
2026-07-26T00:53:52.920Z In(05) vmx VNET: MACVNetLinkStateTimerHandler: 'ethernet0' state from 2 to 6.
2026-07-26T00:53:58.051Z In(05) vmx VNET: MACVNetLinkStateTimerHandler: 'ethernet0' state from 6 to 1.
2026-07-26T00:53:58.051Z In(05) vmx scsi0:0: Command WRITE(10) took 4.393 seconds (ok)
2026-07-26T00:54:07.066Z In(05) vmx scsi0:0: Command WRITE(10) took 1.031 seconds (ok)
2026-07-26T00:54:07.068Z In(05) vmx scsi0:0: Command WRITE(10) took 1.033 seconds (ok)
2026-07-26T00:54:07.068Z In(05) vmx scsi0:0: Command WRITE(10) took 1.033 seconds (ok)
2026-07-26T00:54:07.068Z In(05) vmx scsi0:0: Command WRITE(10) took 1.032 seconds (ok)
2026-07-26T00:54:07.068Z In(05) vmx scsi0:0: Command WRITE(10) took 1.032 seconds (ok)
2026-07-26T00:54:07.068Z In(05) vmx scsi0:0: Command WRITE(10) took 1.032 seconds (ok)
2026-07-26T00:54:07.068Z In(05) vmx scsi0:0: Command WRITE(10) took 1.032 seconds (ok)
2026-07-26T00:54:07.068Z In(05) vmx scsi0:0: Command WRITE(10) took 1.032 seconds (ok)
2026-07-26T00:54:07.068Z In(05) vmx scsi0:0: Command WRITE(10) took 1.031 seconds (ok)
2026-07-26T00:54:07.068Z In(05) vmx scsi0:0: Command WRITE(10) took 1.031 seconds (ok)
2026-07-26T00:54:07.068Z In(05) vmx scsi0:0: Command WRITE(10) took 1.031 seconds (ok)
2026-07-26T00:54:17.929Z In(05) mks SWBWindow: Number of MKSWindows changed: 0 rendering MKSWindow(s) of total 2.
2026-07-26T00:54:37.379Z In(05) mks SWBWindow: Window #0 validation failed: no valid host window or host surface.
2026-07-26T00:54:37.379Z In(05) mks SWBVmdb: Destroy SWB Window Id #0 because an invalid MKSWindow definition is received from UI over VMDB.
2026-07-26T00:54:37.379Z In(05) mks SWBWindow: Window 0 Destroyed: src screenId=-1, src xywh(0, 0, 1280, 800) dest xywh(0, 0, 1280, 800) pixelScale=1, flags=0x3
2026-07-26T00:54:37.379Z In(05) mks SWBWindow: Number of MKSWindows changed: 0 rendering MKSWindow(s) of total 1.
2026-07-26T00:54:37.379Z In(05) mks SWBWindow: Window #1 validation failed: no valid host window or host surface.
2026-07-26T00:54:37.379Z In(05) mks SWBVmdb: Destroy SWB Window Id #1 because an invalid MKSWindow definition is received from UI over VMDB.
2026-07-26T00:54:37.379Z In(05) mks SWBWindow: Window 1 Destroyed: src screenId=-1, src xywh(0, 0, 1280, 800) dest xywh(0, 0, 1280, 800) pixelScale=1, flags=0x8
2026-07-26T00:54:37.379Z In(05) mks MKS-HWinMux: Backend Switch Queued
2026-07-26T00:54:37.379Z In(05) mks SWBWindow: Number of MKSWindows changed: 0 rendering MKSWindow(s) of total 0.
2026-07-26T00:54:42.318Z In(05) mks DXGIPresentation: Clearing device context
2026-07-26T00:54:42.318Z In(05) mks DXGIPresentation: Release D3D device
2026-07-26T00:55:16.842Z In(05) mks DXGIPresentation: Releasing DXGI Adapter
2026-07-26T00:55:16.842Z In(05) mks DXGIPresentation: Releasing DXGI factory
2026-07-26T00:55:23.601Z In(05) vcpu-0 Tools: Tools heartbeat timeout.
2026-07-26T00:55:23.601Z In(05) vcpu-0 Tools: Running status rpc handler: 1 => 0.
2026-07-26T00:55:23.601Z In(05) vcpu-0 Tools: Changing running status: 1 => 0.
2026-07-26T00:55:23.601Z In(05) vcpu-0 Tools: [RunningStatus] Last heartbeat value 216 (last received 34s ago)
2026-07-26T00:55:29.197Z In(05) vmx VNET: MACVNetLinkStateEventHandler: event, up:0, adapter:1
2026-07-26T00:55:29.197Z In(05) vmx VNET: MACVNetLinkStateEventHandler: 'ethernet0' state from 1 to 3.
2026-07-26T00:55:29.197Z In(05) vmx VNET: MACVNetLinkStateEventHandler: event, up:1, adapter:0
2026-07-26T00:55:29.197Z In(05) vmx VNET: MACVNetLinkStateEventHandler: 'ethernet0' state from 3 to 2.
2026-07-26T00:55:46.220Z In(05) vmx GuestRpcSendTimedOut: message to toolbox timed out.
2026-07-26T00:55:46.220Z In(05) vmx Tools: [AppStatus] Last heartbeat value 216 (last received 57s ago)
2026-07-26T00:55:46.220Z In(05) vmx TOOLS: appName=toolbox, oldStatus=1, status=2, guestInitiated=0.
2026-07-26T00:55:46.220Z In(05) vmx GuestRpcSendTimedOut: message to toolbox-dnd timed out.
2026-07-26T00:55:46.220Z In(05) vmx TOOLS: appName=toolbox-dnd, oldStatus=1, status=2, guestInitiated=0.
2026-07-26T00:56:10.097Z In(05) vmx GuestRpcSendTimedOut: message to toolbox timed out.
2026-07-26T00:56:10.098Z In(05) vmx GuestRpc: app toolbox's second ping timeout; assuming app is down
2026-07-26T00:56:10.098Z In(05) vmx Tools: [AppStatus] Last heartbeat value 216 (last received 81s ago)
2026-07-26T00:56:10.098Z In(05) vmx TOOLS: appName=toolbox, oldStatus=2, status=0, guestInitiated=0.
2026-07-26T00:56:14.883Z In(05) vmx GuestRpcSendTimedOut: message to toolbox-dnd timed out.
2026-07-26T00:56:14.883Z In(05) vmx GuestRpc: app toolbox-dnd's second ping timeout; assuming app is down
2026-07-26T00:56:14.883Z In(05) vmx TOOLS: appName=toolbox-dnd, oldStatus=2, status=0, guestInitiated=0.
2026-07-26T00:56:18.018Z In(05) vmx GuestRpc: Reinitializing Channel 0(toolbox)
2026-07-26T00:56:18.018Z In(05) vmx GuestMsg: Channel 0, Cannot unpost because the previous post is already completed
2026-07-26T00:56:18.019Z In(05) vmx Tools: [AppStatus] Last heartbeat value 216 (last received 89s ago)
2026-07-26T00:56:18.019Z In(05) vmx TOOLS: appName=toolbox, oldStatus=0, status=0, guestInitiated=0.
2026-07-26T00:56:18.020Z In(05) vmx GuestRpc: Reinitializing Channel 1(toolbox-dnd)
2026-07-26T00:56:18.020Z In(05) vmx GuestMsg: Channel 1, Cannot unpost because the previous post is already completed
2026-07-26T00:56:18.020Z In(05) vmx TOOLS: appName=toolbox-dnd, oldStatus=0, status=0, guestInitiated=0.
2026-07-26T00:56:33.682Z In(05) vcpu-1 GuestMsg: Channel 1, Protocol error, state: 0
2026-07-26T00:56:33.682Z In(05) vcpu-1 GuestMsg: Cannot close channel 1: it is not opened
2026-07-26T00:56:34.252Z In(05) vcpu-0 Tools: Running status rpc handler: 0 => 1.
2026-07-26T00:56:34.252Z In(05) vcpu-0 Tools: Changing running status: 0 => 1.
2026-07-26T00:56:34.252Z In(05) vcpu-0 Tools: [RunningStatus] Last heartbeat value 217 (last received 0s ago)
2026-07-26T00:56:41.987Z In(05) vmx GuestRpc: Got error for channel 1 connection 6: Remote disconnected
2026-07-26T00:56:41.987Z In(05) vmx GuestRpc: GuestRpcResetVsockChannel: channel 1
2026-07-26T00:56:41.987Z In(05) vmx GuestRpc: Closing channel 1 connection 6
2026-07-26T00:56:41.992Z In(05) vmx Guest: *** WARNING: GuestInfo collection interval longer than expected; actual=123 sec, expected=30 sec. ***
2026-07-26T00:56:41.992Z In(05)+ vmx 
2026-07-26T00:56:42.890Z In(05) vcpu-0 GuestMsg: Channel 0, Protocol error, state: 0
2026-07-26T00:56:42.890Z In(05) vcpu-0 GuestMsg: Cannot close channel 0: it is not opened
2026-07-26T00:56:47.984Z In(05) vmx GuestRpc: Got error for channel 0 connection 5: Remote disconnected
2026-07-26T00:56:47.984Z In(05) vmx GuestRpc: GuestRpcResetVsockChannel: channel 0
2026-07-26T00:56:47.984Z In(05) vmx GuestRpc: Closing channel 0 connection 5
2026-07-26T00:57:04.139Z In(05) vcpu-0 Tools: Tools heartbeat timeout.
2026-07-26T00:57:04.139Z In(05) vcpu-0 Tools: Running status rpc handler: 1 => 0.
2026-07-26T00:57:04.139Z In(05) vcpu-0 Tools: Changing running status: 1 => 0.
2026-07-26T00:57:04.139Z In(05) vcpu-0 Tools: [RunningStatus] Last heartbeat value 218 (last received 20s ago)
2026-07-26T00:57:07.161Z In(05) vmx GuestRpc: Got RPCI vsocket connection 9, assigned to channel 0.
2026-07-26T00:58:21.820Z In(05) vmx Guest: *** WARNING: GuestInfo collection interval longer than expected; actual=72 sec, expected=30 sec. ***
2026-07-26T00:58:21.820Z In(05)+ vmx 
2026-07-26T00:58:34.021Z In(05) vcpu-0 Tools: Running status rpc handler: 0 => 1.
2026-07-26T00:58:34.021Z In(05) vcpu-0 Tools: Changing running status: 0 => 1.
2026-07-26T00:58:34.021Z In(05) vcpu-0 Tools: [RunningStatus] Last heartbeat value 219 (last received 0s ago)
2026-07-26T00:58:34.022Z In(05) vmx DEVSWAP: GuestOS does not require LSI adapter swap.
2026-07-26T00:58:34.026Z Wa(03) vcpu-1 GuestRpc: application toolbox, changing channel 65535 -> 0
2026-07-26T00:58:34.026Z In(05) vcpu-1 GuestRpc: Channel 0, guest application toolbox.
2026-07-26T00:58:34.027Z In(05) vcpu-1 Tools: [AppStatus] Last heartbeat value 219 (last received 0s ago)
2026-07-26T00:58:34.027Z In(05) vcpu-1 TOOLS: appName=toolbox, oldStatus=0, status=1, guestInitiated=0.
2026-07-26T00:58:50.217Z In(05) vmx Vix: [mainDispatch.c:4130]: VMAutomationReportPowerStateChange: Reporting power state change (opcode=2, err=0).
2026-07-26T00:58:50.225Z In(05) vmx TOOLS Received tools.set.versiontype rpc call, version = 13322, type = 4
2026-07-26T00:58:50.225Z In(05) vmx TOOLS Setting toolsVersionStatus = TOOLS_STATUS_UNMANAGED
2026-07-26T00:58:50.225Z In(05) vmx Tools_SetVersionAndType did nothing; new tools version (13322) and type (4) match old Tools version and type
2026-07-26T00:58:53.178Z In(05) vmx GuestInfo: HostinfoDetailedDataHeader version: 1
2026-07-26T00:58:53.179Z No(00) vmx ConfigDB: Setting guestInfo.detailed.data = <not printed>
2026-07-26T00:58:56.186Z In(05) vmx GuestRpcSendTimedOut: message to toolbox timed out.
2026-07-26T00:58:56.186Z In(05) vmx Tools: [AppStatus] Last heartbeat value 222 (last received 4s ago)
2026-07-26T00:58:56.186Z In(05) vmx TOOLS: appName=toolbox, oldStatus=1, status=2, guestInitiated=0.
2026-07-26T00:59:01.605Z In(05) vmx scsi0:0: Command WRITE(10) took 2.801 seconds (ok)
2026-07-26T00:59:01.605Z In(05) vmx scsi0:0: Command WRITE(10) took 2.801 seconds (ok)
2026-07-26T00:59:01.605Z In(05) vmx scsi0:0: Command WRITE(10) took 2.800 seconds (ok)
2026-07-26T00:59:01.605Z In(05) vmx scsi0:0: Command WRITE(10) took 2.092 seconds (ok)
2026-07-26T00:59:08.547Z In(05) vcpu-0 Tools: [AppStatus] Last heartbeat value 222 (last received 17s ago)
2026-07-26T00:59:08.547Z In(05) vcpu-0 TOOLS: appName=toolbox, oldStatus=2, status=1, guestInitiated=0.
2026-07-26T00:59:11.278Z In(05) vmx scsi0:0: Command READ(10) took 1.172 seconds (ok)
2026-07-26T00:59:14.937Z In(05) vmx GuestRpc: Got RPCI vsocket connection 10, assigned to channel 1.
2026-07-26T00:59:15.791Z In(05) vmx DEVSWAP: GuestOS does not require LSI adapter swap.
2026-07-26T00:59:15.792Z Wa(03) vcpu-0 GuestRpc: application toolbox-dnd, changing channel 65535 -> 1
2026-07-26T00:59:15.792Z In(05) vcpu-0 GuestRpc: Channel 1, guest application toolbox-dnd.
2026-07-26T00:59:15.792Z In(05) vcpu-0 TOOLS: appName=toolbox-dnd, oldStatus=0, status=1, guestInitiated=0.
2026-07-26T00:59:15.793Z In(05) vcpu-0 TOOLS call to unity.show.taskbar failed.
2026-07-26T00:59:24.207Z In(05) vmx VNET: MACVNetLinkStateTimerHandler: 'ethernet0' state from 2 to 6.
2026-07-26T00:59:25.377Z In(05) vmx GuestRpcSendTimedOut: message to toolbox-dnd timed out.
2026-07-26T00:59:27.882Z In(05) vmx DnDCP: set guest controllers to version 4
2026-07-26T00:59:28.120Z In(05) vmx scsi0:0: Command WRITE(10) took 1.494 seconds (ok)
2026-07-26T00:59:28.120Z In(05) vmx scsi0:0: Command WRITE(10) took 1.493 seconds (ok)
2026-07-26T00:59:30.291Z In(05) vmx scsi0:0: Command WRITE(10) took 2.171 seconds (ok)
2026-07-26T00:59:30.849Z In(05) vmx DnDCP: set guest controllers to version 4
2026-07-26T00:59:32.409Z In(05) vmx DnDCP: set guest controllers to version 4
2026-07-26T00:59:43.327Z In(05) vmx VNET: MACVNetLinkStateTimerHandler: 'ethernet0' state from 6 to 1.
2026-07-26T01:00:13.083Z In(05) vmx GuestRpcSendTimedOut: message to toolbox timed out.
2026-07-26T01:00:13.083Z In(05) vmx Tools: [AppStatus] Last heartbeat value 249 (last received 24s ago)
2026-07-26T01:00:13.083Z In(05) vmx TOOLS: appName=toolbox, oldStatus=1, status=2, guestInitiated=0.
2026-07-26T01:00:13.576Z In(05) vmx scsi0:0: Command WRITE(10) took 23.847 seconds (ok)
2026-07-26T01:00:18.086Z In(05) vmx GuestRpcSendTimedOut: message to toolbox-dnd timed out.
2026-07-26T01:00:18.086Z In(05) vmx TOOLS: appName=toolbox-dnd, oldStatus=1, status=2, guestInitiated=0.
2026-07-26T01:00:24.073Z In(05) vmx Guest: *** WARNING: GuestInfo collection interval longer than expected; actual=63 sec, expected=30 sec. ***
2026-07-26T01:00:24.073Z In(05)+ vmx 
2026-07-26T01:00:26.013Z In(05) vcpu-0 Tools: [AppStatus] Last heartbeat value 251 (last received 0s ago)
2026-07-26T01:00:26.013Z In(05) vcpu-0 TOOLS: appName=toolbox, oldStatus=2, status=1, guestInitiated=0.
2026-07-26T01:00:33.820Z In(05) vcpu-0 TOOLS: appName=toolbox-dnd, oldStatus=2, status=1, guestInitiated=0.
2026-07-26T01:01:08.384Z In(05) vmx scsi0:0: Command WRITE(10) took 1.453 seconds (ok)
2026-07-26T01:01:18.912Z In(05) vmx GuestRpcSendTimedOut: message to toolbox-dnd timed out.
2026-07-26T01:01:18.912Z In(05) vmx TOOLS: appName=toolbox-dnd, oldStatus=1, status=2, guestInitiated=0.
2026-07-26T01:01:37.156Z In(05) vmx VNET: MACVNetLinkStateEventHandler: event, up:0, adapter:1
2026-07-26T01:01:37.156Z In(05) vmx VNET: MACVNetLinkStateEventHandler: 'ethernet0' state from 1 to 3.
2026-07-26T01:01:37.156Z In(05) vmx VNET: MACVNetLinkStateEventHandler: event, up:1, adapter:0
2026-07-26T01:01:37.156Z In(05) vmx VNET: MACVNetLinkStateEventHandler: 'ethernet0' state from 3 to 2.
2026-07-26T01:01:38.746Z In(05) vcpu-0 TOOLS: appName=toolbox-dnd, oldStatus=2, status=1, guestInitiated=0.
2026-07-26T01:01:47.979Z In(05) vmx scsi0:0: Command WRITE(10) took 1.817 seconds (ok)
2026-07-26T01:01:49.912Z In(05) vmx VNET: MACVNetLinkStateEventHandler: event, up:0, adapter:1
2026-07-26T01:01:49.912Z In(05) vmx VNET: MACVNetLinkStateEventHandler: 'ethernet0' state from 2 to 0.
2026-07-26T01:01:49.912Z In(05) vmx VNET: MACVNetLinkStateEventHandler: event, up:1, adapter:0
2026-07-26T01:01:49.912Z In(05) vmx VNET: MACVNetLinkStateEventHandler: 'ethernet0' state from 0 to 2.
2026-07-26T01:03:29.858Z In(05) vmx GuestRpcSendTimedOut: message to toolbox-dnd timed out.
2026-07-26T01:03:29.858Z In(05) vmx TOOLS: appName=toolbox-dnd, oldStatus=1, status=2, guestInitiated=0.
2026-07-26T01:03:29.859Z In(05) vmx GuestRpcSendTimedOut: message to toolbox timed out.
2026-07-26T01:03:29.859Z In(05) vmx Tools: [AppStatus] Last heartbeat value 350 (last received 15s ago)
2026-07-26T01:03:29.859Z In(05) vmx TOOLS: appName=toolbox, oldStatus=1, status=2, guestInitiated=0.
2026-07-26T01:03:29.862Z In(05) vmx scsi0:0: Command WRITE(10) took 33.472 seconds (ok)
2026-07-26T01:03:29.862Z In(05) vmx scsi0:0: Command WRITE(10) took 33.470 seconds (ok)
2026-07-26T01:03:29.862Z In(05) vmx scsi0:0: Command WRITE(10) took 33.467 seconds (ok)
2026-07-26T01:03:29.862Z In(05) vmx scsi0:0: Command WRITE(10) took 18.930 seconds (ok)
2026-07-26T01:03:29.862Z In(05) vmx scsi0:0: Command WRITE(10) took 15.235 seconds (ok)
2026-07-26T01:03:29.932Z In(05) vmx Guest: *** WARNING: GuestInfo collection interval longer than expected; actual=61 sec, expected=30 sec. ***
2026-07-26T01:03:29.932Z In(05)+ vmx 
2026-07-26T01:03:31.762Z In(05) vcpu-1 Tools: [AppStatus] Last heartbeat value 351 (last received 1s ago)
2026-07-26T01:03:31.762Z In(05) vcpu-1 TOOLS: appName=toolbox, oldStatus=2, status=1, guestInitiated=0.
2026-07-26T01:03:51.577Z In(05) vmx scsi0:0: Command WRITE(10) took 9.012 seconds (ok)
2026-07-26T01:03:51.797Z In(05) vcpu-1 TOOLS: appName=toolbox-dnd, oldStatus=2, status=1, guestInitiated=0.
2026-07-26T01:05:29.415Z In(05) vmx VNET: MACVNetLinkStateTimerHandler: 'ethernet0' state from 2 to 6.
2026-07-26T01:05:35.199Z In(05) vmx VNET: MACVNetLinkStateTimerHandler: 'ethernet0' state from 6 to 1.
2026-07-26T01:05:55.679Z In(05) vmx VNET: MACVNetLinkStateTimerHandler: 'ethernet0' state from 1 to 5.
2026-07-26T01:07:10.923Z Wa(03) mks mksSandboxLog: DX11ShimOps: Intel doesn't support zeroing UAVs with other bind flags
2026-07-26T01:26:19.344Z In(05) vmx MemSched: caller 1 numvm 2 locked pages: num 1804550 max 3496448
2026-07-26T01:26:19.344Z In(05) vmx MemSched: locked Page Limit: host 3626984 config 3512832
2026-07-26T01:26:19.344Z In(05) vmx MemSched: minmempct 50  timestamp 768959
2026-07-26T01:26:19.526Z In(05) vmx MemSched: VM 0 min 799498 max 1585930 shares 1572864 paged 4141758 nonpaged 5326 anonymous 7740 locked 1534923 touchedPct 42 dirtiedPct 27 timestamp 768956 vmResponsive is 1
2026-07-26T01:26:19.526Z In(05) vmx MemSched: VM 1 min 269626 max 531770 shares 524288 paged 4141758 nonpaged 3246 anonymous 4236 locked 269627 touchedPct 8 dirtiedPct 1 timestamp 768959 vmResponsive is 1
2026-07-26T01:26:19.526Z In(05) vmx MemSched: locked 269627 target 531770 balloon 0 0 321696 swapped 7440 0 allocd 1 512 state 0 100
2026-07-26T01:26:19.526Z In(05) vmx MemSched: states: 0 1801 : 1 0 : 2 0 : 3 0
2026-07-26T01:26:19.526Z In(05) vmx MemSched: Balloon enabled 1 guestType 1 maxSize 494917
2026-07-26T01:26:27.700Z In(05) vmx VNET: MACVNetLinkStateEventHandler: event, up:0, adapter:1
2026-07-26T01:26:27.700Z In(05) vmx VNET: MACVNetLinkStateEventHandler: 'ethernet0' state from 5 to 7.
2026-07-26T01:26:27.700Z In(05) vmx VNET: MACVNetLinkStateEventHandler: event, up:1, adapter:0
2026-07-26T01:26:27.700Z In(05) vmx VNET: MACVNetLinkStateEventHandler: 'ethernet0' state from 7 to 2.
2026-07-26T01:26:36.049Z In(05) vmx VNET: MACVNetLinkStateTimerHandler: 'ethernet0' state from 2 to 6.
2026-07-26T01:26:36.151Z In(05) vmx VNET: MACVNetLinkStateTimerHandler: 'ethernet0' state from 6 to 1.
2026-07-26T01:26:41.185Z In(05) vmx VNET: MACVNetLinkStateTimerHandler: 'ethernet0' state from 1 to 5.
2026-07-26T01:31:06.033Z In(05) mks SWBWindow: Number of MKSWindows changed: 1 rendering MKSWindow(s) of total 1.
2026-07-26T01:31:06.033Z In(05) mks SWBWindow: Window 0 Defined: src screenId=-1, src xywh(0, 0, 1280, 800) dest xywh(0, 0, 1280, 800) pixelScale=1, flags=0x7
2026-07-26T01:31:06.054Z In(05) mks MKS-HWinMux: Backend Switch Queued
2026-07-26T01:31:06.088Z In(05) mks SWBWindow: Number of MKSWindows changed: 1 rendering MKSWindow(s) of total 2.
2026-07-26T01:31:06.088Z In(05) mks SWBWindow: Window 1 Defined: src screenId=-1, src xywh(0, 0, 1280, 800) dest xywh(0, 0, 100, 100) pixelScale=1, flags=0x8
2026-07-26T01:31:06.088Z In(05) mks MKS-HWinMux: Backend Switch Queued
2026-07-26T01:31:06.871Z In(05) mks DXGIPresentation: Enumerating adapter 0
2026-07-26T01:31:06.890Z In(05) mks DXGIPresentation: `NVIDIA Quadro K1100M` vendor=0x10de device=0x0ff6 revision=161
2026-07-26T01:31:06.890Z In(05) mks DXGIPresentation: video=2009MB system=0MB shared=8132MB
2026-07-26T01:31:07.217Z In(05) mks DXGIPresentation: LOCAL     budget  1708M usage     0M avail   904M res     0M
2026-07-26T01:31:07.217Z In(05) mks DXGIPresentation: NON-LOCAL budget  7470M usage     0M avail  3863M res     0M
2026-07-26T01:31:07.217Z Wa(03) mks DXGIPresentation: Adapter LUID does not match renderer
2026-07-26T01:31:07.383Z In(05) mks DXGIPresentation: Enumerating adapter 1
2026-07-26T01:31:07.383Z In(05) mks DXGIPresentation: `Intel(R) HD Graphics 4600` vendor=0x8086 device=0x0416 revision=6
2026-07-26T01:31:07.383Z In(05) mks DXGIPresentation: video=112MB system=0MB shared=2048MB
2026-07-26T01:31:07.383Z In(05) mks DXGIPresentation: LOCAL     budget  2048M usage     0M avail  2048M res     0M
2026-07-26T01:31:07.383Z In(05) mks DXGIPresentation: NON-LOCAL budget     0M usage     0M avail     0M res     0M
2026-07-26T01:31:07.700Z In(05) mks DXGIPresentation: Using device unknown; adapter `Intel(R) HD Graphics 4600`
2026-07-26T01:31:07.700Z In(05) mks DXGIPresentation: Enumerating adapter 2
2026-07-26T01:31:07.700Z In(05) mks DXGIPresentation: `Microsoft Basic Render Driver` vendor=0x1414 device=0x008c revision=0
2026-07-26T01:31:07.700Z In(05) mks DXGIPresentation: video=0MB system=0MB shared=8132MB
2026-07-26T01:31:07.700Z In(05) mks DXGIPresentation: LOCAL     budget  7470M usage     0M avail  3863M res     0M
2026-07-26T01:31:07.700Z In(05) mks DXGIPresentation: NON-LOCAL budget     0M usage     0M avail     0M res     0M
2026-07-26T01:31:07.834Z In(05) mks MKS-HWinMux: Started DXGI presentation backend.
2026-07-26T01:32:12.129Z In(05) vmx GuestRpcSendTimedOut: message to toolbox-dnd timed out.
2026-07-26T01:32:12.129Z In(05) vmx TOOLS: appName=toolbox-dnd, oldStatus=1, status=2, guestInitiated=0.
2026-07-26T01:32:12.736Z In(05) vcpu-1 TOOLS: appName=toolbox-dnd, oldStatus=2, status=1, guestInitiated=0.
2026-07-26T01:32:24.975Z In(05) mks MKS-VMDB: VMDB requested a screenshot
2026-07-26T01:32:24.975Z In(05) svga MKSScreenShotMgr: Taking a screenshot
2026-07-26T01:32:25.866Z In(05) mks SWBWindow: Number of MKSWindows changed: 0 rendering MKSWindow(s) of total 2.
2026-07-26T01:32:25.866Z In(05) mks SWBWindow: No more window events will be logged.
2026-07-26T01:32:26.537Z In(05) mks SWBWindow: Window #0 validation failed: no valid host window or host surface.
2026-07-26T01:32:26.537Z In(05) mks SWBVmdb: Destroy SWB Window Id #0 because an invalid MKSWindow definition is received from UI over VMDB.
2026-07-26T01:32:26.538Z In(05) mks SWBWindow: Number of MKSWindows changed: 0 rendering MKSWindow(s) of total 1.
2026-07-26T01:32:26.538Z In(05) mks SWBWindow: Window #1 validation failed: no valid host window or host surface.
2026-07-26T01:32:26.538Z In(05) mks SWBVmdb: Destroy SWB Window Id #1 because an invalid MKSWindow definition is received from UI over VMDB.
2026-07-26T01:32:26.538Z In(05) mks MKS-HWinMux: Backend Switch Queued
2026-07-26T01:32:26.538Z In(05) mks SWBWindow: Number of MKSWindows changed: 0 rendering MKSWindow(s) of total 0.
2026-07-26T01:32:26.582Z In(05) mks DXGIPresentation: Clearing device context
2026-07-26T01:32:26.582Z In(05) mks DXGIPresentation: Release D3D device
2026-07-26T01:32:26.588Z In(05) mks DXGIPresentation: Releasing DXGI Adapter
2026-07-26T01:32:26.588Z In(05) mks DXGIPresentation: Releasing DXGI factory
2026-07-26T01:56:46.730Z In(05) vmx MemSched: caller 1 numvm 2 locked pages: num 1821120 max 3496448
2026-07-26T01:56:46.730Z In(05) vmx MemSched: locked Page Limit: host 3641917 config 3512832
2026-07-26T01:56:46.730Z In(05) vmx MemSched: minmempct 50  timestamp 770787
2026-07-26T01:56:46.794Z In(05) vmx MemSched: VM 0 min 799498 max 1585930 shares 1572864 paged 4141758 nonpaged 5326 anonymous 7740 locked 1551492 touchedPct 48 dirtiedPct 35 timestamp 770786 vmResponsive is 1
2026-07-26T01:56:46.794Z In(05) vmx MemSched: VM 1 min 269626 max 531770 shares 524288 paged 4141758 nonpaged 3246 anonymous 4236 locked 269628 touchedPct 8 dirtiedPct 0 timestamp 770787 vmResponsive is 1
2026-07-26T01:56:46.794Z In(05) vmx MemSched: locked 269628 target 531770 balloon 0 0 321696 swapped 14541 0 allocd 2 512 state 0 100
2026-07-26T01:56:46.794Z In(05) vmx MemSched: states: 0 3601 : 1 0 : 2 0 : 3 0
2026-07-26T01:56:46.794Z In(05) vmx MemSched: Balloon enabled 1 guestType 1 maxSize 494917
2026-07-26T02:26:52.804Z In(05) vmx MemSched: caller 0 numvm 2 locked pages: num 1851321 max 3496448
2026-07-26T02:26:52.804Z In(05) vmx MemSched: locked Page Limit: host 3683129 config 3512832
2026-07-26T02:26:52.804Z In(05) vmx MemSched: minmempct 50  timestamp 772593
2026-07-26T02:26:52.804Z In(05) vmx MemSched: VM 0 min 269626 max 531770 shares 524288 paged 4141758 nonpaged 3246 anonymous 4236 locked 269626 touchedPct 6 dirtiedPct 1 timestamp 772593 vmResponsive is 1
2026-07-26T02:26:52.804Z In(05) vmx MemSched: VM 1 min 801168 max 1587600 shares 1572864 paged 4142788 nonpaged 5490 anonymous 9246 locked 1581695 touchedPct 73 dirtiedPct 67 timestamp 772592 vmResponsive is 1
2026-07-26T02:26:52.804Z In(05) vmx MemSched: locked 269626 target 531770 balloon 0 0 321696 swapped 14853 0 allocd 0 512 state 0 100
2026-07-26T02:26:52.804Z In(05) vmx MemSched: states: 0 5401 : 1 0 : 2 0 : 3 0
2026-07-26T02:26:52.804Z In(05) vmx MemSched: Balloon enabled 1 guestType 1 maxSize 494917
2026-07-26T02:38:57.494Z In(05) vmx VNET: MACVNetLinkStateEventHandler: event, up:0, adapter:1
2026-07-26T02:38:58.397Z In(05) vmx VNET: MACVNetLinkStateEventHandler: 'ethernet0' state from 5 to 7.
2026-07-26T02:38:58.399Z In(05) vmx VNET: MACVNetLinkStateEventHandler: event, up:1, adapter:0
2026-07-26T02:38:58.399Z In(05) vmx VNET: MACVNetLinkStateEventHandler: 'ethernet0' state from 7 to 2.
2026-07-26T02:39:42.676Z In(05) vmx VNET: MACVNetLinkStateTimerHandler: 'ethernet0' state from 2 to 6.
2026-07-26T02:39:42.784Z In(05) vmx VNET: MACVNetLinkStateTimerHandler: 'ethernet0' state from 6 to 1.
2026-07-26T02:39:51.065Z In(05) vmx VNET: MACVNetLinkStateEventHandler: event, up:0, adapter:1
2026-07-26T02:39:51.065Z In(05) vmx VNET: MACVNetLinkStateEventHandler: 'ethernet0' state from 1 to 3.
2026-07-26T02:39:51.065Z In(05) vmx VNET: MACVNetLinkStateEventHandler: event, up:1, adapter:0
2026-07-26T02:39:51.065Z In(05) vmx VNET: MACVNetLinkStateEventHandler: 'ethernet0' state from 3 to 2.
2026-07-26T02:39:52.827Z In(05) vmx VNET: MACVNetLinkStateEventHandler: event, up:0, adapter:1
2026-07-26T02:39:52.827Z In(05) vmx VNET: MACVNetLinkStateEventHandler: 'ethernet0' state from 2 to 0.
2026-07-26T02:39:52.827Z In(05) vmx VNET: MACVNetLinkStateEventHandler: event, up:1, adapter:0
2026-07-26T02:39:52.827Z In(05) vmx VNET: MACVNetLinkStateEventHandler: 'ethernet0' state from 0 to 2.
2026-07-26T02:40:01.742Z In(05) vmx scsi0:0: Command WRITE(10) took 2.062 seconds (ok)
2026-07-26T02:40:14.700Z In(05) vmx VNET: MACVNetLinkStateTimerHandler: 'ethernet0' state from 2 to 6.
2026-07-26T02:40:14.846Z In(05) vmx VNET: MACVNetLinkStateTimerHandler: 'ethernet0' state from 6 to 1.
2026-07-26T02:40:29.111Z In(05) vmx VNET: MACVNetLinkStateTimerHandler: 'ethernet0' state from 1 to 5.
2026-07-26T02:58:04.713Z In(05) vmx MemSched: caller 0 numvm 2 locked pages: num 2372990 max 3496448
2026-07-26T02:58:04.811Z In(05) vmx MemSched: locked Page Limit: host 3638013 config 3512832
2026-07-26T02:58:04.811Z In(05) vmx MemSched: minmempct 50  timestamp 774465
2026-07-26T02:58:04.811Z In(05) vmx MemSched: VM 0 min 269626 max 531770 shares 524288 paged 4141758 nonpaged 3246 anonymous 4236 locked 269627 touchedPct 9 dirtiedPct 1 timestamp 774465 vmResponsive is 1
2026-07-26T02:58:04.811Z In(05) vmx MemSched: VM 1 min 1066108 max 2114684 shares 2097152 paged 4142788 nonpaged 6530 anonymous 11002 locked 2103363 touchedPct 42 dirtiedPct 35 timestamp 774465 vmResponsive is 1
2026-07-26T02:58:04.917Z In(05) vmx MemSched: locked 269627 target 531770 balloon 0 0 321696 swapped 14995 0 allocd 1 512 state 0 100
2026-07-26T02:58:04.917Z In(05) vmx MemSched: states: 0 7201 : 1 0 : 2 0 : 3 0
2026-07-26T02:58:04.917Z In(05) vmx MemSched: Balloon enabled 1 guestType 1 maxSize 494917
2026-07-26T03:03:18.391Z In(05) vmx GuestRpcSendTimedOut: message to toolbox timed out.
2026-07-26T03:03:18.391Z In(05) vmx Tools: [AppStatus] Last heartbeat value 7344 (last received 6s ago)
2026-07-26T03:03:18.391Z In(05) vmx TOOLS: appName=toolbox, oldStatus=1, status=2, guestInitiated=0.
2026-07-26T03:03:20.418Z In(05) vmx GuestRpcSendTimedOut: message to toolbox-dnd timed out.
2026-07-26T03:03:20.418Z In(05) vmx TOOLS: appName=toolbox-dnd, oldStatus=1, status=2, guestInitiated=0.
2026-07-26T03:03:29.923Z In(05) vmx VNET: MACVNetLinkStateEventHandler: event, up:0, adapter:1
2026-07-26T03:03:29.923Z In(05) vmx VNET: MACVNetLinkStateEventHandler: 'ethernet0' state from 5 to 7.
2026-07-26T03:03:29.923Z In(05) vmx VNET: MACVNetLinkStateEventHandler: event, up:1, adapter:0
2026-07-26T03:03:29.923Z In(05) vmx VNET: MACVNetLinkStateEventHandler: 'ethernet0' state from 7 to 2.
2026-07-26T03:03:32.492Z In(05) vcpu-0 Tools: Tools heartbeat timeout.
2026-07-26T03:03:53.176Z In(05) vcpu-0 Tools: Running status rpc handler: 1 => 0.
2026-07-26T03:03:53.176Z In(05) vcpu-0 Tools: Changing running status: 1 => 0.
2026-07-26T03:03:53.176Z In(05) vcpu-0 Tools: [RunningStatus] Last heartbeat value 7344 (last received 41s ago)
2026-07-26T03:04:00.310Z In(05) vmx GuestRpcSendTimedOut: message to toolbox timed out.
2026-07-26T03:04:00.310Z In(05) vmx GuestRpc: app toolbox's second ping timeout; assuming app is down
2026-07-26T03:04:00.310Z In(05) vmx Tools: [AppStatus] Last heartbeat value 7344 (last received 48s ago)
2026-07-26T03:04:00.310Z In(05) vmx TOOLS: appName=toolbox, oldStatus=2, status=0, guestInitiated=0.
2026-07-26T03:04:08.766Z In(05) vmx GuestRpcSendTimedOut: message to toolbox-dnd timed out.
2026-07-26T03:04:08.766Z In(05) vmx GuestRpc: app toolbox-dnd's second ping timeout; assuming app is down
2026-07-26T03:04:08.766Z In(05) vmx TOOLS: appName=toolbox-dnd, oldStatus=2, status=0, guestInitiated=0.
2026-07-26T03:04:09.729Z In(05) vmx GuestRpc: Reinitializing Channel 0(toolbox)
2026-07-26T03:04:09.729Z In(05) vmx GuestMsg: Channel 0, Cannot unpost because the previous post is already completed
2026-07-26T03:04:09.729Z In(05) vmx Tools: [AppStatus] Last heartbeat value 7344 (last received 57s ago)
2026-07-26T03:04:09.729Z In(05) vmx TOOLS: appName=toolbox, oldStatus=0, status=0, guestInitiated=0.
2026-07-26T03:04:10.310Z In(05) vmx GuestRpc: Reinitializing Channel 1(toolbox-dnd)
2026-07-26T03:04:10.310Z In(05) vmx GuestMsg: Channel 1, Cannot unpost because the previous post is already completed
2026-07-26T03:04:10.310Z In(05) vmx TOOLS: appName=toolbox-dnd, oldStatus=0, status=0, guestInitiated=0.
2026-07-26T03:04:17.304Z In(05) vmx Guest: *** WARNING: GuestInfo collection interval longer than expected; actual=106 sec, expected=30 sec. ***
2026-07-26T03:04:17.304Z In(05)+ vmx 
2026-07-26T03:04:17.312Z In(05) vcpu-1 GuestMsg: Channel 1, Protocol error, state: 0
2026-07-26T03:04:18.259Z In(05) vcpu-0 Tools: Running status rpc handler: 0 => 1.
2026-07-26T03:04:18.259Z In(05) vcpu-0 Tools: Changing running status: 0 => 1.
2026-07-26T03:04:18.259Z In(05) vcpu-0 Tools: [RunningStatus] Last heartbeat value 7345 (last received 0s ago)
2026-07-26T03:04:18.262Z In(05) vcpu-1 GuestMsg: Channel 0, Protocol error, state: 0
2026-07-26T03:04:18.262Z In(05) vcpu-1 GuestMsg: Cannot close channel 0: it is not opened
2026-07-26T03:04:19.699Z In(05) vmx GuestRpc: Got error for channel 0 connection 9: Remote disconnected
2026-07-26T03:04:19.699Z In(05) vmx GuestRpc: GuestRpcResetVsockChannel: channel 0
2026-07-26T03:04:19.727Z In(05) vmx GuestRpc: Closing channel 0 connection 9
2026-07-26T03:04:19.728Z In(05) vcpu-0 GuestMsg: Cannot close channel 1: it is not opened
2026-07-26T03:04:23.212Z In(05) vmx GuestRpc: Got error for channel 1 connection 10: Remote disconnected
2026-07-26T03:04:23.212Z In(05) vmx GuestRpc: GuestRpcResetVsockChannel: channel 1
2026-07-26T03:04:23.212Z In(05) vmx GuestRpc: Closing channel 1 connection 10
2026-07-26T03:04:29.266Z In(05) vmx GuestRpc: Got RPCI vsocket connection 11, assigned to channel 0.
2026-07-26T03:04:31.684Z In(05) vmx DEVSWAP: GuestOS does not require LSI adapter swap.
2026-07-26T03:04:32.552Z Wa(03) vcpu-1 GuestRpc: application toolbox-dnd, changing channel 65535 -> 0
2026-07-26T03:04:32.667Z In(05) vcpu-1 GuestRpc: Channel 0, guest application toolbox-dnd.
2026-07-26T03:04:32.736Z In(05) vcpu-1 TOOLS: appName=toolbox-dnd, oldStatus=0, status=1, guestInitiated=0.
2026-07-26T03:04:34.425Z In(05) vmx GuestRpc: Got RPCI vsocket connection 12, assigned to channel 1.
2026-07-26T03:04:34.429Z In(05) vmx DEVSWAP: GuestOS does not require LSI adapter swap.
2026-07-26T03:04:34.430Z Wa(03) vcpu-1 GuestRpc: application toolbox, changing channel 65535 -> 1
2026-07-26T03:04:34.430Z In(05) vcpu-1 GuestRpc: Channel 1, guest application toolbox.
2026-07-26T03:04:35.041Z In(05) vcpu-1 Tools: [AppStatus] Last heartbeat value 7349 (last received 1s ago)
2026-07-26T03:04:35.041Z In(05) vcpu-1 TOOLS: appName=toolbox, oldStatus=0, status=1, guestInitiated=0.
2026-07-26T03:04:40.468Z In(05) vmx GuestInfo: HostinfoDetailedDataHeader version: 1
2026-07-26T03:04:40.469Z No(00) vmx ConfigDB: Setting guestInfo.detailed.data = <not printed>
2026-07-26T03:04:47.870Z In(05) vmx GuestRpcSendTimedOut: message to toolbox-dnd timed out.
2026-07-26T03:04:49.065Z In(05) vmx Vix: [mainDispatch.c:4130]: VMAutomationReportPowerStateChange: Reporting power state change (opcode=2, err=0).
2026-07-26T03:04:50.351Z In(05) vmx scsi0:0: Command WRITE(10) took 1.296 seconds (ok)
2026-07-26T03:04:50.361Z In(05) vmx TOOLS Received tools.set.versiontype rpc call, version = 13322, type = 4
2026-07-26T03:04:50.436Z In(05) vmx TOOLS Setting toolsVersionStatus = TOOLS_STATUS_UNMANAGED
2026-07-26T03:04:50.436Z In(05) vmx Tools_SetVersionAndType did nothing; new tools version (13322) and type (4) match old Tools version and type
2026-07-26T03:04:52.871Z In(05) vmx GuestRpcSendTimedOut: message to toolbox-dnd timed out.
2026-07-26T03:04:52.871Z In(05) vmx TOOLS: appName=toolbox-dnd, oldStatus=1, status=2, guestInitiated=0.
2026-07-26T03:05:08.581Z In(05) vmx DnDCP: set guest controllers to version 4
2026-07-26T03:05:08.623Z In(05) vcpu-1 TOOLS: appName=toolbox-dnd, oldStatus=2, status=1, guestInitiated=0.
2026-07-26T03:05:09.064Z In(05) vmx DnDCP: set guest controllers to version 4
2026-07-26T03:05:09.065Z In(05) vmx DnDCP: set guest controllers to version 4
2026-07-26T03:05:09.067Z In(05) vcpu-1 TOOLS call to unity.show.taskbar failed.
2026-07-26T03:05:10.276Z In(05) vmx VNET: MACVNetLinkStateTimerHandler: 'ethernet0' state from 2 to 6.
2026-07-26T03:05:10.377Z In(05) vmx VNET: MACVNetLinkStateTimerHandler: 'ethernet0' state from 6 to 1.
2026-07-26T03:05:15.404Z In(05) vmx VNET: MACVNetLinkStateTimerHandler: 'ethernet0' state from 1 to 5.
2026-07-26T03:05:29.071Z In(05) vmx VNET: MACVNetLinkStateEventHandler: event, up:0, adapter:1
2026-07-26T03:05:29.071Z In(05) vmx VNET: MACVNetLinkStateEventHandler: 'ethernet0' state from 5 to 7.
2026-07-26T03:05:29.071Z In(05) vmx VNET: MACVNetLinkStateEventHandler: event, up:1, adapter:0
2026-07-26T03:05:29.071Z In(05) vmx VNET: MACVNetLinkStateEventHandler: 'ethernet0' state from 7 to 2.
2026-07-26T03:05:35.662Z In(05) vmx VNET: MACVNetLinkStateTimerHandler: 'ethernet0' state from 2 to 6.
2026-07-26T03:05:35.762Z In(05) vmx VNET: MACVNetLinkStateTimerHandler: 'ethernet0' state from 6 to 1.
2026-07-26T03:05:41.002Z In(05) vmx VNET: MACVNetLinkStateTimerHandler: 'ethernet0' state from 1 to 5.
2026-07-26T03:06:15.616Z In(05) vmx VNET: MACVNetLinkStateEventHandler: event, up:0, adapter:1
2026-07-26T03:06:15.616Z In(05) vmx VNET: MACVNetLinkStateEventHandler: 'ethernet0' state from 5 to 7.
2026-07-26T03:06:15.616Z In(05) vmx VNET: MACVNetLinkStateEventHandler: event, up:1, adapter:0
2026-07-26T03:06:15.616Z In(05) vmx VNET: MACVNetLinkStateEventHandler: 'ethernet0' state from 7 to 2.
2026-07-26T03:06:19.244Z In(05) vmx GuestRpcSendTimedOut: message to toolbox-dnd timed out.
2026-07-26T03:06:19.244Z In(05) vmx TOOLS: appName=toolbox-dnd, oldStatus=1, status=2, guestInitiated=0.
2026-07-26T03:06:19.754Z In(05) vmx VNET: MACVNetLinkStateTimerHandler: 'ethernet0' state from 2 to 6.
2026-07-26T03:06:21.709Z In(05) vmx VNET: MACVNetLinkStateTimerHandler: 'ethernet0' state from 6 to 1.
2026-07-26T03:06:28.950Z In(05) vmx VNET: MACVNetLinkStateTimerHandler: 'ethernet0' state from 1 to 5.
2026-07-26T03:06:34.304Z In(05) vcpu-1 TOOLS: appName=toolbox-dnd, oldStatus=2, status=1, guestInitiated=0.
2026-07-26T03:07:15.793Z In(05) vmx VNET: MACVNetLinkStateEventHandler: event, up:0, adapter:1
2026-07-26T03:07:15.793Z In(05) vmx VNET: MACVNetLinkStateEventHandler: 'ethernet0' state from 5 to 7.
2026-07-26T03:07:15.793Z In(05) vmx VNET: MACVNetLinkStateEventHandler: event, up:1, adapter:0
2026-07-26T03:07:15.793Z In(05) vmx VNET: MACVNetLinkStateEventHandler: 'ethernet0' state from 7 to 2.
2026-07-26T03:07:24.641Z In(05) vmx VNET: MACVNetLinkStateTimerHandler: 'ethernet0' state from 2 to 6.
2026-07-26T03:07:24.740Z In(05) vmx VNET: MACVNetLinkStateTimerHandler: 'ethernet0' state from 6 to 1.
2026-07-26T03:07:29.886Z In(05) vmx VNET: MACVNetLinkStateTimerHandler: 'ethernet0' state from 1 to 5.
2026-07-26T03:07:51.397Z In(05) vmx scsi0:0: Command WRITE(10) took 2.623 seconds (ok)
2026-07-26T03:07:51.416Z In(05) vmx scsi0:0: Command WRITE(10) took 2.383 seconds (ok)
2026-07-26T03:07:51.416Z In(05) vmx scsi0:0: Command WRITE(10) took 2.383 seconds (ok)
2026-07-26T03:07:51.416Z In(05) vmx scsi0:0: Command WRITE(10) took 2.382 seconds (ok)
2026-07-26T03:07:51.416Z In(05) vmx scsi0:0: Command WRITE(10) took 2.382 seconds (ok)
2026-07-26T03:07:51.416Z In(05) vmx scsi0:0: Command WRITE(10) took 2.382 seconds (ok)
2026-07-26T03:07:51.416Z In(05) vmx scsi0:0: Command WRITE(10) took 2.132 seconds (ok)
2026-07-26T03:07:51.416Z In(05) vmx scsi0:0: Command WRITE(10) took 1.670 seconds (ok)
2026-07-26T03:07:51.416Z In(05) vmx scsi0:0: Command WRITE(10) took 1.606 seconds (ok)
2026-07-26T03:29:56.688Z In(05) vmx MemSched: caller 0 numvm 1 locked pages: num 269710 max 3504640
2026-07-26T03:29:56.728Z In(05) vmx MemSched: locked Page Limit: host 3687978 config 3512832
2026-07-26T03:29:56.728Z In(05) vmx MemSched: minmempct 50  timestamp 776377
2026-07-26T03:29:56.728Z In(05) vmx MemSched: VM 0 min 269626 max 531770 shares 524288 paged 4141758 nonpaged 3246 anonymous 4236 locked 269710 touchedPct 6 dirtiedPct 2 timestamp 776377 vmResponsive is 1
2026-07-26T03:29:56.728Z In(05) vmx MemSched: locked 269710 target 531770 balloon 0 0 321696 swapped 15305 0 allocd 1 512 state 0 100
2026-07-26T03:29:56.728Z In(05) vmx MemSched: states: 0 9001 : 1 0 : 2 0 : 3 0
2026-07-26T03:29:56.728Z In(05) vmx MemSched: Balloon enabled 1 guestType 1 maxSize 494917
2026-07-26T03:59:57.780Z In(05) vmx MemSched: caller 0 numvm 1 locked pages: num 269626 max 3504640
2026-07-26T03:59:57.780Z In(05) vmx MemSched: locked Page Limit: host 3692439 config 3512832
2026-07-26T03:59:57.780Z In(05) vmx MemSched: minmempct 50  timestamp 778178
2026-07-26T03:59:57.780Z In(05) vmx MemSched: VM 0 min 269626 max 531770 shares 524288 paged 4141758 nonpaged 3246 anonymous 4236 locked 269626 touchedPct 6 dirtiedPct 1 timestamp 778178 vmResponsive is 1
2026-07-26T03:59:57.780Z In(05) vmx MemSched: locked 269626 target 531770 balloon 0 0 321696 swapped 15579 0 allocd 0 512 state 0 100
2026-07-26T03:59:57.780Z In(05) vmx MemSched: states: 0 10801 : 1 0 : 2 0 : 3 0
2026-07-26T03:59:57.780Z In(05) vmx MemSched: Balloon enabled 1 guestType 1 maxSize 494917
2026-07-26T04:29:58.944Z In(05) vmx MemSched: caller 0 numvm 1 locked pages: num 269627 max 3504640
2026-07-26T04:29:58.945Z In(05) vmx MemSched: locked Page Limit: host 3693461 config 3512832
2026-07-26T04:29:58.945Z In(05) vmx MemSched: minmempct 50  timestamp 779979
2026-07-26T04:29:58.945Z In(05) vmx MemSched: VM 0 min 269626 max 531770 shares 524288 paged 4141758 nonpaged 3246 anonymous 4236 locked 269627 touchedPct 6 dirtiedPct 3 timestamp 779979 vmResponsive is 1
2026-07-26T04:29:58.945Z In(05) vmx MemSched: locked 269627 target 531770 balloon 0 0 321696 swapped 26537 0 allocd 1 512 state 0 100
2026-07-26T04:29:58.945Z In(05) vmx MemSched: states: 0 12601 : 1 0 : 2 0 : 3 0
2026-07-26T04:29:58.945Z In(05) vmx MemSched: Balloon enabled 1 guestType 1 maxSize 494917
2026-07-26T05:00:00.036Z In(05) vmx MemSched: caller 0 numvm 1 locked pages: num 269626 max 3504640
2026-07-26T05:00:00.037Z In(05) vmx MemSched: locked Page Limit: host 3693628 config 3512832
2026-07-26T05:00:00.037Z In(05) vmx MemSched: minmempct 50  timestamp 781780
2026-07-26T05:00:00.037Z In(05) vmx MemSched: VM 0 min 269626 max 531770 shares 524288 paged 4141758 nonpaged 3246 anonymous 4236 locked 269626 touchedPct 5 dirtiedPct 1 timestamp 781780 vmResponsive is 1
2026-07-26T05:00:00.037Z In(05) vmx MemSched: locked 269626 target 531770 balloon 0 0 321696 swapped 26624 0 allocd 0 512 state 0 100
2026-07-26T05:00:00.037Z In(05) vmx MemSched: states: 0 14401 : 1 0 : 2 0 : 3 0
2026-07-26T05:00:00.037Z In(05) vmx MemSched: Balloon enabled 1 guestType 1 maxSize 494917
2026-07-26T05:30:01.155Z In(05) vmx MemSched: caller 0 numvm 1 locked pages: num 269626 max 3504640
2026-07-26T05:30:01.155Z In(05) vmx MemSched: locked Page Limit: host 3693493 config 3512832
2026-07-26T05:30:01.155Z In(05) vmx MemSched: minmempct 50  timestamp 783581
2026-07-26T05:30:01.155Z In(05) vmx MemSched: VM 0 min 269626 max 531770 shares 524288 paged 4141758 nonpaged 3246 anonymous 4236 locked 269626 touchedPct 7 dirtiedPct 2 timestamp 783581 vmResponsive is 1
2026-07-26T05:30:01.155Z In(05) vmx MemSched: locked 269626 target 531770 balloon 0 0 321696 swapped 26803 0 allocd 0 512 state 0 100
2026-07-26T05:30:01.155Z In(05) vmx MemSched: states: 0 16201 : 1 0 : 2 0 : 3 0
2026-07-26T05:30:01.155Z In(05) vmx MemSched: Balloon enabled 1 guestType 1 maxSize 494917
2026-07-26T06:00:02.378Z In(05) vmx MemSched: caller 0 numvm 1 locked pages: num 269626 max 3504640
2026-07-26T06:00:02.378Z In(05) vmx MemSched: locked Page Limit: host 3694106 config 3512832
2026-07-26T06:00:02.378Z In(05) vmx MemSched: minmempct 50  timestamp 785382
2026-07-26T06:00:02.378Z In(05) vmx MemSched: VM 0 min 269626 max 531770 shares 524288 paged 4141758 nonpaged 3246 anonymous 4236 locked 269626 touchedPct 6 dirtiedPct 2 timestamp 785382 vmResponsive is 1
2026-07-26T06:00:02.378Z In(05) vmx MemSched: locked 269626 target 531770 balloon 0 0 321696 swapped 26871 0 allocd 0 512 state 0 100
2026-07-26T06:00:02.378Z In(05) vmx MemSched: states: 0 18001 : 1 0 : 2 0 : 3 0
2026-07-26T06:00:02.378Z In(05) vmx MemSched: Balloon enabled 1 guestType 1 maxSize 494917
2026-07-26T06:30:03.490Z In(05) vmx MemSched: caller 0 numvm 1 locked pages: num 269626 max 3504640
2026-07-26T06:30:03.490Z In(05) vmx MemSched: locked Page Limit: host 3694136 config 3512832
2026-07-26T06:30:03.490Z In(05) vmx MemSched: minmempct 50  timestamp 787183
2026-07-26T06:30:03.490Z In(05) vmx MemSched: VM 0 min 269626 max 531770 shares 524288 paged 4141758 nonpaged 3246 anonymous 4236 locked 269626 touchedPct 10 dirtiedPct 1 timestamp 787183 vmResponsive is 1
2026-07-26T06:30:03.490Z In(05) vmx MemSched: locked 269626 target 531770 balloon 0 0 321696 swapped 26938 0 allocd 0 512 state 0 100
2026-07-26T06:30:03.490Z In(05) vmx MemSched: states: 0 19801 : 1 0 : 2 0 : 3 0
2026-07-26T06:30:03.490Z In(05) vmx MemSched: Balloon enabled 1 guestType 1 maxSize 494917
2026-07-26T07:00:04.778Z In(05) vmx MemSched: caller 0 numvm 1 locked pages: num 269626 max 3504640
2026-07-26T07:00:04.778Z In(05) vmx MemSched: locked Page Limit: host 3696308 config 3512832
2026-07-26T07:00:04.778Z In(05) vmx MemSched: minmempct 50  timestamp 788985
2026-07-26T07:00:04.778Z In(05) vmx MemSched: VM 0 min 269626 max 531770 shares 524288 paged 4141758 nonpaged 3246 anonymous 4236 locked 269626 touchedPct 7 dirtiedPct 1 timestamp 788985 vmResponsive is 1
2026-07-26T07:00:04.778Z In(05) vmx MemSched: locked 269626 target 531770 balloon 0 0 321696 swapped 27260 0 allocd 0 512 state 0 100
2026-07-26T07:00:04.778Z In(05) vmx MemSched: states: 0 21601 : 1 0 : 2 0 : 3 0
2026-07-26T07:00:04.778Z In(05) vmx MemSched: Balloon enabled 1 guestType 1 maxSize 494917
2026-07-26T07:30:05.888Z In(05) vmx MemSched: caller 0 numvm 1 locked pages: num 269626 max 3504640
2026-07-26T07:30:05.889Z In(05) vmx MemSched: locked Page Limit: host 3696179 config 3512832
2026-07-26T07:30:05.889Z In(05) vmx MemSched: minmempct 50  timestamp 790786
2026-07-26T07:30:05.889Z In(05) vmx MemSched: VM 0 min 269626 max 531770 shares 524288 paged 4141758 nonpaged 3246 anonymous 4236 locked 269626 touchedPct 8 dirtiedPct 3 timestamp 790786 vmResponsive is 1
2026-07-26T07:30:05.889Z In(05) vmx MemSched: locked 269626 target 531770 balloon 0 0 321696 swapped 27482 0 allocd 0 512 state 0 100
2026-07-26T07:30:05.889Z In(05) vmx MemSched: states: 0 23401 : 1 0 : 2 0 : 3 0
2026-07-26T07:30:05.889Z In(05) vmx MemSched: Balloon enabled 1 guestType 1 maxSize 494917
2026-07-26T08:00:07.317Z In(05) vmx MemSched: caller 0 numvm 1 locked pages: num 269626 max 3504640
2026-07-26T08:00:07.317Z In(05) vmx MemSched: locked Page Limit: host 3696402 config 3512832
2026-07-26T08:00:07.317Z In(05) vmx MemSched: minmempct 50  timestamp 792587
2026-07-26T08:00:07.317Z In(05) vmx MemSched: VM 0 min 269626 max 531770 shares 524288 paged 4141758 nonpaged 3246 anonymous 4236 locked 269626 touchedPct 8 dirtiedPct 3 timestamp 792587 vmResponsive is 1
2026-07-26T08:00:07.317Z In(05) vmx MemSched: locked 269626 target 531770 balloon 0 0 321696 swapped 27939 0 allocd 0 512 state 0 100
2026-07-26T08:00:07.317Z In(05) vmx MemSched: states: 0 25201 : 1 0 : 2 0 : 3 0
2026-07-26T08:00:07.317Z In(05) vmx MemSched: Balloon enabled 1 guestType 1 maxSize 494917
2026-07-26T08:30:08.387Z In(05) vmx MemSched: caller 0 numvm 1 locked pages: num 269626 max 3504640
2026-07-26T08:30:08.387Z In(05) vmx MemSched: locked Page Limit: host 3697114 config 3512832
2026-07-26T08:30:08.387Z In(05) vmx MemSched: minmempct 50  timestamp 794388
2026-07-26T08:30:08.387Z In(05) vmx MemSched: VM 0 min 269626 max 531770 shares 524288 paged 4141758 nonpaged 3246 anonymous 4236 locked 269626 touchedPct 11 dirtiedPct 1 timestamp 794388 vmResponsive is 1
2026-07-26T08:30:08.387Z In(05) vmx MemSched: locked 269626 target 531770 balloon 0 0 321696 swapped 28101 0 allocd 0 512 state 0 100
2026-07-26T08:30:08.387Z In(05) vmx MemSched: states: 0 27001 : 1 0 : 2 0 : 3 0
2026-07-26T08:30:08.387Z In(05) vmx MemSched: Balloon enabled 1 guestType 1 maxSize 494917
2026-07-26T08:52:31.844Z In(05) vmx VNET: MACVNetLinkStateEventHandler: event, up:0, adapter:1
2026-07-26T08:52:31.845Z In(05) vmx VNET: MACVNetLinkStateEventHandler: 'ethernet0' state from 5 to 7.
2026-07-26T08:52:31.845Z In(05) vmx VNET: MACVNetLinkStateEventHandler: event, up:1, adapter:0
2026-07-26T08:52:31.845Z In(05) vmx VNET: MACVNetLinkStateEventHandler: 'ethernet0' state from 7 to 2.
2026-07-26T08:52:38.518Z In(05) vmx VNET: MACVNetLinkStateTimerHandler: 'ethernet0' state from 2 to 6.
2026-07-26T08:52:38.618Z In(05) vmx VNET: MACVNetLinkStateTimerHandler: 'ethernet0' state from 6 to 1.
2026-07-26T08:52:43.958Z In(05) vmx VNET: MACVNetLinkStateTimerHandler: 'ethernet0' state from 1 to 5.
2026-07-26T09:00:10.699Z In(05) vmx MemSched: caller 0 numvm 1 locked pages: num 269627 max 3504640
2026-07-26T09:00:10.699Z In(05) vmx MemSched: locked Page Limit: host 3703394 config 3512832
2026-07-26T09:00:10.699Z In(05) vmx MemSched: minmempct 50  timestamp 796191
2026-07-26T09:00:10.699Z In(05) vmx MemSched: VM 0 min 269626 max 531770 shares 524288 paged 4141758 nonpaged 3246 anonymous 4236 locked 269627 touchedPct 5 dirtiedPct 2 timestamp 796191 vmResponsive is 1
2026-07-26T09:00:10.699Z In(05) vmx MemSched: locked 269627 target 531770 balloon 0 0 321696 swapped 28257 0 allocd 1 512 state 0 100
2026-07-26T09:00:10.699Z In(05) vmx MemSched: states: 0 28801 : 1 0 : 2 0 : 3 0
2026-07-26T09:00:10.700Z In(05) vmx MemSched: Balloon enabled 1 guestType 1 maxSize 494917
2026-07-26T09:07:07.351Z In(05) PowerNotifyThread PowerNotify: System suspend detected.
2026-07-26T09:07:07.361Z In(05) PowerNotifyThread VMX successfully paused from PowerNotify.
2026-07-26T12:58:51.539Z In(05) PowerNotifyThread Result of IsSystemResumeAutomatic(): FALSE
2026-07-26T12:58:51.539Z In(05) PowerNotifyThread PowerNotify: System resume detected.
2026-07-26T12:58:52.370Z In(05) vmx PTSC: using reference clock [TSC: 2225386217104067->2225716019632829, RC: 7966059359483->7966880177209]
2026-07-26T12:58:52.370Z In(05) vmx PTSC: current PTSC=84999644843297
2026-07-26T12:58:52.370Z In(05) vmx VNET: MACVNetLinkStateEventHandler: event, up:0, adapter:1
2026-07-26T12:58:52.371Z In(05) vmx VNET: MACVNetLinkStateEventHandler: 'ethernet0' state from 5 to 7.
2026-07-26T12:58:52.371Z In(05) vmx VNET: MACVNetLinkStateEventHandler: event, up:1, adapter:0
2026-07-26T12:58:52.371Z In(05) vmx VNET: MACVNetLinkStateEventHandler: 'ethernet0' state from 7 to 2.
2026-07-26T12:58:52.371Z In(05) vmx VNET: MACVNetLinkStateEventHandler: event, up:0, adapter:1
2026-07-26T12:58:52.371Z In(05) vmx VNET: MACVNetLinkStateEventHandler: 'ethernet0' state from 2 to 0.
2026-07-26T12:58:52.371Z In(05) vmx VNET: MACVNetLinkStateEventHandler: event, up:1, adapter:0
2026-07-26T12:58:52.371Z In(05) vmx VNET: MACVNetLinkStateEventHandler: 'ethernet0' state from 0 to 2.
2026-07-26T12:58:52.371Z In(05) vmx VNET: MACVNetLinkStateEventHandler: event, up:0, adapter:1
2026-07-26T12:58:52.371Z In(05) vmx VNET: MACVNetLinkStateEventHandler: 'ethernet0' state from 2 to 0.
2026-07-26T12:58:52.371Z In(05) vmx VNET: MACVNetLinkStateEventHandler: event, up:1, adapter:0
2026-07-26T12:58:52.371Z In(05) vmx VNET: MACVNetLinkStateEventHandler: 'ethernet0' state from 0 to 2.
2026-07-26T12:58:52.371Z In(05) vmx VNET: MACVNetLinkStateEventHandler: event, up:0, adapter:1
2026-07-26T12:58:52.371Z In(05) vmx VNET: MACVNetLinkStateEventHandler: 'ethernet0' state from 2 to 0.
2026-07-26T12:58:52.371Z In(05) vmx VNET: MACVNetLinkStateEventHandler: event, up:1, adapter:0
2026-07-26T12:58:52.371Z In(05) vmx VNET: MACVNetLinkStateEventHandler: 'ethernet0' state from 0 to 2.
2026-07-26T12:58:52.371Z In(05) vmx VNET: MACVNetLinkStateEventHandler: event, up:0, adapter:1
2026-07-26T12:58:52.371Z In(05) vmx VNET: MACVNetLinkStateEventHandler: 'ethernet0' state from 2 to 0.
2026-07-26T12:58:52.371Z In(05) vmx VNET: MACVNetLinkStateEventHandler: event, up:1, adapter:0
2026-07-26T12:58:52.371Z In(05) vmx VNET: MACVNetLinkStateEventHandler: 'ethernet0' state from 0 to 2.
2026-07-26T12:58:52.371Z In(05) vmx VNET: MACVNetLinkStateEventHandler: event, up:0, adapter:1
2026-07-26T12:58:52.371Z In(05) vmx VNET: MACVNetLinkStateEventHandler: 'ethernet0' state from 2 to 0.
2026-07-26T12:58:52.371Z In(05) vmx VNET: MACVNetLinkStateEventHandler: event, up:1, adapter:0
2026-07-26T12:58:52.371Z In(05) vmx VNET: MACVNetLinkStateEventHandler: 'ethernet0' state from 0 to 2.
2026-07-26T12:58:52.371Z In(05) vmx VNET: MACVNetLinkStateEventHandler: event, up:0, adapter:1
2026-07-26T12:58:52.371Z In(05) vmx VNET: MACVNetLinkStateEventHandler: 'ethernet0' state from 2 to 0.
2026-07-26T12:58:52.371Z In(05) vmx VNET: MACVNetLinkStateEventHandler: event, up:1, adapter:0
2026-07-26T12:58:52.371Z In(05) vmx VNET: MACVNetLinkStateEventHandler: 'ethernet0' state from 0 to 2.
2026-07-26T12:59:00.945Z In(05) vmx GuestRpcSendTimedOut: message to toolbox timed out.
2026-07-26T12:59:00.945Z In(05) vmx Tools: [AppStatus] Last heartbeat value 29049 (last received -26s ago)
2026-07-26T12:59:00.945Z In(05) vmx TOOLS: appName=toolbox, oldStatus=1, status=2, guestInitiated=0.
2026-07-26T12:59:08.199Z In(05) vmx GuestRpcSendTimedOut: message to toolbox-dnd timed out.
2026-07-26T12:59:08.199Z In(05) vmx TOOLS: appName=toolbox-dnd, oldStatus=1, status=2, guestInitiated=0.
2026-07-26T12:59:27.191Z In(05) vmx GuestRpcSendTimedOut: message to toolbox timed out.
2026-07-26T12:59:27.191Z In(05) vmx GuestRpc: app toolbox's second ping timeout; assuming app is down
2026-07-26T12:59:27.191Z In(05) vmx Tools: [AppStatus] Last heartbeat value 29049 (last received 0s ago)
2026-07-26T12:59:27.191Z In(05) vmx TOOLS: appName=toolbox, oldStatus=2, status=0, guestInitiated=0.
2026-07-26T12:59:30.854Z In(05) vmx GuestRpcSendTimedOut: message to toolbox-dnd timed out.
2026-07-26T12:59:30.854Z In(05) vmx GuestRpc: app toolbox-dnd's second ping timeout; assuming app is down
2026-07-26T12:59:30.854Z In(05) vmx TOOLS: appName=toolbox-dnd, oldStatus=2, status=0, guestInitiated=0.
2026-07-26T12:59:31.804Z In(05) vmx GuestRpc: Reinitializing Channel 1(toolbox)
2026-07-26T12:59:31.804Z In(05) vmx Tools: [AppStatus] Last heartbeat value 29050 (last received 1s ago)
2026-07-26T12:59:31.804Z In(05) vmx TOOLS: appName=toolbox, oldStatus=0, status=0, guestInitiated=0.
2026-07-26T12:59:31.805Z In(05) vmx GuestRpc: Reinitializing Channel 0(toolbox-dnd)
2026-07-26T12:59:31.805Z In(05) vmx TOOLS: appName=toolbox-dnd, oldStatus=0, status=0, guestInitiated=0.
2026-07-26T12:59:31.809Z In(05) vcpu-1 GuestMsg: Channel 1, Protocol error, state: 0
2026-07-26T12:59:31.814Z In(05) vcpu-1 GuestMsg: Channel 0, Protocol error, state: 0
2026-07-26T12:59:31.814Z In(05) vcpu-1 GuestMsg: Cannot close channel 0: it is not opened
2026-07-26T12:59:32.161Z In(05) vcpu-0 GuestMsg: Cannot close channel 1: it is not opened
2026-07-26T12:59:32.958Z In(05) vmx GuestRpc: Got error for channel 0 connection 11: Remote disconnected
2026-07-26T12:59:32.958Z In(05) vmx GuestRpc: GuestRpcResetVsockChannel: channel 0
2026-07-26T12:59:32.958Z In(05) vmx GuestRpc: Closing channel 0 connection 11
2026-07-26T12:59:34.277Z In(05) vmx GuestRpc: Got RPCI vsocket connection 13, assigned to channel 0.
2026-07-26T12:59:43.762Z In(05) vmx GuestRpc: Got error for channel 1 connection 12: Remote disconnected
2026-07-26T12:59:43.762Z In(05) vmx GuestRpc: GuestRpcResetVsockChannel: channel 1
2026-07-26T12:59:43.762Z In(05) vmx GuestRpc: Closing channel 1 connection 12
2026-07-26T12:59:47.079Z In(05) vmx DEVSWAP: GuestOS does not require LSI adapter swap.
2026-07-26T12:59:47.251Z Wa(03) vcpu-0 GuestRpc: application toolbox-dnd, changing channel 65535 -> 0
2026-07-26T12:59:47.548Z In(05) vcpu-0 GuestRpc: Channel 0, guest application toolbox-dnd.
2026-07-26T12:59:47.602Z In(05) vcpu-0 TOOLS: appName=toolbox-dnd, oldStatus=0, status=1, guestInitiated=0.
2026-07-26T12:59:48.072Z In(05) vmx GuestRpc: Got RPCI vsocket connection 14, assigned to channel 1.
2026-07-26T12:59:48.073Z In(05) vmx DEVSWAP: GuestOS does not require LSI adapter swap.
2026-07-26T12:59:48.074Z Wa(03) vcpu-0 GuestRpc: application toolbox, changing channel 65535 -> 1
2026-07-26T12:59:48.074Z In(05) vcpu-0 GuestRpc: Channel 1, guest application toolbox.
2026-07-26T12:59:50.597Z In(05) vcpu-0 Tools: [AppStatus] Last heartbeat value 29053 (last received 3s ago)
2026-07-26T12:59:50.597Z In(05) vcpu-0 TOOLS: appName=toolbox, oldStatus=0, status=1, guestInitiated=0.
2026-07-26T12:59:56.435Z In(05) vmx Vix: [mainDispatch.c:4130]: VMAutomationReportPowerStateChange: Reporting power state change (opcode=2, err=0).
2026-07-26T12:59:56.447Z In(05) vmx TOOLS Received tools.set.versiontype rpc call, version = 13322, type = 4
2026-07-26T12:59:56.597Z In(05) vmx TOOLS Setting toolsVersionStatus = TOOLS_STATUS_UNMANAGED
2026-07-26T12:59:56.597Z In(05) vmx Tools_SetVersionAndType did nothing; new tools version (13322) and type (4) match old Tools version and type
2026-07-26T12:59:56.864Z In(05) vmx DnDCP: set guest controllers to version 4
2026-07-26T12:59:59.061Z In(05) vmx DnDCP: set guest controllers to version 4
2026-07-26T12:59:59.061Z In(05) vmx DnDCP: set guest controllers to version 4
2026-07-26T13:00:02.172Z In(05) vmx GuestInfo: HostinfoDetailedDataHeader version: 1
2026-07-26T13:00:02.172Z No(00) vmx ConfigDB: Setting guestInfo.detailed.data = <not printed>
2026-07-26T13:00:13.523Z In(05) vcpu-0 TOOLS call to unity.show.taskbar failed.
2026-07-26T13:00:15.892Z In(05) vmx VNET: MACVNetLinkStateTimerHandler: 'ethernet0' state from 2 to 6.
2026-07-26T13:00:15.992Z In(05) vmx VNET: MACVNetLinkStateTimerHandler: 'ethernet0' state from 6 to 1.
2026-07-26T13:00:21.031Z In(05) vmx VNET: MACVNetLinkStateTimerHandler: 'ethernet0' state from 1 to 5.
2026-07-26T13:22:13.936Z In(05) vmx VNET: MACVNetLinkStateEventHandler: event, up:0, adapter:1
2026-07-26T13:22:13.936Z In(05) vmx VNET: MACVNetLinkStateEventHandler: 'ethernet0' state from 5 to 7.
2026-07-26T13:22:14.557Z In(05) vmx VNET: MACVNetLinkStateEventHandler: event, up:1, adapter:0
2026-07-26T13:22:14.557Z In(05) vmx VNET: MACVNetLinkStateEventHandler: 'ethernet0' state from 7 to 2.
2026-07-26T13:22:19.593Z In(05) vmx VNET: MACVNetLinkStateTimerHandler: 'ethernet0' state from 2 to 6.
2026-07-26T13:22:19.694Z In(05) vmx VNET: MACVNetLinkStateTimerHandler: 'ethernet0' state from 6 to 1.
2026-07-26T13:22:24.735Z In(05) vmx VNET: MACVNetLinkStateTimerHandler: 'ethernet0' state from 1 to 5.
2026-07-26T13:22:29.321Z In(05) vmx VNET: MACVNetLinkStateEventHandler: event, up:0, adapter:1
2026-07-26T13:22:29.321Z In(05) vmx VNET: MACVNetLinkStateEventHandler: 'ethernet0' state from 5 to 7.
2026-07-26T13:22:29.507Z In(05) vmx VNET: MACVNetLinkStateTimerHandler: 'ethernet0' state from 7 to 0.
2026-07-26T13:22:29.507Z In(05) vmx VNET: MACVNetLinkStateEventHandler: event, up:1, adapter:0
2026-07-26T13:22:29.507Z In(05) vmx VNET: MACVNetLinkStateEventHandler: 'ethernet0' state from 0 to 2.
2026-07-26T13:22:34.510Z In(05) vmx VNET: MACVNetLinkStateTimerHandler: 'ethernet0' state from 2 to 6.
2026-07-26T13:22:34.610Z In(05) vmx VNET: MACVNetLinkStateTimerHandler: 'ethernet0' state from 6 to 1.
2026-07-26T13:22:39.635Z In(05) vmx VNET: MACVNetLinkStateTimerHandler: 'ethernet0' state from 1 to 5.
2026-07-26T13:22:40.696Z In(05) vmx MemSched: caller 0 numvm 2 locked pages: num 1323504 max 3496448
2026-07-26T13:22:40.696Z In(05) vmx MemSched: locked Page Limit: host 3623570 config 3512832
2026-07-26T13:22:40.696Z In(05) vmx MemSched: minmempct 50  timestamp 798116
2026-07-26T13:22:40.697Z In(05) vmx MemSched: VM 0 min 269626 max 531770 shares 524288 paged 4141758 nonpaged 3246 anonymous 4236 locked 269626 touchedPct 5 dirtiedPct 1 timestamp 798116 vmResponsive is 1
2026-07-26T13:22:40.697Z In(05) vmx MemSched: VM 1 min 534558 max 1058846 shares 1048576 paged 4141758 nonpaged 4286 anonymous 5984 locked 1053878 touchedPct 59 dirtiedPct 52 timestamp 798116 vmResponsive is 1
2026-07-26T13:22:40.697Z In(05) vmx MemSched: locked 269626 target 531770 balloon 0 0 321696 swapped 28346 0 allocd 0 512 state 0 100
2026-07-26T13:22:40.697Z In(05) vmx MemSched: states: 0 30601 : 1 0 : 2 0 : 3 0
2026-07-26T13:22:40.697Z In(05) vmx MemSched: Balloon enabled 1 guestType 1 maxSize 494917
2026-07-26T13:52:41.836Z In(05) vmx MemSched: caller 0 numvm 2 locked pages: num 1321069 max 3496448
2026-07-26T13:52:41.836Z In(05) vmx MemSched: locked Page Limit: host 3636269 config 3512832
2026-07-26T13:52:41.836Z In(05) vmx MemSched: minmempct 50  timestamp 799918
2026-07-26T13:52:41.836Z In(05) vmx MemSched: VM 0 min 269626 max 531770 shares 524288 paged 4141758 nonpaged 3246 anonymous 4236 locked 269626 touchedPct 9 dirtiedPct 1 timestamp 799918 vmResponsive is 1
2026-07-26T13:52:41.910Z In(05) vmx MemSched: VM 1 min 534558 max 1058846 shares 1048576 paged 4141758 nonpaged 4286 anonymous 5984 locked 1051443 touchedPct 93 dirtiedPct 93 timestamp 799917 vmResponsive is 1
2026-07-26T13:52:41.910Z In(05) vmx MemSched: locked 269626 target 531770 balloon 0 0 321696 swapped 28376 0 allocd 0 512 state 0 100
2026-07-26T13:52:41.910Z In(05) vmx MemSched: states: 0 32401 : 1 0 : 2 0 : 3 0
2026-07-26T13:52:41.910Z In(05) vmx MemSched: Balloon enabled 1 guestType 1 maxSize 494917
2026-07-26T14:22:42.915Z In(05) vmx MemSched: caller 0 numvm 2 locked pages: num 1322589 max 3496448
2026-07-26T14:22:42.915Z In(05) vmx MemSched: locked Page Limit: host 3635004 config 3512832
2026-07-26T14:22:42.915Z In(05) vmx MemSched: minmempct 50  timestamp 801719
2026-07-26T14:22:42.915Z In(05) vmx MemSched: VM 0 min 269626 max 531770 shares 524288 paged 4141758 nonpaged 3246 anonymous 4236 locked 269626 touchedPct 7 dirtiedPct 1 timestamp 801719 vmResponsive is 1
2026-07-26T14:22:42.915Z In(05) vmx MemSched: VM 1 min 534558 max 1058846 shares 1048576 paged 4141758 nonpaged 4286 anonymous 5984 locked 1052963 touchedPct 93 dirtiedPct 80 timestamp 801719 vmResponsive is 1
2026-07-26T14:22:42.916Z In(05) vmx MemSched: locked 269626 target 531770 balloon 0 0 321696 swapped 28398 0 allocd 0 512 state 0 100
2026-07-26T14:22:42.916Z In(05) vmx MemSched: states: 0 34201 : 1 0 : 2 0 : 3 0
2026-07-26T14:22:42.916Z In(05) vmx MemSched: Balloon enabled 1 guestType 1 maxSize 494917
2026-07-26T14:52:43.982Z In(05) vmx MemSched: caller 0 numvm 2 locked pages: num 1320831 max 3496448
2026-07-26T14:52:43.982Z In(05) vmx MemSched: locked Page Limit: host 3649582 config 3512832
2026-07-26T14:52:43.982Z In(05) vmx MemSched: minmempct 50  timestamp 803520
2026-07-26T14:52:43.982Z In(05) vmx MemSched: VM 0 min 269626 max 531770 shares 524288 paged 4141758 nonpaged 3246 anonymous 4236 locked 269626 touchedPct 6 dirtiedPct 2 timestamp 803520 vmResponsive is 1
2026-07-26T14:52:43.982Z In(05) vmx MemSched: VM 1 min 534558 max 1058846 shares 1048576 paged 4141758 nonpaged 4286 anonymous 5984 locked 1051205 touchedPct 92 dirtiedPct 81 timestamp 803520 vmResponsive is 1
2026-07-26T14:52:43.982Z In(05) vmx MemSched: locked 269626 target 531770 balloon 0 0 321696 swapped 28425 0 allocd 0 512 state 0 100
2026-07-26T14:52:43.982Z In(05) vmx MemSched: states: 0 36001 : 1 0 : 2 0 : 3 0
2026-07-26T14:52:43.982Z In(05) vmx MemSched: Balloon enabled 1 guestType 1 maxSize 494917
2026-07-26T14:54:28.213Z In(05) vmx VNET: MACVNetLinkStateEventHandler: event, up:0, adapter:1
2026-07-26T14:54:28.213Z In(05) vmx VNET: MACVNetLinkStateEventHandler: 'ethernet0' state from 5 to 7.
2026-07-26T14:54:28.213Z In(05) vmx VNET: MACVNetLinkStateEventHandler: event, up:1, adapter:0
2026-07-26T14:54:28.213Z In(05) vmx VNET: MACVNetLinkStateEventHandler: 'ethernet0' state from 7 to 2.
2026-07-26T14:54:34.643Z In(05) vmx VNET: MACVNetLinkStateTimerHandler: 'ethernet0' state from 2 to 6.
2026-07-26T14:54:34.743Z In(05) vmx VNET: MACVNetLinkStateTimerHandler: 'ethernet0' state from 6 to 1.
2026-07-26T14:54:39.783Z In(05) vmx VNET: MACVNetLinkStateTimerHandler: 'ethernet0' state from 1 to 5.
2026-07-26T14:56:41.030Z In(05) vmx VNET: MACVNetLinkStateEventHandler: event, up:0, adapter:1
2026-07-26T14:56:41.030Z In(05) vmx VNET: MACVNetLinkStateEventHandler: 'ethernet0' state from 5 to 7.
2026-07-26T14:56:41.030Z In(05) vmx VNET: MACVNetLinkStateEventHandler: event, up:1, adapter:0
2026-07-26T14:56:41.030Z In(05) vmx VNET: MACVNetLinkStateEventHandler: 'ethernet0' state from 7 to 2.
2026-07-26T14:56:47.203Z In(05) vmx VNET: MACVNetLinkStateTimerHandler: 'ethernet0' state from 2 to 6.
2026-07-26T14:56:47.304Z In(05) vmx VNET: MACVNetLinkStateTimerHandler: 'ethernet0' state from 6 to 1.
2026-07-26T14:56:52.354Z In(05) vmx VNET: MACVNetLinkStateTimerHandler: 'ethernet0' state from 1 to 5.
2026-07-26T15:22:50.860Z In(05) vmx MemSched: caller 0 numvm 1 locked pages: num 269626 max 3504640
2026-07-26T15:22:50.860Z In(05) vmx MemSched: locked Page Limit: host 3561924 config 3512832
2026-07-26T15:22:50.860Z In(05) vmx MemSched: minmempct 50  timestamp 805327
2026-07-26T15:22:50.860Z In(05) vmx MemSched: VM 0 min 269626 max 531770 shares 524288 paged 4141758 nonpaged 3246 anonymous 4236 locked 269626 touchedPct 5 dirtiedPct 2 timestamp 805327 vmResponsive is 1
2026-07-26T15:22:50.860Z In(05) vmx MemSched: locked 269626 target 531770 balloon 0 0 321696 swapped 28450 0 allocd 0 512 state 0 100
2026-07-26T15:22:50.860Z In(05) vmx MemSched: states: 0 37801 : 1 0 : 2 0 : 3 0
2026-07-26T15:22:50.860Z In(05) vmx MemSched: Balloon enabled 1 guestType 1 maxSize 494917
2026-07-26T15:52:51.867Z In(05) vmx MemSched: caller 0 numvm 1 locked pages: num 269626 max 3504640
2026-07-26T15:52:51.867Z In(05) vmx MemSched: locked Page Limit: host 3535681 config 3512832
2026-07-26T15:52:51.867Z In(05) vmx MemSched: minmempct 50  timestamp 807128
2026-07-26T15:52:51.867Z In(05) vmx MemSched: VM 0 min 269626 max 531770 shares 524288 paged 4141758 nonpaged 3246 anonymous 4236 locked 269626 touchedPct 9 dirtiedPct 1 timestamp 807128 vmResponsive is 1
2026-07-26T15:52:51.867Z In(05) vmx MemSched: locked 269626 target 531770 balloon 0 0 321696 swapped 28467 0 allocd 0 512 state 0 100
2026-07-26T15:52:51.867Z In(05) vmx MemSched: states: 0 39601 : 1 0 : 2 0 : 3 0
2026-07-26T15:52:51.867Z In(05) vmx MemSched: Balloon enabled 1 guestType 1 maxSize 494917
2026-07-26T16:22:54.449Z In(05) vmx MemSched: caller 0 numvm 1 locked pages: num 269626 max 3504640
2026-07-26T16:22:54.449Z In(05) vmx MemSched: locked Page Limit: host 3553733 config 3512832
2026-07-26T16:22:54.449Z In(05) vmx MemSched: minmempct 50  timestamp 808929
2026-07-26T16:22:54.449Z In(05) vmx MemSched: VM 0 min 269626 max 531770 shares 524288 paged 4141758 nonpaged 3246 anonymous 4236 locked 269626 touchedPct 6 dirtiedPct 1 timestamp 808929 vmResponsive is 1
2026-07-26T16:22:54.449Z In(05) vmx MemSched: locked 269626 target 531770 balloon 0 0 321696 swapped 28482 0 allocd 0 512 state 0 100
2026-07-26T16:22:54.449Z In(05) vmx MemSched: states: 0 41401 : 1 0 : 2 0 : 3 0
2026-07-26T16:22:54.449Z In(05) vmx MemSched: Balloon enabled 1 guestType 1 maxSize 494917
2026-07-26T16:24:41.977Z In(05) vmx USB: New set of 6 USB devices.
2026-07-26T16:24:41.977Z In(05) vmx USB: Found device [name:SAMSUNG_Android vid:04e8 pid:6860 path:1/0/2 speed:full family:comm,imaging instanceId:USB\\VID_0E0F&PID_0001\\R58X30E6LHD serialnum:R58X30E6LHD arbRuntimeKey:12 version:5]
2026-07-26T16:24:41.977Z In(05) vmx USB: Found device [name:Intel(R)\ Wireless\ Bluetooth(R) vid:8087 pid:07dc path:1/0/7 speed:full family:wireless,bluetooth instanceId:USB\\VID_8087&PID_07DC\\5&8F97EA0&0&8 arbRuntimeKey:7 version:5]
2026-07-26T16:24:41.977Z In(05) vmx USB: Found device [name:Sierra\ Wireless\ EM7305 vid:1199 pid:9041 path:1/0/10 speed:high family:vendor,comm instanceId:USB\\VID_1199&PID_9041\\5&8F97EA0&0&11 arbRuntimeKey:3 version:5]
2026-07-26T16:24:41.977Z In(05) vmx USB: Found device [name:Chicony\ FJ\ Camera vid:04f2 pid:b3b4 path:1/0/11 speed:high family:video instanceId:USB\\VID_04F2&PID_B3B4\\0X0001 serialnum:0X0001 arbRuntimeKey:4 version:5]
2026-07-26T16:24:41.977Z In(05) vmx USB: Found device [name:O2\ Micro\ O2Micro\ CCID\ SC\ Reader vid:0b97 pid:7772 path:1/0/4/1 speed:full family:smart-card instanceId:USB\\VID_0B97&PID_7772\\6&19995A7D&0&2 arbRuntimeKey:1 quirks:skip-setconfig,skip-reset,pause-pm-policy version:5]
2026-07-26T16:24:41.977Z In(05) vmx USB: Found device [name:Shared\ O2Micro\ CCID\ SC\ Reader\ 0 vid:0e0f pid:0004 speed:full family:smart-card deviceType:virtual-smartcard version:5]
2026-07-26T16:24:55.647Z In(05) vmx USB: New set of 6 USB devices.
2026-07-26T16:24:55.647Z In(05) vmx USB: Found device [name:SAMSUNG_Android vid:04e8 pid:6860 path:1/0/2 speed:high family:comm,imaging instanceId:USB\\VID_0E0F&PID_0001\\R58X30E6LHD serialnum:R58X30E6LHD disconnected:1 arbRuntimeKey:12 version:5]
2026-07-26T16:24:55.647Z In(05) vmx USB: Found device [name:Intel(R)\ Wireless\ Bluetooth(R) vid:8087 pid:07dc path:1/0/7 speed:full family:wireless,bluetooth instanceId:USB\\VID_8087&PID_07DC\\5&8F97EA0&0&8 arbRuntimeKey:7 version:5]
2026-07-26T16:24:55.647Z In(05) vmx USB: Found device [name:Sierra\ Wireless\ EM7305 vid:1199 pid:9041 path:1/0/10 speed:high family:vendor,comm instanceId:USB\\VID_1199&PID_9041\\5&8F97EA0&0&11 arbRuntimeKey:3 version:5]
2026-07-26T16:24:55.647Z In(05) vmx USB: Found device [name:Chicony\ FJ\ Camera vid:04f2 pid:b3b4 path:1/0/11 speed:high family:video instanceId:USB\\VID_04F2&PID_B3B4\\0X0001 serialnum:0X0001 arbRuntimeKey:4 version:5]
2026-07-26T16:24:55.647Z In(05) vmx USB: Found device [name:O2\ Micro\ O2Micro\ CCID\ SC\ Reader vid:0b97 pid:7772 path:1/0/4/1 speed:full family:smart-card instanceId:USB\\VID_0B97&PID_7772\\6&19995A7D&0&2 arbRuntimeKey:1 quirks:skip-setconfig,skip-reset,pause-pm-policy version:5]
2026-07-26T16:24:55.647Z In(05) vmx USB: Found device [name:Shared\ O2Micro\ CCID\ SC\ Reader\ 0 vid:0e0f pid:0004 speed:full family:smart-card deviceType:virtual-smartcard version:5]
2026-07-26T16:24:55.824Z In(05) vmx USB: New set of 6 USB devices.
2026-07-26T16:24:55.824Z In(05) vmx USB: Found device [name:SAMSUNG_Android vid:04e8 pid:6860 path:1/0/2 speed:high family:comm,imaging instanceId:USB\\VID_04E8&PID_6860\\R58X30E6LHD serialnum:R58X30E6LHD arbRuntimeKey:12 version:5]
2026-07-26T16:24:55.824Z In(05) vmx USB: Found device [name:Intel(R)\ Wireless\ Bluetooth(R) vid:8087 pid:07dc path:1/0/7 speed:full family:wireless,bluetooth instanceId:USB\\VID_8087&PID_07DC\\5&8F97EA0&0&8 arbRuntimeKey:7 version:5]
2026-07-26T16:24:55.824Z In(05) vmx USB: Found device [name:Sierra\ Wireless\ EM7305 vid:1199 pid:9041 path:1/0/10 speed:high family:vendor,comm instanceId:USB\\VID_1199&PID_9041\\5&8F97EA0&0&11 arbRuntimeKey:3 version:5]
2026-07-26T16:24:55.824Z In(05) vmx USB: Found device [name:Chicony\ FJ\ Camera vid:04f2 pid:b3b4 path:1/0/11 speed:high family:video instanceId:USB\\VID_04F2&PID_B3B4\\0X0001 serialnum:0X0001 arbRuntimeKey:4 version:5]
2026-07-26T16:24:55.824Z In(05) vmx USB: Found device [name:O2\ Micro\ O2Micro\ CCID\ SC\ Reader vid:0b97 pid:7772 path:1/0/4/1 speed:full family:smart-card instanceId:USB\\VID_0B97&PID_7772\\6&19995A7D&0&2 arbRuntimeKey:1 quirks:skip-setconfig,skip-reset,pause-pm-policy version:5]
2026-07-26T16:24:55.824Z In(05) vmx USB: Found device [name:Shared\ O2Micro\ CCID\ SC\ Reader\ 0 vid:0e0f pid:0004 speed:full family:smart-card deviceType:virtual-smartcard version:5]
2026-07-26T16:25:17.278Z In(05) vmx USB: New set of 6 USB devices.
2026-07-26T16:25:17.278Z In(05) vmx USB: Found device [name:SAMSUNG_Android vid:04e8 pid:6860 path:1/0/2 speed:high family:comm,imaging instanceId:USB\\VID_0E0F&PID_0001\\R58X30E6LHD serialnum:R58X30E6LHD disconnected:1 arbRuntimeKey:12 version:5]
2026-07-26T16:25:17.278Z In(05) vmx USB: Found device [name:Intel(R)\ Wireless\ Bluetooth(R) vid:8087 pid:07dc path:1/0/7 speed:full family:wireless,bluetooth instanceId:USB\\VID_8087&PID_07DC\\5&8F97EA0&0&8 arbRuntimeKey:7 version:5]
2026-07-26T16:25:17.278Z In(05) vmx USB: Found device [name:Sierra\ Wireless\ EM7305 vid:1199 pid:9041 path:1/0/10 speed:high family:vendor,comm instanceId:USB\\VID_1199&PID_9041\\5&8F97EA0&0&11 arbRuntimeKey:3 version:5]
2026-07-26T16:25:17.278Z In(05) vmx USB: Found device [name:Chicony\ FJ\ Camera vid:04f2 pid:b3b4 path:1/0/11 speed:high family:video instanceId:USB\\VID_04F2&PID_B3B4\\0X0001 serialnum:0X0001 arbRuntimeKey:4 version:5]
2026-07-26T16:25:17.279Z In(05) vmx USB: Found device [name:O2\ Micro\ O2Micro\ CCID\ SC\ Reader vid:0b97 pid:7772 path:1/0/4/1 speed:full family:smart-card instanceId:USB\\VID_0B97&PID_7772\\6&19995A7D&0&2 arbRuntimeKey:1 quirks:skip-setconfig,skip-reset,pause-pm-policy version:5]
2026-07-26T16:25:17.279Z In(05) vmx USB: Found device [name:Shared\ O2Micro\ CCID\ SC\ Reader\ 0 vid:0e0f pid:0004 speed:full family:smart-card deviceType:virtual-smartcard version:5]
2026-07-26T16:25:17.455Z In(05) vmx USB: New set of 6 USB devices.
2026-07-26T16:25:17.455Z In(05) vmx USB: Found device [name:SAMSUNG_Android vid:04e8 pid:6860 path:1/0/2 speed:high family:comm,imaging instanceId:USB\\VID_04E8&PID_6860\\R58X30E6LHD serialnum:R58X30E6LHD arbRuntimeKey:12 version:5]
2026-07-26T16:25:17.455Z In(05) vmx USB: Found device [name:Intel(R)\ Wireless\ Bluetooth(R) vid:8087 pid:07dc path:1/0/7 speed:full family:wireless,bluetooth instanceId:USB\\VID_8087&PID_07DC\\5&8F97EA0&0&8 arbRuntimeKey:7 version:5]
2026-07-26T16:25:17.455Z In(05) vmx USB: Found device [name:Sierra\ Wireless\ EM7305 vid:1199 pid:9041 path:1/0/10 speed:high family:vendor,comm instanceId:USB\\VID_1199&PID_9041\\5&8F97EA0&0&11 arbRuntimeKey:3 version:5]
2026-07-26T16:25:17.455Z In(05) vmx USB: Found device [name:Chicony\ FJ\ Camera vid:04f2 pid:b3b4 path:1/0/11 speed:high family:video instanceId:USB\\VID_04F2&PID_B3B4\\0X0001 serialnum:0X0001 arbRuntimeKey:4 version:5]
2026-07-26T16:25:17.455Z In(05) vmx USB: Found device [name:O2\ Micro\ O2Micro\ CCID\ SC\ Reader vid:0b97 pid:7772 path:1/0/4/1 speed:full family:smart-card instanceId:USB\\VID_0B97&PID_7772\\6&19995A7D&0&2 arbRuntimeKey:1 quirks:skip-setconfig,skip-reset,pause-pm-policy version:5]
2026-07-26T16:25:17.455Z In(05) vmx USB: Found device [name:Shared\ O2Micro\ CCID\ SC\ Reader\ 0 vid:0e0f pid:0004 speed:full family:smart-card deviceType:virtual-smartcard version:5]
2026-07-26T16:25:27.126Z In(05) vmx USB: New set of 6 USB devices.
2026-07-26T16:25:27.126Z In(05) vmx USB: Found device [name:SAMSUNG_Android vid:04e8 pid:6860 path:1/0/2 speed:high family:comm,imaging instanceId:USB\\VID_0E0F&PID_0001\\R58X30E6LHD serialnum:R58X30E6LHD disconnected:1 arbRuntimeKey:12 version:5]
2026-07-26T16:25:27.126Z In(05) vmx USB: Found device [name:Intel(R)\ Wireless\ Bluetooth(R) vid:8087 pid:07dc path:1/0/7 speed:full family:wireless,bluetooth instanceId:USB\\VID_8087&PID_07DC\\5&8F97EA0&0&8 arbRuntimeKey:7 version:5]
2026-07-26T16:25:27.126Z In(05) vmx USB: Found device [name:Sierra\ Wireless\ EM7305 vid:1199 pid:9041 path:1/0/10 speed:high family:vendor,comm instanceId:USB\\VID_1199&PID_9041\\5&8F97EA0&0&11 arbRuntimeKey:3 version:5]
2026-07-26T16:25:27.126Z In(05) vmx USB: Found device [name:Chicony\ FJ\ Camera vid:04f2 pid:b3b4 path:1/0/11 speed:high family:video instanceId:USB\\VID_04F2&PID_B3B4\\0X0001 serialnum:0X0001 arbRuntimeKey:4 version:5]
2026-07-26T16:25:27.126Z In(05) vmx USB: Found device [name:O2\ Micro\ O2Micro\ CCID\ SC\ Reader vid:0b97 pid:7772 path:1/0/4/1 speed:full family:smart-card instanceId:USB\\VID_0B97&PID_7772\\6&19995A7D&0&2 arbRuntimeKey:1 quirks:skip-setconfig,skip-reset,pause-pm-policy version:5]
2026-07-26T16:25:27.127Z In(05) vmx USB: Found device [name:Shared\ O2Micro\ CCID\ SC\ Reader\ 0 vid:0e0f pid:0004 speed:full family:smart-card deviceType:virtual-smartcard version:5]
2026-07-26T16:25:27.271Z In(05) vmx USB: New set of 6 USB devices.
2026-07-26T16:25:27.271Z In(05) vmx USB: Found device [name:SAMSUNG_Android vid:04e8 pid:6860 path:1/0/2 speed:high family:comm,imaging instanceId:USB\\VID_04E8&PID_6860\\R58X30E6LHD serialnum:R58X30E6LHD arbRuntimeKey:12 version:5]
2026-07-26T16:25:27.271Z In(05) vmx USB: Found device [name:Intel(R)\ Wireless\ Bluetooth(R) vid:8087 pid:07dc path:1/0/7 speed:full family:wireless,bluetooth instanceId:USB\\VID_8087&PID_07DC\\5&8F97EA0&0&8 arbRuntimeKey:7 version:5]
2026-07-26T16:25:27.271Z In(05) vmx USB: Found device [name:Sierra\ Wireless\ EM7305 vid:1199 pid:9041 path:1/0/10 speed:high family:vendor,comm instanceId:USB\\VID_1199&PID_9041\\5&8F97EA0&0&11 arbRuntimeKey:3 version:5]
2026-07-26T16:25:27.271Z In(05) vmx USB: Found device [name:Chicony\ FJ\ Camera vid:04f2 pid:b3b4 path:1/0/11 speed:high family:video instanceId:USB\\VID_04F2&PID_B3B4\\0X0001 serialnum:0X0001 arbRuntimeKey:4 version:5]
2026-07-26T16:25:27.271Z In(05) vmx USB: Found device [name:O2\ Micro\ O2Micro\ CCID\ SC\ Reader vid:0b97 pid:7772 path:1/0/4/1 speed:full family:smart-card instanceId:USB\\VID_0B97&PID_7772\\6&19995A7D&0&2 arbRuntimeKey:1 quirks:skip-setconfig,skip-reset,pause-pm-policy version:5]
2026-07-26T16:25:27.271Z In(05) vmx USB: Found device [name:Shared\ O2Micro\ CCID\ SC\ Reader\ 0 vid:0e0f pid:0004 speed:full family:smart-card deviceType:virtual-smartcard version:5]
2026-07-26T16:25:32.403Z In(05) vmx USB: New set of 6 USB devices.
2026-07-26T16:25:32.403Z In(05) vmx USB: Found device [name:SAMSUNG_Android vid:04e8 pid:6860 path:1/0/2 speed:high family:comm,imaging instanceId:USB\\VID_0E0F&PID_0001\\R58X30E6LHD serialnum:R58X30E6LHD disconnected:1 arbRuntimeKey:12 version:5]
2026-07-26T16:25:32.404Z In(05) vmx USB: Found device [name:Intel(R)\ Wireless\ Bluetooth(R) vid:8087 pid:07dc path:1/0/7 speed:full family:wireless,bluetooth instanceId:USB\\VID_8087&PID_07DC\\5&8F97EA0&0&8 arbRuntimeKey:7 version:5]
2026-07-26T16:25:32.404Z In(05) vmx USB: Found device [name:Sierra\ Wireless\ EM7305 vid:1199 pid:9041 path:1/0/10 speed:high family:vendor,comm instanceId:USB\\VID_1199&PID_9041\\5&8F97EA0&0&11 arbRuntimeKey:3 version:5]
2026-07-26T16:25:32.404Z In(05) vmx USB: Found device [name:Chicony\ FJ\ Camera vid:04f2 pid:b3b4 path:1/0/11 speed:high family:video instanceId:USB\\VID_04F2&PID_B3B4\\0X0001 serialnum:0X0001 arbRuntimeKey:4 version:5]
2026-07-26T16:25:32.404Z In(05) vmx USB: Found device [name:O2\ Micro\ O2Micro\ CCID\ SC\ Reader vid:0b97 pid:7772 path:1/0/4/1 speed:full family:smart-card instanceId:USB\\VID_0B97&PID_7772\\6&19995A7D&0&2 arbRuntimeKey:1 quirks:skip-setconfig,skip-reset,pause-pm-policy version:5]
2026-07-26T16:25:32.404Z In(05) vmx USB: Found device [name:Shared\ O2Micro\ CCID\ SC\ Reader\ 0 vid:0e0f pid:0004 speed:full family:smart-card deviceType:virtual-smartcard version:5]
2026-07-26T16:25:33.015Z In(05) vmx USB: New set of 5 USB devices.
2026-07-26T16:25:33.015Z In(05) vmx USB: Found device [name:Intel(R)\ Wireless\ Bluetooth(R) vid:8087 pid:07dc path:1/0/7 speed:full family:wireless,bluetooth instanceId:USB\\VID_8087&PID_07DC\\5&8F97EA0&0&8 arbRuntimeKey:7 version:5]
2026-07-26T16:25:33.015Z In(05) vmx USB: Found device [name:Sierra\ Wireless\ EM7305 vid:1199 pid:9041 path:1/0/10 speed:high family:vendor,comm instanceId:USB\\VID_1199&PID_9041\\5&8F97EA0&0&11 arbRuntimeKey:3 version:5]
2026-07-26T16:25:33.015Z In(05) vmx USB: Found device [name:Chicony\ FJ\ Camera vid:04f2 pid:b3b4 path:1/0/11 speed:high family:video instanceId:USB\\VID_04F2&PID_B3B4\\0X0001 serialnum:0X0001 arbRuntimeKey:4 version:5]
2026-07-26T16:25:33.015Z In(05) vmx USB: Found device [name:O2\ Micro\ O2Micro\ CCID\ SC\ Reader vid:0b97 pid:7772 path:1/0/4/1 speed:full family:smart-card instanceId:USB\\VID_0B97&PID_7772\\6&19995A7D&0&2 arbRuntimeKey:1 quirks:skip-setconfig,skip-reset,pause-pm-policy version:5]
2026-07-26T16:25:33.015Z In(05) vmx USB: Found device [name:Shared\ O2Micro\ CCID\ SC\ Reader\ 0 vid:0e0f pid:0004 speed:full family:smart-card deviceType:virtual-smartcard version:5]
2026-07-26T16:26:40.925Z In(05) vmx USB: New set of 6 USB devices.
2026-07-26T16:26:40.925Z In(05) vmx USB: Found device [name:SAMSUNG_Android vid:04e8 pid:6860 path:1/0/2 speed:high family:comm,imaging instanceId:USB\\VID_0E0F&PID_0001\\R58X30E6LHD serialnum:R58X30E6LHD arbRuntimeKey:13 version:5]
2026-07-26T16:26:40.925Z In(05) vmx USB: Found device [name:Intel(R)\ Wireless\ Bluetooth(R) vid:8087 pid:07dc path:1/0/7 speed:full family:wireless,bluetooth instanceId:USB\\VID_8087&PID_07DC\\5&8F97EA0&0&8 arbRuntimeKey:7 version:5]
2026-07-26T16:26:40.925Z In(05) vmx USB: Found device [name:Sierra\ Wireless\ EM7305 vid:1199 pid:9041 path:1/0/10 speed:high family:vendor,comm instanceId:USB\\VID_1199&PID_9041\\5&8F97EA0&0&11 arbRuntimeKey:3 version:5]
2026-07-26T16:26:40.925Z In(05) vmx USB: Found device [name:Chicony\ FJ\ Camera vid:04f2 pid:b3b4 path:1/0/11 speed:high family:video instanceId:USB\\VID_04F2&PID_B3B4\\0X0001 serialnum:0X0001 arbRuntimeKey:4 version:5]
2026-07-26T16:26:40.925Z In(05) vmx USB: Found device [name:O2\ Micro\ O2Micro\ CCID\ SC\ Reader vid:0b97 pid:7772 path:1/0/4/1 speed:full family:smart-card instanceId:USB\\VID_0B97&PID_7772\\6&19995A7D&0&2 arbRuntimeKey:1 quirks:skip-setconfig,skip-reset,pause-pm-policy version:5]
2026-07-26T16:26:40.925Z In(05) vmx USB: Found device [name:Shared\ O2Micro\ CCID\ SC\ Reader\ 0 vid:0e0f pid:0004 speed:full family:smart-card deviceType:virtual-smartcard version:5]
2026-07-26T16:26:49.868Z In(05) vmx USB: New set of 6 USB devices.
2026-07-26T16:26:49.868Z In(05) vmx USB: Found device [name:SAMSUNG_Android vid:04e8 pid:6860 path:1/0/2 speed:high family:comm,imaging instanceId:USB\\VID_0E0F&PID_0001\\R58X30E6LHD serialnum:R58X30E6LHD disconnected:1 arbRuntimeKey:13 version:5]
2026-07-26T16:26:49.869Z In(05) vmx USB: Found device [name:Intel(R)\ Wireless\ Bluetooth(R) vid:8087 pid:07dc path:1/0/7 speed:full family:wireless,bluetooth instanceId:USB\\VID_8087&PID_07DC\\5&8F97EA0&0&8 arbRuntimeKey:7 version:5]
2026-07-26T16:26:49.869Z In(05) vmx USB: Found device [name:Sierra\ Wireless\ EM7305 vid:1199 pid:9041 path:1/0/10 speed:high family:vendor,comm instanceId:USB\\VID_1199&PID_9041\\5&8F97EA0&0&11 arbRuntimeKey:3 version:5]
2026-07-26T16:26:49.869Z In(05) vmx USB: Found device [name:Chicony\ FJ\ Camera vid:04f2 pid:b3b4 path:1/0/11 speed:high family:video instanceId:USB\\VID_04F2&PID_B3B4\\0X0001 serialnum:0X0001 arbRuntimeKey:4 version:5]
2026-07-26T16:26:49.869Z In(05) vmx USB: Found device [name:O2\ Micro\ O2Micro\ CCID\ SC\ Reader vid:0b97 pid:7772 path:1/0/4/1 speed:full family:smart-card instanceId:USB\\VID_0B97&PID_7772\\6&19995A7D&0&2 arbRuntimeKey:1 quirks:skip-setconfig,skip-reset,pause-pm-policy version:5]
2026-07-26T16:26:49.869Z In(05) vmx USB: Found device [name:Shared\ O2Micro\ CCID\ SC\ Reader\ 0 vid:0e0f pid:0004 speed:full family:smart-card deviceType:virtual-smartcard version:5]
2026-07-26T16:26:50.044Z In(05) vmx USB: New set of 6 USB devices.
2026-07-26T16:26:50.044Z In(05) vmx USB: Found device [name:SAMSUNG_Android vid:04e8 pid:6860 path:1/0/2 speed:high family:comm,imaging instanceId:USB\\VID_04E8&PID_6860\\R58X30E6LHD serialnum:R58X30E6LHD arbRuntimeKey:13 version:5]
2026-07-26T16:26:50.044Z In(05) vmx USB: Found device [name:Intel(R)\ Wireless\ Bluetooth(R) vid:8087 pid:07dc path:1/0/7 speed:full family:wireless,bluetooth instanceId:USB\\VID_8087&PID_07DC\\5&8F97EA0&0&8 arbRuntimeKey:7 version:5]
2026-07-26T16:26:50.044Z In(05) vmx USB: Found device [name:Sierra\ Wireless\ EM7305 vid:1199 pid:9041 path:1/0/10 speed:high family:vendor,comm instanceId:USB\\VID_1199&PID_9041\\5&8F97EA0&0&11 arbRuntimeKey:3 version:5]
2026-07-26T16:26:50.044Z In(05) vmx USB: Found device [name:Chicony\ FJ\ Camera vid:04f2 pid:b3b4 path:1/0/11 speed:high family:video instanceId:USB\\VID_04F2&PID_B3B4\\0X0001 serialnum:0X0001 arbRuntimeKey:4 version:5]
2026-07-26T16:26:50.044Z In(05) vmx USB: Found device [name:O2\ Micro\ O2Micro\ CCID\ SC\ Reader vid:0b97 pid:7772 path:1/0/4/1 speed:full family:smart-card instanceId:USB\\VID_0B97&PID_7772\\6&19995A7D&0&2 arbRuntimeKey:1 quirks:skip-setconfig,skip-reset,pause-pm-policy version:5]
2026-07-26T16:26:50.045Z In(05) vmx USB: Found device [name:Shared\ O2Micro\ CCID\ SC\ Reader\ 0 vid:0e0f pid:0004 speed:full family:smart-card deviceType:virtual-smartcard version:5]
2026-07-26T16:36:58.223Z In(05) vmx USB: New set of 6 USB devices.
2026-07-26T16:36:58.223Z In(05) vmx USB: Found device [name:SAMSUNG_Android vid:04e8 pid:6860 path:1/0/2 speed:high family:comm,imaging instanceId:USB\\VID_04E8&PID_6860\\R58X30E6LHD serialnum:R58X30E6LHD disconnected:1 arbRuntimeKey:13 version:5]
2026-07-26T16:36:58.223Z In(05) vmx USB: Found device [name:Intel(R)\ Wireless\ Bluetooth(R) vid:8087 pid:07dc path:1/0/7 speed:full family:wireless,bluetooth instanceId:USB\\VID_8087&PID_07DC\\5&8F97EA0&0&8 arbRuntimeKey:7 version:5]
2026-07-26T16:36:58.223Z In(05) vmx USB: Found device [name:Sierra\ Wireless\ EM7305 vid:1199 pid:9041 path:1/0/10 speed:high family:vendor,comm instanceId:USB\\VID_1199&PID_9041\\5&8F97EA0&0&11 arbRuntimeKey:3 version:5]
2026-07-26T16:36:58.223Z In(05) vmx USB: Found device [name:Chicony\ FJ\ Camera vid:04f2 pid:b3b4 path:1/0/11 speed:high family:video instanceId:USB\\VID_04F2&PID_B3B4\\0X0001 serialnum:0X0001 arbRuntimeKey:4 version:5]
2026-07-26T16:36:58.223Z In(05) vmx USB: Found device [name:O2\ Micro\ O2Micro\ CCID\ SC\ Reader vid:0b97 pid:7772 path:1/0/4/1 speed:full family:smart-card instanceId:USB\\VID_0B97&PID_7772\\6&19995A7D&0&2 arbRuntimeKey:1 quirks:skip-setconfig,skip-reset,pause-pm-policy version:5]
2026-07-26T16:36:58.223Z In(05) vmx USB: Found device [name:Shared\ O2Micro\ CCID\ SC\ Reader\ 0 vid:0e0f pid:0004 speed:full family:smart-card deviceType:virtual-smartcard version:5]
2026-07-26T16:36:58.834Z In(05) vmx USB: New set of 5 USB devices.
2026-07-26T16:36:58.834Z In(05) vmx USB: Found device [name:Intel(R)\ Wireless\ Bluetooth(R) vid:8087 pid:07dc path:1/0/7 speed:full family:wireless,bluetooth instanceId:USB\\VID_8087&PID_07DC\\5&8F97EA0&0&8 arbRuntimeKey:7 version:5]
2026-07-26T16:36:58.834Z In(05) vmx USB: Found device [name:Sierra\ Wireless\ EM7305 vid:1199 pid:9041 path:1/0/10 speed:high family:vendor,comm instanceId:USB\\VID_1199&PID_9041\\5&8F97EA0&0&11 arbRuntimeKey:3 version:5]
2026-07-26T16:36:58.834Z In(05) vmx USB: Found device [name:Chicony\ FJ\ Camera vid:04f2 pid:b3b4 path:1/0/11 speed:high family:video instanceId:USB\\VID_04F2&PID_B3B4\\0X0001 serialnum:0X0001 arbRuntimeKey:4 version:5]
2026-07-26T16:36:58.834Z In(05) vmx USB: Found device [name:O2\ Micro\ O2Micro\ CCID\ SC\ Reader vid:0b97 pid:7772 path:1/0/4/1 speed:full family:smart-card instanceId:USB\\VID_0B97&PID_7772\\6&19995A7D&0&2 arbRuntimeKey:1 quirks:skip-setconfig,skip-reset,pause-pm-policy version:5]
2026-07-26T16:36:58.834Z In(05) vmx USB: Found device [name:Shared\ O2Micro\ CCID\ SC\ Reader\ 0 vid:0e0f pid:0004 speed:full family:smart-card deviceType:virtual-smartcard version:5]
2026-07-26T16:52:55.445Z In(05) vmx MemSched: caller 0 numvm 1 locked pages: num 269626 max 3492089
2026-07-26T16:52:55.446Z In(05) vmx MemSched: locked Page Limit: host 3500281 config 3512832
2026-07-26T16:52:55.446Z In(05) vmx MemSched: minmempct 50  timestamp 810730
2026-07-26T16:52:55.446Z In(05) vmx MemSched: VM 0 min 269626 max 531770 shares 524288 paged 4141758 nonpaged 3246 anonymous 4236 locked 269626 touchedPct 6 dirtiedPct 3 timestamp 810730 vmResponsive is 1
2026-07-26T16:52:55.446Z In(05) vmx MemSched: locked 269626 target 531770 balloon 0 0 321696 swapped 28502 0 allocd 0 512 state 0 100
2026-07-26T16:52:55.446Z In(05) vmx MemSched: states: 0 43201 : 1 0 : 2 0 : 3 0
2026-07-26T16:52:55.446Z In(05) vmx MemSched: Balloon enabled 1 guestType 1 maxSize 494917
2026-07-26T17:22:56.451Z In(05) vmx MemSched: caller 0 numvm 1 locked pages: num 269626 max 3485052
2026-07-26T17:22:56.451Z In(05) vmx MemSched: locked Page Limit: host 3493244 config 3512832
2026-07-26T17:22:56.451Z In(05) vmx MemSched: minmempct 50  timestamp 812531
2026-07-26T17:22:56.451Z In(05) vmx MemSched: VM 0 min 269626 max 531770 shares 524288 paged 4141758 nonpaged 3246 anonymous 4236 locked 269626 touchedPct 5 dirtiedPct 1 timestamp 812531 vmResponsive is 1
2026-07-26T17:22:56.451Z In(05) vmx MemSched: locked 269626 target 531770 balloon 0 0 321696 swapped 28516 0 allocd 0 512 state 0 100
2026-07-26T17:22:56.451Z In(05) vmx MemSched: states: 0 45001 : 1 0 : 2 0 : 3 0
2026-07-26T17:22:56.451Z In(05) vmx MemSched: Balloon enabled 1 guestType 1 maxSize 494917
2026-07-26T17:52:57.457Z In(05) vmx MemSched: caller 0 numvm 1 locked pages: num 269626 max 3480419
2026-07-26T17:52:57.457Z In(05) vmx MemSched: locked Page Limit: host 3488611 config 3512832
2026-07-26T17:52:57.457Z In(05) vmx MemSched: minmempct 50  timestamp 814332
2026-07-26T17:52:57.457Z In(05) vmx MemSched: VM 0 min 269626 max 531770 shares 524288 paged 4141758 nonpaged 3246 anonymous 4236 locked 269626 touchedPct 8 dirtiedPct 2 timestamp 814332 vmResponsive is 1
2026-07-26T17:52:57.457Z In(05) vmx MemSched: locked 269626 target 531770 balloon 0 0 321696 swapped 28524 0 allocd 0 512 state 0 100
2026-07-26T17:52:57.457Z In(05) vmx MemSched: states: 0 46801 : 1 0 : 2 0 : 3 0
2026-07-26T17:52:57.457Z In(05) vmx MemSched: Balloon enabled 1 guestType 1 maxSize 494917
2026-07-26T18:22:40.241Z In(05) vmx VNET: MACVNetLinkStateEventHandler: event, up:0, adapter:1
2026-07-26T18:22:40.241Z In(05) vmx VNET: MACVNetLinkStateEventHandler: 'ethernet0' state from 5 to 7.
2026-07-26T18:22:40.241Z In(05) vmx VNET: MACVNetLinkStateEventHandler: event, up:1, adapter:0
2026-07-26T18:22:40.241Z In(05) vmx VNET: MACVNetLinkStateEventHandler: 'ethernet0' state from 7 to 2.
2026-07-26T18:22:45.165Z In(05) vmx VNET: MACVNetLinkStateTimerHandler: 'ethernet0' state from 2 to 6.
2026-07-26T18:22:45.265Z In(05) vmx VNET: MACVNetLinkStateTimerHandler: 'ethernet0' state from 6 to 1.
2026-07-26T18:22:50.293Z In(05) vmx VNET: MACVNetLinkStateEventHandler: event, up:0, adapter:1
2026-07-26T18:22:50.293Z In(05) vmx VNET: MACVNetLinkStateEventHandler: 'ethernet0' state from 1 to 3.
2026-07-26T18:22:50.293Z In(05) vmx VNET: MACVNetLinkStateEventHandler: event, up:1, adapter:0
2026-07-26T18:22:50.294Z In(05) vmx VNET: MACVNetLinkStateEventHandler: 'ethernet0' state from 3 to 2.
2026-07-26T18:22:55.724Z In(05) vmx VNET: MACVNetLinkStateTimerHandler: 'ethernet0' state from 2 to 6.
2026-07-26T18:22:55.824Z In(05) vmx VNET: MACVNetLinkStateTimerHandler: 'ethernet0' state from 6 to 1.
2026-07-26T18:22:58.470Z In(05) vmx MemSched: caller 0 numvm 1 locked pages: num 269626 max 3504640
2026-07-26T18:22:58.470Z In(05) vmx MemSched: locked Page Limit: host 3629027 config 3512832
2026-07-26T18:22:58.470Z In(05) vmx MemSched: minmempct 50  timestamp 816133
2026-07-26T18:22:58.470Z In(05) vmx MemSched: VM 0 min 269626 max 531770 shares 524288 paged 4141758 nonpaged 3246 anonymous 4236 locked 269626 touchedPct 7 dirtiedPct 1 timestamp 816133 vmResponsive is 1
2026-07-26T18:22:58.470Z In(05) vmx MemSched: locked 269626 target 531770 balloon 0 0 321696 swapped 28585 0 allocd 0 512 state 0 100
2026-07-26T18:22:58.470Z In(05) vmx MemSched: states: 0 48601 : 1 0 : 2 0 : 3 0
2026-07-26T18:22:58.470Z In(05) vmx MemSched: Balloon enabled 1 guestType 1 maxSize 494917
2026-07-26T18:23:00.841Z In(05) vmx VNET: MACVNetLinkStateTimerHandler: 'ethernet0' state from 1 to 5.
2026-07-26T18:40:24.088Z In(05) vmx VNET: MACVNetLinkStateEventHandler: event, up:0, adapter:1
2026-07-26T18:40:24.088Z In(05) vmx VNET: MACVNetLinkStateEventHandler: 'ethernet0' state from 5 to 7.
2026-07-26T18:40:24.088Z In(05) vmx VNET: MACVNetLinkStateEventHandler: event, up:1, adapter:0
2026-07-26T18:40:24.088Z In(05) vmx VNET: MACVNetLinkStateEventHandler: 'ethernet0' state from 7 to 2.
2026-07-26T18:40:29.097Z In(05) vmx VNET: MACVNetLinkStateTimerHandler: 'ethernet0' state from 2 to 6.
2026-07-26T18:40:29.197Z In(05) vmx VNET: MACVNetLinkStateTimerHandler: 'ethernet0' state from 6 to 1.
2026-07-26T18:40:33.308Z In(05) vmx VNET: MACVNetLinkStateEventHandler: event, up:0, adapter:1
2026-07-26T18:40:33.308Z In(05) vmx VNET: MACVNetLinkStateEventHandler: 'ethernet0' state from 1 to 3.
2026-07-26T18:40:33.308Z In(05) vmx VNET: MACVNetLinkStateEventHandler: event, up:1, adapter:0
2026-07-26T18:40:33.308Z In(05) vmx VNET: MACVNetLinkStateEventHandler: 'ethernet0' state from 3 to 2.
2026-07-26T18:40:38.360Z In(05) vmx VNET: MACVNetLinkStateTimerHandler: 'ethernet0' state from 2 to 6.
2026-07-26T18:40:38.462Z In(05) vmx VNET: MACVNetLinkStateTimerHandler: 'ethernet0' state from 6 to 1.
2026-07-26T18:40:43.536Z In(05) vmx VNET: MACVNetLinkStateTimerHandler: 'ethernet0' state from 1 to 5.
2026-07-26T18:42:13.451Z In(05) mks MKS-VMDB: VMDB requested a screenshot
2026-07-26T18:42:14.012Z In(05) svga MKSScreenShotMgr: Taking a screenshot
2026-07-26T18:42:35.835Z In(05) mks SWBWindow: Window #0 validation failed: no valid host window or host surface.
2026-07-26T18:42:35.835Z In(05) mks SWBWindow: Window #1 validation failed: no valid host window or host surface.
2026-07-26T18:42:51.689Z In(05) mks SWBWindow: Number of MKSWindows changed: 1 rendering MKSWindow(s) of total 1.
2026-07-26T18:42:51.689Z In(05) mks MKS-HWinMux: Backend Switch Queued
2026-07-26T18:42:52.215Z In(05) mks SWBWindow: Number of MKSWindows changed: 1 rendering MKSWindow(s) of total 2.
2026-07-26T18:42:52.215Z In(05) mks MKS-HWinMux: Backend Switch Queued
2026-07-26T18:42:58.049Z In(05) mks DXGIPresentation: Enumerating adapter 0
2026-07-26T18:42:58.049Z In(05) mks DXGIPresentation: `NVIDIA Quadro K1100M` vendor=0x10de device=0x0ff6 revision=161
2026-07-26T18:42:58.049Z In(05) mks DXGIPresentation: video=2009MB system=0MB shared=8132MB
2026-07-26T18:42:58.392Z In(05) mks DXGIPresentation: LOCAL     budget  1708M usage     0M avail   904M res     0M
2026-07-26T18:42:58.393Z In(05) mks DXGIPresentation: NON-LOCAL budget  7470M usage     0M avail  3863M res     0M
2026-07-26T18:42:58.393Z Wa(03) mks DXGIPresentation: Adapter LUID does not match renderer
2026-07-26T18:42:58.393Z In(05) mks DXGIPresentation: Enumerating adapter 1
2026-07-26T18:42:58.393Z In(05) mks DXGIPresentation: `Intel(R) HD Graphics 4600` vendor=0x8086 device=0x0416 revision=6
2026-07-26T18:42:58.393Z In(05) mks DXGIPresentation: video=112MB system=0MB shared=2048MB
2026-07-26T18:42:58.393Z In(05) mks DXGIPresentation: LOCAL     budget  2048M usage     0M avail  2048M res     0M
2026-07-26T18:42:58.393Z In(05) mks DXGIPresentation: NON-LOCAL budget     0M usage     0M avail     0M res     0M
2026-07-26T18:43:01.847Z In(05) mks DXGIPresentation: Using device unknown; adapter `Intel(R) HD Graphics 4600`
2026-07-26T18:43:01.847Z In(05) mks DXGIPresentation: Enumerating adapter 2
2026-07-26T18:43:01.847Z In(05) mks DXGIPresentation: `Microsoft Basic Render Driver` vendor=0x1414 device=0x008c revision=0
2026-07-26T18:43:01.847Z In(05) mks DXGIPresentation: video=0MB system=0MB shared=8132MB
2026-07-26T18:43:01.848Z In(05) mks DXGIPresentation: LOCAL     budget  7470M usage     0M avail  3863M res     0M
2026-07-26T18:43:01.848Z In(05) mks DXGIPresentation: NON-LOCAL budget     0M usage     0M avail     0M res     0M
2026-07-26T18:43:02.634Z In(05) vmx Tools: sending 'OS_Halt' (state = 1) state change request
2026-07-26T18:43:02.634Z In(05) vmx Tools: Changing running status: 1 => 2.
2026-07-26T18:43:02.634Z In(05) vmx Tools: [RunningStatus] Last heartbeat value 49615 (last received 0s ago)
2026-07-26T18:43:03.915Z In(05) mks MKS-HWinMux: Started DXGI presentation backend.
2026-07-26T18:43:04.340Z In(05) vmx Vix: [vmxCommands.c:535]: VMAutomation_InitiatePowerOff. Tried to soft halt. Success = 1
2026-07-26T18:43:04.348Z In(05) vmx Guest: Executing script for state change 'OS_Halt'.
2026-07-26T18:43:05.612Z In(05) vmx scsi0:0: Command READ(10) took 1.261 seconds (ok)
2026-07-26T18:43:05.614Z In(05) vcpu-1 Tools: State change '1' progress: last event 0, event 1, success 1.
2026-07-26T18:43:09.370Z In(05) mks SWBWindow: Number of MKSWindows changed: 0 rendering MKSWindow(s) of total 2.
2026-07-26T18:43:09.373Z In(05) mks SWBWindow: Window #0 validation failed: no valid host window or host surface.
2026-07-26T18:43:09.373Z In(05) mks SWBVmdb: Destroy SWB Window Id #0 because an invalid MKSWindow definition is received from UI over VMDB.
2026-07-26T18:43:10.391Z In(05) mks SWBWindow: Number of MKSWindows changed: 0 rendering MKSWindow(s) of total 1.
2026-07-26T18:43:10.391Z In(05) mks SWBWindow: Window #1 validation failed: no valid host window or host surface.
2026-07-26T18:43:10.391Z In(05) mks SWBVmdb: Destroy SWB Window Id #1 because an invalid MKSWindow definition is received from UI over VMDB.
2026-07-26T18:43:10.391Z In(05) mks MKS-HWinMux: Backend Switch Queued
2026-07-26T18:43:10.391Z In(05) mks SWBWindow: Number of MKSWindows changed: 0 rendering MKSWindow(s) of total 0.
2026-07-26T18:43:10.778Z In(05) mks DXGIPresentation: Clearing device context
2026-07-26T18:43:10.779Z In(05) mks DXGIPresentation: Release D3D device
2026-07-26T18:43:10.786Z In(05) mks DXGIPresentation: Releasing DXGI Adapter
2026-07-26T18:43:10.786Z In(05) mks DXGIPresentation: Releasing DXGI factory
2026-07-26T18:43:20.691Z In(05) vmx Guest: Script exit code: 0, success = 1
2026-07-26T18:43:20.691Z In(05) vmx TOOLS state change 1 returned status 1
2026-07-26T18:43:20.691Z In(05) vmx Tools: State change '1' progress: last event 1, event 2, success 1.
2026-07-26T18:43:20.691Z In(05) vmx Tools: State change '1' progress: last event 1, event 4, success 1.
2026-07-26T18:43:20.691Z In(05) vmx Tools: Changing running status: 2 => 1.
2026-07-26T18:43:20.691Z In(05) vmx Tools: [RunningStatus] Last heartbeat value 49631 (last received 0s ago)
2026-07-26T18:43:20.692Z In(05) vmx Guest: Initiating halt.
2026-07-26T18:43:24.626Z In(05) vmx scsi0:0: Command WRITE(10) took 1.962 seconds (ok)
2026-07-26T18:43:39.171Z In(05) vmx GuestRpcSendTimedOut: message to toolbox timed out.
2026-07-26T18:43:39.171Z In(05) vmx Tools: [AppStatus] Last heartbeat value 49643 (last received 0s ago)
2026-07-26T18:43:39.171Z In(05) vmx TOOLS: appName=toolbox, oldStatus=1, status=2, guestInitiated=0.
2026-07-26T18:43:58.669Z In(05) mks SWBWindow: Number of MKSWindows changed: 1 rendering MKSWindow(s) of total 1.
2026-07-26T18:43:58.669Z In(05) mks MKS-HWinMux: Backend Switch Queued
2026-07-26T18:43:58.669Z In(05) mks SWBWindow: Number of MKSWindows changed: 1 rendering MKSWindow(s) of total 2.
2026-07-26T18:43:58.669Z In(05) mks MKS-HWinMux: Backend Switch Queued
2026-07-26T18:43:58.675Z In(05) mks DXGIPresentation: Enumerating adapter 0
2026-07-26T18:43:58.675Z In(05) mks DXGIPresentation: `NVIDIA Quadro K1100M` vendor=0x10de device=0x0ff6 revision=161
2026-07-26T18:43:58.675Z In(05) mks DXGIPresentation: video=2009MB system=0MB shared=8132MB
2026-07-26T18:43:58.982Z In(05) vmx scsi0:0: Command READ(10) took 1.466 seconds (ok)
2026-07-26T18:43:59.024Z In(05) mks DXGIPresentation: LOCAL     budget  1708M usage     0M avail   904M res     0M
2026-07-26T18:43:59.024Z In(05) mks DXGIPresentation: NON-LOCAL budget  7470M usage     0M avail  3863M res     0M
2026-07-26T18:43:59.024Z Wa(03) mks DXGIPresentation: Adapter LUID does not match renderer
2026-07-26T18:43:59.024Z In(05) mks DXGIPresentation: Enumerating adapter 1
2026-07-26T18:43:59.024Z In(05) mks DXGIPresentation: `Intel(R) HD Graphics 4600` vendor=0x8086 device=0x0416 revision=6
2026-07-26T18:43:59.024Z In(05) mks DXGIPresentation: video=112MB system=0MB shared=2048MB
2026-07-26T18:43:59.024Z In(05) mks DXGIPresentation: LOCAL     budget  2048M usage     0M avail  2048M res     0M
2026-07-26T18:43:59.024Z In(05) mks DXGIPresentation: NON-LOCAL budget     0M usage     0M avail     0M res     0M
2026-07-26T18:43:59.040Z In(05) mks DXGIPresentation: Using device unknown; adapter `Intel(R) HD Graphics 4600`
2026-07-26T18:43:59.041Z In(05) mks DXGIPresentation: Enumerating adapter 2
2026-07-26T18:43:59.041Z In(05) mks DXGIPresentation: `Microsoft Basic Render Driver` vendor=0x1414 device=0x008c revision=0
2026-07-26T18:43:59.041Z In(05) mks DXGIPresentation: video=0MB system=0MB shared=8132MB
2026-07-26T18:43:59.041Z In(05) mks DXGIPresentation: LOCAL     budget  7470M usage     0M avail  3863M res     0M
2026-07-26T18:43:59.041Z In(05) mks DXGIPresentation: NON-LOCAL budget     0M usage     0M avail     0M res     0M
2026-07-26T18:43:59.049Z In(05) mks MKS-HWinMux: Started DXGI presentation backend.
2026-07-26T18:43:59.172Z In(05) vmx GuestRpcSendTimedOut: message to toolbox timed out.
2026-07-26T18:43:59.172Z In(05) vmx GuestRpc: app toolbox's second ping timeout; assuming app is down
2026-07-26T18:43:59.172Z In(05) vmx Tools: [AppStatus] Last heartbeat value 49662 (last received 0s ago)
2026-07-26T18:43:59.172Z In(05) vmx TOOLS: appName=toolbox, oldStatus=2, status=0, guestInitiated=0.
2026-07-26T18:44:01.792Z In(05) vmx GuestRpc: Reinitializing Channel 1(toolbox)
2026-07-26T18:44:01.792Z In(05) vmx GuestMsg: Channel 1, Cannot unpost because the previous post is already completed
2026-07-26T18:44:01.792Z In(05) vmx Tools: [AppStatus] Last heartbeat value 49663 (last received 0s ago)
2026-07-26T18:44:01.792Z In(05) vmx TOOLS: appName=toolbox, oldStatus=0, status=0, guestInitiated=0.
2026-07-26T18:44:03.949Z In(05) mks SWBWindow: Number of MKSWindows changed: 0 rendering MKSWindow(s) of total 2.
2026-07-26T18:44:03.951Z In(05) mks SWBWindow: Window #0 validation failed: no valid host window or host surface.
2026-07-26T18:44:03.951Z In(05) mks SWBVmdb: Destroy SWB Window Id #0 because an invalid MKSWindow definition is received from UI over VMDB.
2026-07-26T18:44:03.951Z In(05) mks SWBWindow: Number of MKSWindows changed: 0 rendering MKSWindow(s) of total 1.
2026-07-26T18:44:03.951Z In(05) mks SWBWindow: Window #1 validation failed: no valid host window or host surface.
2026-07-26T18:44:03.951Z In(05) mks SWBVmdb: Destroy SWB Window Id #1 because an invalid MKSWindow definition is received from UI over VMDB.
2026-07-26T18:44:03.951Z In(05) mks MKS-HWinMux: Backend Switch Queued
2026-07-26T18:44:03.952Z In(05) mks SWBWindow: Number of MKSWindows changed: 0 rendering MKSWindow(s) of total 0.
2026-07-26T18:44:03.956Z In(05) mks DXGIPresentation: Clearing device context
2026-07-26T18:44:03.956Z In(05) mks DXGIPresentation: Release D3D device
2026-07-26T18:44:04.203Z In(05) mks DXGIPresentation: Releasing DXGI Adapter
2026-07-26T18:44:04.203Z In(05) mks DXGIPresentation: Releasing DXGI factory
2026-07-26T18:44:17.366Z In(05) vmx Guest: *** WARNING: GuestInfo collection interval longer than expected; actual=64 sec, expected=30 sec. ***
2026-07-26T18:44:17.366Z In(05)+ vmx 
2026-07-26T18:44:19.854Z In(05) vcpu-0 GuestMsg: Channel 1, Protocol error, state: 0
2026-07-26T18:44:19.855Z In(05) vcpu-0 GuestMsg: Cannot close channel 1: it is not opened
2026-07-26T18:44:23.652Z In(05) vmx GuestRpc: Got error for channel 1 connection 14: Remote disconnected
2026-07-26T18:44:23.652Z In(05) vmx GuestRpc: GuestRpcResetVsockChannel: channel 1
2026-07-26T18:44:23.652Z In(05) vmx GuestRpc: Closing channel 1 connection 14
2026-07-26T18:44:26.546Z In(05) vmx GuestRpc: Got RPCI vsocket connection 15, assigned to channel 1.
2026-07-26T18:44:27.076Z In(05) vmx DEVSWAP: GuestOS does not require LSI adapter swap.
2026-07-26T18:44:29.013Z Wa(03) vcpu-0 GuestRpc: application toolbox, changing channel 65535 -> 1
2026-07-26T18:44:29.013Z In(05) vcpu-0 GuestRpc: Channel 1, guest application toolbox.
2026-07-26T18:44:29.013Z In(05) vcpu-0 Tools: [AppStatus] Last heartbeat value 49687 (last received 0s ago)
2026-07-26T18:44:29.013Z In(05) vcpu-0 TOOLS: appName=toolbox, oldStatus=0, status=1, guestInitiated=0.
2026-07-26T18:44:33.689Z In(05) vmx Vix: [mainDispatch.c:4130]: VMAutomationReportPowerStateChange: Reporting power state change (opcode=2, err=0).
2026-07-26T18:44:40.614Z In(05) vmx TOOLS Received tools.set.versiontype rpc call, version = 13322, type = 4
2026-07-26T18:44:40.614Z In(05) vmx TOOLS Setting toolsVersionStatus = TOOLS_STATUS_UNMANAGED
2026-07-26T18:44:40.614Z In(05) vmx Tools_SetVersionAndType did nothing; new tools version (13322) and type (4) match old Tools version and type
2026-07-26T18:44:51.018Z In(05) vmx GuestRpcSendTimedOut: message to toolbox-dnd timed out.
2026-07-26T18:44:51.018Z In(05) vmx TOOLS: appName=toolbox-dnd, oldStatus=1, status=2, guestInitiated=0.
2026-07-26T18:44:51.678Z In(05) vmx GuestInfo: HostinfoDetailedDataHeader version: 1
2026-07-26T18:44:51.678Z No(00) vmx ConfigDB: Setting guestInfo.detailed.data = <not printed>
2026-07-26T18:45:06.211Z In(05) vmx GuestRpcSendTimedOut: message to toolbox timed out.
2026-07-26T18:45:06.211Z In(05) vmx Tools: [AppStatus] Last heartbeat value 49696 (last received 5s ago)
2026-07-26T18:45:06.211Z In(05) vmx TOOLS: appName=toolbox, oldStatus=1, status=2, guestInitiated=0.
2026-07-26T18:45:11.026Z In(05) vmx GuestRpcSendTimedOut: message to toolbox-dnd timed out.
2026-07-26T18:45:11.026Z In(05) vmx GuestRpc: app toolbox-dnd's second ping timeout; assuming app is down
2026-07-26T18:45:11.026Z In(05) vmx TOOLS: appName=toolbox-dnd, oldStatus=2, status=0, guestInitiated=0.
2026-07-26T18:45:11.028Z In(05) vmx GuestRpc: Reinitializing Channel 0(toolbox-dnd)
2026-07-26T18:45:11.028Z In(05) vmx GuestMsg: Channel 0, Cannot unpost because the previous post is already completed
2026-07-26T18:45:11.028Z In(05) vmx TOOLS: appName=toolbox-dnd, oldStatus=0, status=0, guestInitiated=0.
2026-07-26T18:45:12.139Z In(05) vcpu-0 Tools: [AppStatus] Last heartbeat value 49697 (last received 0s ago)
2026-07-26T18:45:12.139Z In(05) vcpu-0 TOOLS: appName=toolbox, oldStatus=2, status=1, guestInitiated=0.
2026-07-26T18:45:26.431Z In(05) vmx GuestRpcSendTimedOut: message to toolbox timed out.
2026-07-26T18:45:26.431Z In(05) vmx Tools: [AppStatus] Last heartbeat value 49706 (last received 4s ago)
2026-07-26T18:45:26.431Z In(05) vmx TOOLS: appName=toolbox, oldStatus=1, status=2, guestInitiated=0.
2026-07-26T18:45:38.473Z In(05) vcpu-1 Tools: [AppStatus] Last heartbeat value 49707 (last received 8s ago)
2026-07-26T18:45:38.473Z In(05) vcpu-1 TOOLS: appName=toolbox, oldStatus=2, status=1, guestInitiated=0.
2026-07-26T18:45:40.664Z In(05) vcpu-1 GuestMsg: Channel 0, Protocol error, state: 0
2026-07-26T18:45:40.664Z In(05) vcpu-1 GuestMsg: Cannot close channel 0: it is not opened
2026-07-26T18:45:46.432Z In(05) vmx GuestRpcSendTimedOut: message to toolbox timed out.
2026-07-26T18:45:46.432Z In(05) vmx Tools: [AppStatus] Last heartbeat value 49709 (last received 5s ago)
2026-07-26T18:45:46.432Z In(05) vmx TOOLS: appName=toolbox, oldStatus=1, status=2, guestInitiated=0.
2026-07-26T18:45:52.606Z In(05) mks SWBWindow: Number of MKSWindows changed: 1 rendering MKSWindow(s) of total 1.
2026-07-26T18:45:52.606Z In(05) mks MKS-HWinMux: Backend Switch Queued
2026-07-26T18:45:52.606Z In(05) mks SWBWindow: Number of MKSWindows changed: 1 rendering MKSWindow(s) of total 2.
2026-07-26T18:45:52.606Z In(05) mks MKS-HWinMux: Backend Switch Queued
2026-07-26T18:45:52.613Z In(05) mks DXGIPresentation: Enumerating adapter 0
2026-07-26T18:45:52.613Z In(05) mks DXGIPresentation: `NVIDIA Quadro K1100M` vendor=0x10de device=0x0ff6 revision=161
2026-07-26T18:45:52.613Z In(05) mks DXGIPresentation: video=2009MB system=0MB shared=8132MB
2026-07-26T18:45:52.954Z In(05) mks DXGIPresentation: LOCAL     budget  1708M usage     0M avail   904M res     0M
2026-07-26T18:45:52.954Z In(05) mks DXGIPresentation: NON-LOCAL budget  7470M usage     0M avail  3863M res     0M
2026-07-26T18:45:52.954Z Wa(03) mks DXGIPresentation: Adapter LUID does not match renderer
2026-07-26T18:45:52.954Z In(05) mks DXGIPresentation: Enumerating adapter 1
2026-07-26T18:45:52.954Z In(05) mks DXGIPresentation: `Intel(R) HD Graphics 4600` vendor=0x8086 device=0x0416 revision=6
2026-07-26T18:45:52.954Z In(05) mks DXGIPresentation: video=112MB system=0MB shared=2048MB
2026-07-26T18:45:52.954Z In(05) mks DXGIPresentation: LOCAL     budget  2048M usage     0M avail  2048M res     0M
2026-07-26T18:45:52.954Z In(05) mks DXGIPresentation: NON-LOCAL budget     0M usage     0M avail     0M res     0M
2026-07-26T18:45:52.970Z In(05) mks DXGIPresentation: Using device unknown; adapter `Intel(R) HD Graphics 4600`
2026-07-26T18:45:52.970Z In(05) mks DXGIPresentation: Enumerating adapter 2
2026-07-26T18:45:52.970Z In(05) mks DXGIPresentation: `Microsoft Basic Render Driver` vendor=0x1414 device=0x008c revision=0
2026-07-26T18:45:52.970Z In(05) mks DXGIPresentation: video=0MB system=0MB shared=8132MB
2026-07-26T18:45:52.970Z In(05) mks DXGIPresentation: LOCAL     budget  7470M usage     0M avail  3863M res     0M
2026-07-26T18:45:52.970Z In(05) mks DXGIPresentation: NON-LOCAL budget     0M usage     0M avail     0M res     0M
2026-07-26T18:45:52.977Z In(05) mks MKS-HWinMux: Started DXGI presentation backend.
2026-07-26T18:45:59.021Z In(05) vmx DnDCP: set guest controllers to version 4
2026-07-26T18:46:01.747Z In(05) vcpu-0 Tools: Tools heartbeat timeout.
2026-07-26T18:46:01.747Z In(05) vcpu-0 Tools: Running status rpc handler: 1 => 0.
2026-07-26T18:46:01.747Z In(05) vcpu-0 Tools: Changing running status: 1 => 0.
2026-07-26T18:46:01.747Z In(05) vcpu-0 Tools: [RunningStatus] Last heartbeat value 49709 (last received 20s ago)
2026-07-26T18:46:05.435Z In(05) vmx DnDCP: set guest controllers to version 4
2026-07-26T18:46:06.434Z In(05) vmx GuestRpcSendTimedOut: message to toolbox timed out.
2026-07-26T18:46:06.434Z In(05) vmx GuestRpc: app toolbox's second ping timeout; assuming app is down
2026-07-26T18:46:06.434Z In(05) vmx Tools: [AppStatus] Last heartbeat value 49709 (last received 25s ago)
2026-07-26T18:46:06.434Z In(05) vmx TOOLS: appName=toolbox, oldStatus=2, status=0, guestInitiated=0.
2026-07-26T18:46:06.438Z In(05) vmx GuestRpc: Reinitializing Channel 1(toolbox)
2026-07-26T18:46:06.438Z In(05) vmx GuestMsg: Channel 1, Cannot unpost because the previous post is already completed
2026-07-26T18:46:06.438Z In(05) vmx Tools: [AppStatus] Last heartbeat value 49709 (last received 25s ago)
2026-07-26T18:46:06.438Z In(05) vmx TOOLS: appName=toolbox, oldStatus=0, status=0, guestInitiated=0.
2026-07-26T18:46:09.051Z Wa(03) vmx Guest attempted to revert hostVerifiedSamlToken capability; ignoring.
2026-07-26T18:46:13.476Z In(05) vmx GuestRpc: Got error for channel 1 connection 15: Remote disconnected
2026-07-26T18:46:13.476Z In(05) vmx GuestRpc: GuestRpcResetVsockChannel: channel 1
2026-07-26T18:46:13.476Z In(05) vmx GuestRpc: Closing channel 1 connection 15
2026-07-26T18:46:24.896Z In(05) vmx GuestRpc: Got error for channel 0 connection 13: Remote disconnected
2026-07-26T18:46:24.896Z In(05) vmx GuestRpc: GuestRpcResetVsockChannel: channel 0
2026-07-26T18:46:24.896Z In(05) vmx GuestRpc: Closing channel 0 connection 13
2026-07-26T18:46:37.759Z In(05) mks SWBWindow: Number of MKSWindows changed: 2 rendering MKSWindow(s) of total 2.
2026-07-26T18:46:37.891Z In(05) mks SWBWindow: Window #0 validation failed: no valid host window or host surface.
2026-07-26T18:46:37.891Z In(05) mks SWBVmdb: Destroy SWB Window Id #0 because an invalid MKSWindow definition is received from UI over VMDB.
2026-07-26T18:46:37.891Z In(05) mks SWBWindow: Number of MKSWindows changed: 1 rendering MKSWindow(s) of total 1.
2026-07-26T18:46:37.892Z In(05) mks SWBWindow: Window #1 validation failed: no valid host window or host surface.
2026-07-26T18:46:37.892Z In(05) mks SWBVmdb: Destroy SWB Window Id #1 because an invalid MKSWindow definition is received from UI over VMDB.
2026-07-26T18:46:37.892Z In(05) mks MKS-HWinMux: Backend Switch Queued
2026-07-26T18:46:37.892Z In(05) mks SWBWindow: Number of MKSWindows changed: 0 rendering MKSWindow(s) of total 0.
2026-07-26T18:46:37.895Z In(05) mks DXGIPresentation: Clearing device context
2026-07-26T18:46:37.895Z In(05) mks DXGIPresentation: Release D3D device
2026-07-26T18:46:38.585Z In(05) mks DXGIPresentation: Releasing DXGI Adapter
2026-07-26T18:46:38.585Z In(05) mks DXGIPresentation: Releasing DXGI factory
2026-07-26T18:46:40.758Z In(05) mks SWBWindow: Number of MKSWindows changed: 1 rendering MKSWindow(s) of total 1.
2026-07-26T18:46:40.758Z In(05) mks MKS-HWinMux: Backend Switch Queued
2026-07-26T18:46:40.759Z In(05) mks SWBWindow: Number of MKSWindows changed: 1 rendering MKSWindow(s) of total 2.
2026-07-26T18:46:40.759Z In(05) mks MKS-HWinMux: Backend Switch Queued
2026-07-26T18:46:40.764Z In(05) mks DXGIPresentation: Enumerating adapter 0
2026-07-26T18:46:40.764Z In(05) mks DXGIPresentation: `NVIDIA Quadro K1100M` vendor=0x10de device=0x0ff6 revision=161
2026-07-26T18:46:40.764Z In(05) mks DXGIPresentation: video=2009MB system=0MB shared=8132MB
2026-07-26T18:46:41.104Z In(05) mks DXGIPresentation: LOCAL     budget  1708M usage     0M avail   904M res     0M
2026-07-26T18:46:41.104Z In(05) mks DXGIPresentation: NON-LOCAL budget  7470M usage     0M avail  3863M res     0M
2026-07-26T18:46:41.104Z Wa(03) mks DXGIPresentation: Adapter LUID does not match renderer
2026-07-26T18:46:41.104Z In(05) mks DXGIPresentation: Enumerating adapter 1
2026-07-26T18:46:41.104Z In(05) mks DXGIPresentation: `Intel(R) HD Graphics 4600` vendor=0x8086 device=0x0416 revision=6
2026-07-26T18:46:41.104Z In(05) mks DXGIPresentation: video=112MB system=0MB shared=2048MB
2026-07-26T18:46:41.104Z In(05) mks DXGIPresentation: LOCAL     budget  2048M usage     0M avail  2048M res     0M
2026-07-26T18:46:41.104Z In(05) mks DXGIPresentation: NON-LOCAL budget     0M usage     0M avail     0M res     0M
2026-07-26T18:46:41.119Z In(05) mks DXGIPresentation: Using device unknown; adapter `Intel(R) HD Graphics 4600`
2026-07-26T18:46:41.119Z In(05) mks DXGIPresentation: Enumerating adapter 2
2026-07-26T18:46:41.119Z In(05) mks DXGIPresentation: `Microsoft Basic Render Driver` vendor=0x1414 device=0x008c revision=0
2026-07-26T18:46:41.119Z In(05) mks DXGIPresentation: video=0MB system=0MB shared=8132MB
2026-07-26T18:46:41.119Z In(05) mks DXGIPresentation: LOCAL     budget  7470M usage     0M avail  3863M res     0M
2026-07-26T18:46:41.119Z In(05) mks DXGIPresentation: NON-LOCAL budget     0M usage     0M avail     0M res     0M
2026-07-26T18:46:41.127Z In(05) mks MKS-HWinMux: Started DXGI presentation backend.
2026-07-26T18:46:42.490Z In(05) vmx CPClipboard_SetItem: Set CPClipboard struct with data of size:28, format:1.
2026-07-26T18:46:50.491Z In(05) vmx GuestRpcSendTimedOut: message to toolbox-dnd timed out.
2026-07-26T18:47:11.784Z In(05) vcpu-1 CDROM: Emulate GET CONFIGURATION RT 0 starting feature 0
2026-07-26T18:47:11.785Z In(05) vcpu-1 CDROM: Emulate GET CONFIGURATION RT 0 starting feature 0
2026-07-26T18:47:20.872Z In(05) svga SWBScreen: Screen 1 Destroyed: xywh(0, 0, 1280, 800) flags=0x2
2026-07-26T18:47:20.987Z In(05) svga SWBScreen: Screen 1 Defined: xywh(0, 0, 756, 967) flags=0x2
2026-07-26T18:47:48.799Z In(05) vcpu-1 VMMouse: CMD Disable
2026-07-26T18:47:48.799Z In(05) vcpu-1 VMMouse: Disabling VMMouse mode
2026-07-26T18:47:51.360Z In(05) vcpu-0 PIIX4: PM Soft Off.  Good-bye.
2026-07-26T18:47:51.360Z In(05) vcpu-0 Chipset: The guest has requested that the virtual machine be powered off.
2026-07-26T18:47:51.360Z No(00) vcpu-0 ConfigDB: Setting softPowerOff = "TRUE"
2026-07-26T18:47:51.459Z In(05) vcpu-0 VMX: Issuing power-off request...
2026-07-26T18:47:51.459Z In(05) vmx Stopping VCPU threads...
2026-07-26T18:47:51.493Z In(05) vmx Stopping MKS/SVGA threads
2026-07-26T18:47:51.493Z In(05) vmx MKSThread: Requesting MKS exit
2026-07-26T18:47:51.493Z In(05) svga MKSThread: SVGA thread is exiting the main loop
2026-07-26T18:47:51.494Z In(05) svga SWBScreen: Screen 1 Destroyed: xywh(0, 0, 756, 967) flags=0x2
2026-07-26T18:47:51.495Z In(05) mks SWBWindow: Number of MKSWindows changed: 0 rendering MKSWindow(s) of total 1.
2026-07-26T18:47:51.495Z In(05) mks MKS-HWinMux: Backend Switch Queued
2026-07-26T18:47:51.496Z In(05) mks SWBWindow: Number of MKSWindows changed: 0 rendering MKSWindow(s) of total 0.
2026-07-26T18:47:51.506Z In(05) vmx MKS/SVGA threads are stopped
2026-07-26T18:47:51.506Z In(05) vmx 
2026-07-26T18:47:51.506Z In(05)+ vmx OvhdMem: Final (Power Off) Overheads
2026-07-26T18:47:51.506Z In(05) vmx                                                       reserved      |          used
2026-07-26T18:47:51.506Z In(05) vmx OvhdMem excluded                                  cur    max    avg |    cur    max    avg
2026-07-26T18:47:51.523Z In(05) vmx OvhdMem OvhdUser_MainMem                    :  524288 524288      - | 282887 282887      -
2026-07-26T18:47:51.523Z In(05) vmx OvhdMem OvhdUser_VmxText                    :    7936   7936      - |      0      0      -
2026-07-26T18:47:51.523Z In(05) vmx OvhdMem OvhdUser_VmxTextLibs                :   17408  17408      - |      0      0      -
2026-07-26T18:47:51.523Z In(05) vmx OvhdMem Total excluded                      :  549632 549632      - |      -      -      -
2026-07-26T18:47:51.523Z In(05) vmx OvhdMem Actual maximum                      :         549632        |             -
2026-07-26T18:47:51.523Z In(05)+ vmx 
2026-07-26T18:47:51.523Z In(05) vmx                                                       reserved      |          used
2026-07-26T18:47:51.523Z In(05) vmx OvhdMem paged                                     cur    max    avg |    cur    max    avg
2026-07-26T18:47:51.532Z In(05) vmx OvhdMem OvhdUser_STATS_vmm                  :       4      4      - |      0      0      -
2026-07-26T18:47:51.532Z In(05) vmx OvhdMem OvhdUser_STATS_device               :       2      2      - |      0      0      -
2026-07-26T18:47:51.532Z In(05) vmx OvhdMem OvhdUser_SvgaMobFallback            :  1048576 1048576      - |      0      0      -
2026-07-26T18:47:51.532Z In(05) vmx OvhdMem OvhdUser_DiskLibMemUsed             :    3075   3075      - |      0      0      -
2026-07-26T18:47:51.532Z In(05) vmx OvhdMem OvhdUser_SvgaSurfaceTable           :    2944   2944      - |    459    459      -
2026-07-26T18:47:51.532Z In(05) vmx OvhdMem OvhdUser_SvgaSDirtyCache            :      96     96      - |      0      0      -
2026-07-26T18:47:51.532Z In(05) vmx OvhdMem OvhdUser_SvgaShaderTable            :    1000   1000      - |    193    193      -
2026-07-26T18:47:51.532Z In(05) vmx OvhdMem OvhdUser_SvgaShaderText             :    2304   2304      - |      0      0      -
2026-07-26T18:47:51.532Z In(05) vmx OvhdMem OvhdUser_SvgaContextCache           :    1405   1405      - |      2      2      -
2026-07-26T18:47:51.532Z In(05) vmx OvhdMem OvhdUser_SvgaDXRTViewTable          :      31     31      - |      7      7      -
2026-07-26T18:47:51.532Z In(05) vmx OvhdMem OvhdUser_SvgaDXDSViewTable          :      16     16      - |      4      4      -
2026-07-26T18:47:51.532Z In(05) vmx OvhdMem OvhdUser_SvgaDXSRViewTable          :    1021   1021      - |    211    211      -
2026-07-26T18:47:51.532Z In(05) vmx OvhdMem OvhdUser_SvgaDXUAViewTable          :      70     70      - |     13     13      -
2026-07-26T18:47:51.532Z In(05) vmx OvhdMem OvhdUser_SvgaDXBlendStateTable      :      31     31      - |      4      4      -
2026-07-26T18:47:51.532Z In(05) vmx OvhdMem OvhdUser_SvgaDXElementLayoutTable   :     199    199      - |     10     10      -
2026-07-26T18:47:51.532Z In(05) vmx OvhdMem OvhdUser_SvgaDXDepthStencilTable    :      19     19      - |      4      4      -
2026-07-26T18:47:51.532Z In(05) vmx OvhdMem OvhdUser_SvgaDXRasterizerStateTable :      19     19      - |      4      4      -
2026-07-26T18:47:51.532Z In(05) vmx OvhdMem OvhdUser_SvgaDXSamplerTable         :     141    141      - |     14     14      -
2026-07-26T18:47:51.532Z In(05) vmx OvhdMem OvhdUser_SvgaDXContextTable         :    1472   1472      - |     55     55      -
2026-07-26T18:47:51.532Z In(05) vmx OvhdMem OvhdUser_SvgaDXShaderTable          :     241    241      - |     53     53      -
2026-07-26T18:47:51.532Z In(05) vmx OvhdMem OvhdUser_SvgaDXShaderText           :    4352   4352      - |      0      8      -
2026-07-26T18:47:51.532Z In(05) vmx OvhdMem OvhdUser_SvgaDXStreamOutTable       :     516    516      - |      1      1      -
2026-07-26T18:47:51.532Z In(05) vmx OvhdMem OvhdUser_SvgaDXQueryTable           :     132    132      - |     13     13      -
2026-07-26T18:47:51.532Z In(05) vmx OvhdMem OvhdUser_SvgaVAProcessorTable       :       1      1      - |      0      0      -
2026-07-26T18:47:51.532Z In(05) vmx OvhdMem OvhdUser_SvgaVADecoderTable         :       1      1      - |      0      0      -
2026-07-26T18:47:51.532Z In(05) vmx OvhdMem OvhdUser_SvgaCursor                 :      10     10      - |     10     10      -
2026-07-26T18:47:51.532Z In(05) vmx OvhdMem OvhdUser_SvgaPPNList                :    1026   1026      - |      0      1      -
2026-07-26T18:47:51.532Z In(05) vmx OvhdMem OvhdUser_VmxGlobals                 :   10240  10240      - |      0      0      -
2026-07-26T18:47:51.532Z In(05) vmx OvhdMem OvhdUser_VmxGlobalsLibs             :    3584   3584      - |      0      0      -
2026-07-26T18:47:51.532Z In(05) vmx OvhdMem OvhdUser_VmxHeap                    :   10752  10752      - |      0      0      -
2026-07-26T18:47:51.532Z In(05) vmx OvhdMem OvhdUser_VmxMks                     :      49     49      - |     17     17      -
2026-07-26T18:47:51.532Z In(05) vmx OvhdMem OvhdUser_VmxMksRenderOps            :    3494   3494      - |   2540   2540      -
2026-07-26T18:47:51.532Z In(05) vmx OvhdMem OvhdUser_VmxMks3d                   :  2711552 2711552      - |      0      1      -
2026-07-26T18:47:51.532Z In(05) vmx OvhdMem OvhdUser_VmxMksLLVM                 :   12288  12288      - |      0      0      -
2026-07-26T18:47:51.532Z In(05) vmx OvhdMem OvhdUser_VmxMksScreenTemp           :   69890  69890      - |      0    187      -
2026-07-26T18:47:51.532Z In(05) vmx OvhdMem OvhdUser_VmxMksVnc                  :   74936  74936      - |      0      0      -
2026-07-26T18:47:51.532Z In(05) vmx OvhdMem OvhdUser_VmxMksScreen               :  131075 131075      - |      0      0      -
2026-07-26T18:47:51.532Z In(05) vmx OvhdMem OvhdUser_VmxMksSVGAVO               :    4096   4096      - |      0      0      -
2026-07-26T18:47:51.532Z In(05) vmx OvhdMem OvhdUser_VmxMksSwbCursor            :    4096   4096      - |      0      0      -
2026-07-26T18:47:51.532Z In(05) vmx OvhdMem OvhdUser_VmxPhysMemErrPages         :      10     10      - |      0      0      -
2026-07-26T18:47:51.532Z In(05) vmx OvhdMem OvhdUser_VmxSLEntryBuf              :     128    128      - |      0      0      -
2026-07-26T18:47:51.532Z In(05) vmx OvhdMem OvhdUser_VmxThreads                 :   36864  36864      - |      0      0      -
2026-07-26T18:47:51.532Z In(05) vmx OvhdMem Total paged                         :  4141758 4141758      - |   3614   3811      -
2026-07-26T18:47:51.532Z In(05) vmx OvhdMem Actual maximum                      :         4141758        |        4141758
2026-07-26T18:47:51.532Z In(05)+ vmx 
2026-07-26T18:47:51.532Z In(05) vmx                                                       reserved      |          used
2026-07-26T18:47:51.553Z In(05) vmx OvhdMem nonpaged                                  cur    max    avg |    cur    max    avg
2026-07-26T18:47:51.553Z In(05) vmx OvhdMem OvhdUser_SharedArea                 :     153    153      - |    135    135      -
2026-07-26T18:47:51.553Z In(05) vmx OvhdMem OvhdUser_BusMemTraceBitmap          :      21     21      - |      0      0      -
2026-07-26T18:47:51.553Z In(05) vmx OvhdMem OvhdUser_PFrame                     :    1213   2242      - |   1213   1213      -
2026-07-26T18:47:51.553Z In(05) vmx OvhdMem OvhdUser_VIDE_KSEG                  :      16     16      - |     16     16      -
2026-07-26T18:47:51.553Z In(05) vmx OvhdMem OvhdUser_VGA                        :      64     64      - |     64     64      -
2026-07-26T18:47:51.553Z In(05) vmx OvhdMem OvhdUser_BalloonMPN                 :       1      1      - |      1      1      -
2026-07-26T18:47:51.553Z In(05) vmx OvhdMem OvhdUser_P2MUpdateBuffer            :       3      3      - |      0      0      -
2026-07-26T18:47:51.553Z In(05) vmx OvhdMem OvhdUser_ServicesMPN                :       3      3      - |      2      2      -
2026-07-26T18:47:51.553Z In(05) vmx OvhdMem OvhdUser_LocalApic                  :       2      2      - |      2      2      -
2026-07-26T18:47:51.553Z In(05) vmx OvhdMem OvhdUser_VBIOS                      :       8      8      - |      0      0      -
2026-07-26T18:47:51.553Z In(05) vmx OvhdMem OvhdUser_LSIBIOS                    :       4      4      - |      0      0      -
2026-07-26T18:47:51.553Z In(05) vmx OvhdMem OvhdUser_LSIRings                   :       4      4      - |      0      0      -
2026-07-26T18:47:51.553Z In(05) vmx OvhdMem OvhdUser_SAS1068BIOS                :       4      4      - |      0      0      -
2026-07-26T18:47:51.553Z In(05) vmx OvhdMem OvhdUser_SBIOS                      :      16     16      - |      0      0      -
2026-07-26T18:47:51.553Z In(05) vmx OvhdMem OvhdUser_AHCIBIOS                   :      16     16      - |      0      0      -
2026-07-26T18:47:51.553Z In(05) vmx OvhdMem OvhdUser_AHCIREGS                   :       1      1      - |      1      1      -
2026-07-26T18:47:51.553Z In(05) vmx OvhdMem OvhdUser_FlashRam                   :     128    128      - |      0      0      -
2026-07-26T18:47:51.553Z In(05) vmx OvhdMem OvhdUser_SMM                        :      63     63      - |      0      0      -
2026-07-26T18:47:51.553Z In(05) vmx OvhdMem OvhdUser_SVGAFB                     :    1024   1024      - |      0      0      -
2026-07-26T18:47:51.553Z In(05) vmx OvhdMem OvhdUser_SVGAMEM                    :      64    512      - |      1      1      -
2026-07-26T18:47:51.553Z In(05) vmx OvhdMem OvhdUser_HDAudioReg                 :       3      3      - |      0      0      -
2026-07-26T18:47:51.553Z In(05) vmx OvhdMem OvhdUser_EHCIRegister               :       1      1      - |      1      1      -
2026-07-26T18:47:51.553Z In(05) vmx OvhdMem OvhdUser_XhciRegister               :       1      1      - |      0      0      -
2026-07-26T18:47:51.553Z In(05) vmx OvhdMem OvhdUser_HyperV                     :       2      2      - |      0      0      -
2026-07-26T18:47:51.553Z In(05) vmx OvhdMem OvhdUser_ExtCfg                     :       4      4      - |      0      0      -
2026-07-26T18:47:51.553Z In(05) vmx OvhdMem OvhdUser_vhvCachedVMCS              :       2      2      - |      0      0      -
2026-07-26T18:47:51.553Z In(05) vmx OvhdMem OvhdUser_vhvNestedAPIC              :       2      2      - |      0      0      -
2026-07-26T18:47:51.553Z In(05) vmx OvhdMem OvhdUser_LBR                        :       2      2      - |      0      0      -
2026-07-26T18:47:51.553Z In(05) vmx OvhdMem OvhdUser_MonWired                   :      53     53      - |     53     53      -
2026-07-26T18:47:51.554Z In(05) vmx OvhdMem OvhdUser_MonNuma                    :     297    297      - |      0      0      -
2026-07-26T18:47:51.554Z In(05) vmx OvhdMem OvhdUser_NVDC                       :       1      1      - |      0      0      -
2026-07-26T18:47:51.554Z In(05) vmx OvhdMem OvhdUser_PCIeMMIOArea               :      70     70      - |     37     37      -
2026-07-26T18:47:51.554Z In(05) vmx OvhdMem Total nonpaged                      :    3246   4723      - |   1526   1526      -
2026-07-26T18:47:51.554Z In(05) vmx OvhdMem Actual maximum                      :           3246        |          4723
2026-07-26T18:47:51.554Z In(05)+ vmx 
2026-07-26T18:47:51.554Z In(05) vmx                                                       reserved      |          used
2026-07-26T18:47:51.554Z In(05) vmx OvhdMem anonymous                                 cur    max    avg |    cur    max    avg
2026-07-26T18:47:51.554Z In(05) vmx OvhdMem OvhdMon_Alloc                       :     196    196      - |     21    135      -
2026-07-26T18:47:51.554Z In(05) vmx OvhdMem OvhdMon_BusMemFrame                 :     578    635      - |    578    578      -
2026-07-26T18:47:51.554Z In(05) vmx OvhdMem OvhdMon_BusMem2MInfo                :       8      8      - |      8      8      -
2026-07-26T18:47:51.554Z In(05) vmx OvhdMem OvhdMon_BusMem1GInfo                :       1      1      - |      1      1      -
2026-07-26T18:47:51.554Z In(05) vmx OvhdMem OvhdMon_BusMemZapListMPN            :       1      1      - |      1      1      -
2026-07-26T18:47:51.554Z In(05) vmx OvhdMem OvhdMon_BusMemPreval                :       8      8      - |      0      0      -
2026-07-26T18:47:51.554Z In(05) vmx OvhdMem OvhdMon_MonAS                       :       2      2      - |      1      1      -
2026-07-26T18:47:51.554Z In(05) vmx OvhdMem OvhdMon_GuestMem                    :      80     80      - |     60     60      -
2026-07-26T18:47:51.554Z In(05) vmx OvhdMem OvhdMon_TC                          :    1026   1026      - |    908    908      -
2026-07-26T18:47:51.554Z In(05) vmx OvhdMem OvhdMon_BusMemMonAS                 :       5      5      - |      5      5      -
2026-07-26T18:47:51.554Z In(05) vmx OvhdMem OvhdMon_PlatformMonAS               :       7      7      - |      4      4      -
2026-07-26T18:47:51.554Z In(05) vmx OvhdMem OvhdMon_HVNuma                      :       4      4      - |      0      0      -
2026-07-26T18:47:51.554Z In(05) vmx OvhdMem OvhdMon_HV                          :       2      2      - |      2      2      -
2026-07-26T18:47:51.554Z In(05) vmx OvhdMem OvhdMon_HVMSRBitmap                 :       1      1      - |      0      0      -
2026-07-26T18:47:51.554Z In(05) vmx OvhdMem OvhdMon_VHVGuestMSRBitmap           :       2      2      - |      0      0      -
2026-07-26T18:47:51.554Z In(05) vmx OvhdMem OvhdMon_VHV                         :       6      6      - |      0      0      -
2026-07-26T18:47:51.554Z In(05) vmx OvhdMem OvhdMon_Numa                        :      30     30      - |     14     30      -
2026-07-26T18:47:51.554Z In(05) vmx OvhdMem OvhdMon_NumaTextRodata              :     199    381      - |    182    364      -
2026-07-26T18:47:51.554Z In(05) vmx OvhdMem OvhdMon_NumaDataBss                 :      98     98      - |     98     98      -
2026-07-26T18:47:51.554Z In(05) vmx OvhdMem OvhdMon_NumaLargeData               :       0   1024      - |      0      0      -
2026-07-26T18:47:51.554Z In(05) vmx OvhdMem OvhdMon_BaseWired                   :      56     58      - |     48     48      -
2026-07-26T18:47:51.554Z In(05) vmx OvhdMem OvhdMon_Bootstrap                   :       0   2303      - |      0    335      -
2026-07-26T18:47:51.554Z In(05) vmx OvhdMem OvhdMon_GPhysTraced                 :     266    266      - |    248    248      -
2026-07-26T18:47:51.554Z In(05) vmx OvhdMem OvhdMon_GPhysHWMMU                  :    1282   1282      - |   1005   1005      -
2026-07-26T18:47:51.554Z In(05) vmx OvhdMem OvhdMon_GPhysNoTrace                :     266    266      - |     67     67      -
2026-07-26T18:47:51.554Z In(05) vmx OvhdMem OvhdMon_PhysMemGart                 :     104    104      - |     96     96      -
2026-07-26T18:47:51.554Z In(05) vmx OvhdMem OvhdMon_PhysMemErr                  :       7      7      - |      0      0      -
2026-07-26T18:47:51.554Z In(05) vmx OvhdMem OvhdMon_VProbe                      :       1      1      - |      0      0      -
2026-07-26T18:47:51.554Z In(05) vmx OvhdMem Total anonymous                     :    4236   7804      - |   3347   3994      -
2026-07-26T18:47:51.554Z In(05) vmx OvhdMem Actual maximum                      :           4236        |          6598
2026-07-26T18:47:51.554Z In(05)+ vmx 
2026-07-26T18:47:51.554Z In(05) vmx VMMEM: Maximum Reservation: 16227MB (MainMem=2048MB)
2026-07-26T18:47:51.632Z In(05) vmx MemSched: BALLOON HIST [0, 524288]: 50061 50061 0 0 0 0 0 0 0 0 0 0
2026-07-26T18:47:51.632Z In(05) vmx MemSched: BALLOON P50 1 P70 1 P90 1 MIN 0 MAX 0
2026-07-26T18:47:51.632Z In(05) vmx MemSched: SWAP HIST [0, 524288]: 29 50061 0 0 0 0 0 0 0 0 0 0
2026-07-26T18:47:51.632Z In(05) vmx MemSched: SWAP P50 10 P70 10 P90 10 MIN 0 MAX 29466
2026-07-26T18:47:51.632Z In(05) vmx MemSched: LOCK HIST [0, 524288]: 0 1 0 0 0 0 50060 0 0 0 0 0
2026-07-26T18:47:51.632Z In(05) vmx MemSched: LOCK P50 60 P70 60 P90 60 MIN 1554 MAX 287743
2026-07-26T18:47:51.632Z In(05) vmx MemSched: LOCK_TARGET HIST [0, 524288]: 0 0 0 0 0 0 0 0 0 668 49393 49393
2026-07-26T18:47:51.632Z In(05) vmx MemSched: LOCK_TARGET P50 100 P70 100 P90 100 MIN 458851 MAX 535609
2026-07-26T18:47:51.632Z In(05) vmx MemSched: ACTIVE_PCT HIST [0, 100]: 1 38990 10695 376 0 0 0 0 0 0 0 0
2026-07-26T18:47:51.632Z In(05) vmx MemSched: ACTIVE_PCT P50 10 P70 10 P90 20 MIN 0 MAX 23
2026-07-26T18:47:51.632Z In(05) vmx MemSched: NUM_VMS HIST [0, 10]: 0 0 33827 16234 0 0 0 0 0 0 0 0
2026-07-26T18:47:51.632Z In(05) vmx MemSched: NUM_VMS P50 20 P70 30 P90 30 MIN 1 MAX 2
2026-07-26T18:47:51.632Z In(05) vmx MemSched: HOSTLOCK HIST [0, 3496448]: 0 34063 1080 428 6569 1270 4208 1959 484 0 0 0
2026-07-26T18:47:51.632Z In(05) vmx MemSched: HOSTLOCK P50 10 P70 20 P90 60 MIN 269626 MAX 2651743
2026-07-26T18:47:51.632Z In(05) vmx TOOLS received request in VMX to set option 'enableDnD' -> '0'
2026-07-26T18:47:51.633Z In(05) vmx GuestRpc: Attempt to send TCLO msg for 'toolbox' while GuestRpc is powering off.
2026-07-26T18:47:51.633Z In(05) vmx GuestRpc: Attempt to send TCLO msg for 'toolbox-dnd' while GuestRpc is powering off.
2026-07-26T18:47:51.633Z In(05) vmx TOOLS received request in VMX to set option 'copypaste' -> '0'
2026-07-26T18:47:51.633Z In(05) vmx GuestRpc: Attempt to send TCLO msg for 'toolbox' while GuestRpc is powering off.
2026-07-26T18:47:51.633Z In(05) vmx GuestRpc: Attempt to send TCLO msg for 'toolbox-dnd' while GuestRpc is powering off.
2026-07-26T18:47:51.652Z In(05) vmx HgfsServerManagerVigorExit: Destroy:
2026-07-26T18:47:51.652Z In(05) vmx ToolsISO: Refreshing imageName for 'ubuntu-64' (refreshCount=1, lastCount=1).
2026-07-26T18:47:51.665Z In(05) vmx ToolsISO: open of C:\Program Files (x86)\VMware\VMware Workstation\isoimages_manifest.txt.sig failed: Could not find the file
2026-07-26T18:47:51.665Z In(05) vmx ToolsISO: Unable to read signature file 'C:\Program Files (x86)\VMware\VMware Workstation\isoimages_manifest.txt.sig', ignoring.
2026-07-26T18:47:51.665Z In(05) vmx ToolsISO: Updated cached value for imageName to 'linux.iso'.
2026-07-26T18:47:51.665Z In(05) vmx ToolsISO: Selected Tools ISO 'linux.iso' for 'ubuntu-64' guest.
2026-07-26T18:47:51.666Z In(05) vmx Win32U_GetFileAttributes: GetFileAttributesExW("C:\Program Files (x86)\VMware\VMware Workstation\linux.iso", ...) failed, error: 2
2026-07-26T18:47:51.666Z In(05) vmx TOOLS updated cached value for isoImageExists to 0.
2026-07-26T18:47:51.689Z In(05) vmx Tools: ToolsRunningStatus_Exit, delayedRequest is 0x0
2026-07-26T18:47:51.706Z In(05) vmx Tools: [AppStatus] Last heartbeat value 49709 (last received 130s ago)
2026-07-26T18:47:51.706Z In(05) vmx TOOLS: appName=toolbox, oldStatus=0, status=0, guestInitiated=0.
2026-07-26T18:47:51.706Z In(05) vmx TOOLS: appName=toolbox-dnd, oldStatus=0, status=0, guestInitiated=0.
2026-07-26T18:47:51.729Z In(05) vmx USB: DevID(10e0f0002): Disconnecting device.
2026-07-26T18:47:51.739Z In(05) vmx USB: DevID(200000040e0f0003): Disconnecting device.
2026-07-26T18:47:51.870Z In(05) usbCCIDEnumCards USB-CCID: Card enum thread exiting.
2026-07-26T18:47:51.897Z In(05) vmx SOUNDLIB: Closing Wave sound backend.
2026-07-26T18:47:52.158Z In(05) mks MKSControlMgr: disconnected
2026-07-26T18:47:52.208Z In(05) mks DXGIPresentation: Clearing device context
2026-07-26T18:47:52.208Z In(05) mks DXGIPresentation: Release D3D device
2026-07-26T18:47:52.212Z In(05) mks DXGIPresentation: Releasing DXGI Adapter
2026-07-26T18:47:52.212Z In(05) mks DXGIPresentation: Releasing DXGI factory
2026-07-26T18:47:52.214Z In(05) mks MKSRenderMain: Stopping ISB (DX11)
2026-07-26T18:47:54.057Z In(05) mks MKSRenderMain: Stopped ISB: (DX11)
2026-07-26T18:47:54.124Z In(05) mks MKS PowerOff
2026-07-26T18:47:54.124Z In(05) svga SVGA thread is exiting
2026-07-26T18:47:54.124Z In(05) mks MKS thread is exiting
2026-07-26T18:47:54.368Z Wa(03) vmx Guest: 
2026-07-26T18:47:54.368Z In(05) vmx scsi0:0: numIOs = 45798 numMergedIOs = 1357 numSplitIOs = 47 ( 3.3%)
2026-07-26T18:47:54.368Z In(05) vmx Closing disk 'scsi0:0'
2026-07-26T18:47:54.639Z In(05) vmx AIOWIN32C: asyncOps=46125 syncOps=44 bufSize=328Kb fixedOps=7309
2026-07-26T18:47:54.664Z In(05) aioCompletion AIO thread processed 46125 completions
2026-07-26T18:47:54.826Z In(05) deviceThread Device thread is exiting
2026-07-26T18:47:54.826Z In(05) vmx Vix: [mainDispatch.c:1172]: VMAutomationPowerOff: Powering off.
2026-07-26T18:47:54.846Z In(05) vmx Win32U_GetFileAttributes: GetFileAttributesExW("G:\VMs\Richard's Kali.vmpl", ...) failed, error: 2
2026-07-26T18:47:54.846Z In(05) vmx Policy_SavePolicyFile: invalid arguments to function.
2026-07-26T18:47:54.846Z In(05) vmx PolicyVMX_Exit: Could not write out policies: 15.
2026-07-26T18:47:54.874Z In(05) vmx WORKER: asyncOps=3 maxActiveOps=1 maxPending=1 maxCompleted=2
2026-07-26T18:47:54.924Z In(05) PowerNotifyThread PowerNotify thread exiting.
2026-07-26T18:47:55.708Z In(05) vmx Vix: [mainDispatch.c:4213]: VMAutomation_ReportPowerOpFinished: statevar=1, newAppState=1873, success=1 additionalError=0
2026-07-26T18:47:55.708Z In(05) vmx Vix: [mainDispatch.c:4231]: VMAutomation: Ignoring ReportPowerOpFinished because the VMX is shutting down.
2026-07-26T18:47:55.728Z In(05) vmx STATSFILE: Amount of dynamic storage used: 656
2026-07-26T18:47:55.728Z In(05) vmx STATSFILE: Number of entries made: 67
2026-07-26T18:47:55.728Z No(00) vmx ConfigDB: Setting cleanShutdown = "TRUE"
2026-07-26T18:47:55.770Z In(05) vmx Vix: [mainDispatch.c:4213]: VMAutomation_ReportPowerOpFinished: statevar=0, newAppState=1870, success=1 additionalError=0
2026-07-26T18:47:55.770Z In(05) vmx Vix: [mainDispatch.c:4231]: VMAutomation: Ignoring ReportPowerOpFinished because the VMX is shutting down.
2026-07-26T18:47:55.790Z In(05) vmx Transitioned vmx/execState/val to poweredOff
2026-07-26T18:47:55.790Z In(05) vmx VMX idle exit
2026-07-26T18:47:55.790Z In(05) vmx WQPoolFreePoll : pollIx = 3, signalHandle = 1048
2026-07-26T18:47:55.832Z In(05) vmx Vix: [mainDispatch.c:818]: VMAutomation_LateShutdown()
2026-07-26T18:47:55.832Z In(05) vmx Vix: [mainDispatch.c:773]: VMAutomationCloseListenerSocket. Closing listener socket.
2026-07-26T18:47:55.832Z In(05) vmx Flushing VMX VMDB connections
2026-07-26T18:47:55.832Z In(05) vmx VmdbDbRemoveCnx: Removing Cnx from Db for '/db/connection/#1/'
2026-07-26T18:47:55.832Z In(05) vmx VmdbCnxDisconnect: Disconnect: closed pipe for pub cnx '/db/connection/#1/' (0)
2026-07-26T18:47:55.832Z In(05) vmx VigorTransport_ServerDestroy: server destroyed.
2026-07-26T18:47:55.832Z In(05) vmx WQPoolFreePoll : pollIx = 2, signalHandle = 2300
2026-07-26T18:47:55.832Z In(05) vmx WQPoolFreePoll : pollIx = 1, signalHandle = 836
2026-07-26T18:47:56.307Z In(05) vmx VMX exit (0).
2026-07-26T18:47:56.307Z In(05) vmx OBJLIB-LIB: ObjLib cleanup done.
2026-07-26T18:47:56.307Z In(05) vmx AIOMGR-S : stat o=5 r=85 w=1 i=0 br=6042276 bw=12
