2026-07-24T20:35:22.753Z In(05) vmx Log for VMware Workstation pid=1780 version=17.6.0 build=build-24238078 option=Release
2026-07-24T20:35:22.753Z In(05) vmx The host is x86_64.
2026-07-24T20:35:22.753Z In(05) vmx Host codepage=windows-1252 encoding=windows-1252
2026-07-24T20:35:22.753Z In(05) vmx Host is Windows 10 Pro, 64-bit (Build 19045.7548)
2026-07-24T20:35:22.753Z In(05) vmx Host offset from UTC is +00:00.
2026-07-24T20:35:22.679Z In(05) vmx VTHREAD 19452 "vmx"
2026-07-24T20:35:22.682Z In(05) vmx LOCALE windows-1252 -> NULL User=409 System=409
2026-07-24T20:35:22.682Z In(05) vmx Msg_SetLocaleEx: HostLocale=windows-1252 UserLocale=NULL
2026-07-24T20:35:22.694Z In(05) vmx DictionaryLoad: Cannot open file "C:\Users\User\AppData\Roaming\VMware\config.ini": The system cannot find the file specified.
2026-07-24T20:35:22.694Z In(05) vmx Msg_Reset:
2026-07-24T20:35:22.694Z In(05) vmx [msg.dictionary.load.openFailed] Cannot open file "C:\Users\User\AppData\Roaming\VMware\config.ini": The system cannot find the file specified.
2026-07-24T20:35:22.694Z In(05) vmx ----------------------------------------
2026-07-24T20:35:22.694Z In(05) vmx ConfigDB: Failed to load C:\Users\User\AppData\Roaming\VMware\config.ini
2026-07-24T20:35:22.694Z In(05) vmx Win32U_GetFileAttributes: GetFileAttributesExW("G:\VMs\Richard's Kali.vmpl", ...) failed, error: 2
2026-07-24T20:35:22.695Z In(05) vmx OBJLIB-LIB: Objlib initialized.
2026-07-24T20:35:22.700Z In(05) vmx DictionaryLoad: Cannot open file "C:\Users\User\AppData\Roaming\VMware\config.ini": The system cannot find the file specified.
2026-07-24T20:35:22.700Z In(05) vmx [msg.dictionary.load.openFailed] Cannot open file "C:\Users\User\AppData\Roaming\VMware\config.ini": The system cannot find the file specified.
2026-07-24T20:35:22.700Z In(05) vmx PREF Optional preferences file not found at C:\Users\User\AppData\Roaming\VMware\config.ini. Using default values.
2026-07-24T20:35:22.744Z In(05) vmx lib/ssl: OpenSSL using default provider
2026-07-24T20:35:22.745Z In(05) vmx lib/ssl: Client usage
2026-07-24T20:35:22.745Z In(05) vmx lib/ssl: protocol list tls1.2
2026-07-24T20:35:22.745Z In(05) vmx lib/ssl: protocol min 0x303 max 0x303
2026-07-24T20:35:22.745Z In(05) vmx lib/ssl: protocol list tls1.2 (openssl flags 0x36000000)
2026-07-24T20:35:22.745Z In(05) vmx lib/ssl: cipher list ECDHE+AESGCM:RSA+AESGCM:ECDHE+AES:RSA+AES
2026-07-24T20:35:22.745Z In(05) vmx lib/ssl: cipher suites TLS_AES_128_GCM_SHA256:TLS_AES_256_GCM_SHA384
2026-07-24T20:35:22.745Z In(05) vmx lib/ssl: curves list prime256v1:secp384r1:secp521r1
2026-07-24T20:35:22.745Z In(05) vmx lib/ssl: Server usage
2026-07-24T20:35:22.745Z In(05) vmx lib/ssl: protocol list tls1.2
2026-07-24T20:35:22.745Z In(05) vmx lib/ssl: protocol min 0x303 max 0x303
2026-07-24T20:35:22.745Z In(05) vmx lib/ssl: protocol list tls1.2 (openssl flags 0x36000000)
2026-07-24T20:35:22.745Z In(05) vmx lib/ssl: cipher list ECDHE+AESGCM:RSA+AESGCM:ECDHE+AES:RSA+AES
2026-07-24T20:35:22.745Z In(05) vmx lib/ssl: cipher suites TLS_AES_128_GCM_SHA256:TLS_AES_256_GCM_SHA384
2026-07-24T20:35:22.745Z In(05) vmx lib/ssl: curves list prime256v1:secp384r1:secp521r1
2026-07-24T20:35:22.806Z In(05) vmx Hostname=DESKTOP-FA13UF1
2026-07-24T20:35:22.817Z In(05) vmx IP=fe80::b8cd:42ba:c0bf:4611%36
2026-07-24T20:35:22.817Z In(05) vmx IP=fe80::7695:31ee:b4cc:3dce%20
2026-07-24T20:35:22.817Z In(05) vmx IP=fe80::e734:c186:f263:5872%41
2026-07-24T20:35:22.817Z In(05) vmx IP=192.168.101.1
2026-07-24T20:35:22.817Z In(05) vmx IP=192.168.162.1
2026-07-24T20:35:22.817Z In(05) vmx IP=10.33.5.176
2026-07-24T20:35:22.851Z In(05) vmx System uptime 690162815161 us
2026-07-24T20:35:22.851Z In(05) vmx Command line: "C:\Program Files (x86)\VMware\VMware Workstation\x64\vmware-vmx.exe" "-T" "querytoken" "-s" "vmx.stdio.keep=TRUE" "-#" "product=1;name=VMware Workstation;version=17.6.0;buildnumber=24238078;licensename=VMware Workstation;licenseversion=17.0;" "-@" "pipe=\\.\pipe\vmxc6cb66dad81ec032;msgs=ui" "G:\VMs\Richard's Kali.vmx"
2026-07-24T20:35:22.851Z In(05) vmx Msg_SetLocaleEx: HostLocale=windows-1252 UserLocale=NULL
2026-07-24T20:35:22.881Z In(05) vmx WQPoolAllocPoll : pollIx = 1, signalHandle = 860
2026-07-24T20:35:22.881Z In(05) vmx WQPoolAllocPoll : pollIx = 2, signalHandle = 868
2026-07-24T20:35:22.882Z In(05) vmx VigorTransport listening on fd 880
2026-07-24T20:35:22.882Z In(05) vmx Vigor_Init 1
2026-07-24T20:35:22.882Z In(05) vmx Connecting 'ui' to pipe '\\.\pipe\vmxc6cb66dad81ec032' with user '(null)'
2026-07-24T20:35:22.883Z In(05) vmx VMXVmdb: Local connection timeout: 60000 ms.
2026-07-24T20:35:22.929Z In(05) vmx VmdbAddConnection: cnxPath=/db/connection/#1/, cnxIx=1
2026-07-24T20:35:22.930Z In(05) vmx Vix: [mainDispatch.c:489]: VMAutomation: Initializing VMAutomation.
2026-07-24T20:35:22.930Z In(05) vmx Vix: [mainDispatch.c:741]: VMAutomationOpenListenerSocket() listening
2026-07-24T20:35:22.942Z In(05) vmx Vix: [mainDispatch.c:4213]: VMAutomation_ReportPowerOpFinished: statevar=0, newAppState=1870, success=1 additionalError=0
2026-07-24T20:35:22.942Z In(05) vmx Transitioned vmx/execState/val to poweredOff
2026-07-24T20:35:22.942Z In(05) vmx Vix: [mainDispatch.c:4213]: VMAutomation_ReportPowerOpFinished: statevar=1, newAppState=1873, success=1 additionalError=0
2026-07-24T20:35:22.942Z In(05) vmx Vix: [mainDispatch.c:4213]: VMAutomation_ReportPowerOpFinished: statevar=2, newAppState=1877, success=1 additionalError=0
2026-07-24T20:35:22.942Z In(05) vmx Vix: [mainDispatch.c:4213]: VMAutomation_ReportPowerOpFinished: statevar=3, newAppState=1881, success=1 additionalError=0
2026-07-24T20:35:23.051Z In(05) vmx IOPL_VBSRunning: VBS is set to 0
2026-07-24T20:35:23.052Z In(05) vmx IOCTL_VMX86_SET_MEMORY_PARAMS already set
2026-07-24T20:35:23.053Z In(05) vmx FeatureCompat: No EVC masks.
2026-07-24T20:35:23.076Z In(05) vmx hostCPUID vendor: GenuineIntel
2026-07-24T20:35:23.076Z In(05) vmx hostCPUID family: 0x6 model: 0x3c stepping: 0x3
2026-07-24T20:35:23.076Z In(05) vmx hostCPUID codename: Haswell DT
2026-07-24T20:35:23.076Z In(05) vmx hostCPUID name: Intel(R) Core(TM) i7-4810MQ CPU @ 2.80GHz
2026-07-24T20:35:23.076Z In(05) vmx hostCPUID level 00000000, 0: 0x0000000d 0x756e6547 0x6c65746e 0x49656e69
2026-07-24T20:35:23.076Z In(05) vmx hostCPUID level 00000001, 0: 0x000306c3 0x00100800 0x7ffafbff 0xbfebfbff
2026-07-24T20:35:23.077Z In(05) vmx hostCPUID level 00000002, 0: 0x76036301 0x00f0b5ff 0x00000000 0x00c10000
2026-07-24T20:35:23.077Z In(05) vmx hostCPUID level 00000003, 0: 0x00000000 0x00000000 0x00000000 0x00000000
2026-07-24T20:35:23.077Z In(05) vmx hostCPUID level 00000004, 0: 0x1c004121 0x01c0003f 0x0000003f 0x00000000
2026-07-24T20:35:23.077Z In(05) vmx hostCPUID level 00000004, 1: 0x1c004122 0x01c0003f 0x0000003f 0x00000000
2026-07-24T20:35:23.077Z In(05) vmx hostCPUID level 00000004, 2: 0x1c004143 0x01c0003f 0x000001ff 0x00000000
2026-07-24T20:35:23.077Z In(05) vmx hostCPUID level 00000004, 3: 0x1c03c163 0x02c0003f 0x00001fff 0x00000006
2026-07-24T20:35:23.077Z In(05) vmx hostCPUID level 00000004, 4: 0x00000000 0x00000000 0x00000000 0x00000000
2026-07-24T20:35:23.077Z In(05) vmx hostCPUID level 00000005, 0: 0x00000040 0x00000040 0x00000003 0x00042120
2026-07-24T20:35:23.077Z In(05) vmx hostCPUID level 00000006, 0: 0x00000077 0x00000002 0x00000009 0x00000000
2026-07-24T20:35:23.077Z In(05) vmx hostCPUID level 00000007, 0: 0x00000000 0x000027ab 0x00000000 0x9c000400
2026-07-24T20:35:23.077Z In(05) vmx hostCPUID level 00000008, 0: 0x00000000 0x00000000 0x00000000 0x00000000
2026-07-24T20:35:23.077Z In(05) vmx hostCPUID level 00000009, 0: 0x00000000 0x00000000 0x00000000 0x00000000
2026-07-24T20:35:23.077Z In(05) vmx hostCPUID level 0000000a, 0: 0x07300403 0x00000000 0x00000000 0x00000603
2026-07-24T20:35:23.077Z In(05) vmx hostCPUID level 0000000b, 0: 0x00000001 0x00000002 0x00000100 0x00000000
2026-07-24T20:35:23.077Z In(05) vmx hostCPUID level 0000000b, 1: 0x00000004 0x00000008 0x00000201 0x00000000
2026-07-24T20:35:23.077Z In(05) vmx hostCPUID level 0000000b, 2: 0x00000000 0x00000000 0x00000002 0x00000000
2026-07-24T20:35:23.077Z In(05) vmx hostCPUID level 0000000c, 0: 0x00000000 0x00000000 0x00000000 0x00000000
2026-07-24T20:35:23.077Z In(05) vmx hostCPUID level 0000000d, 0: 0x00000007 0x00000340 0x00000340 0x00000000
2026-07-24T20:35:23.077Z In(05) vmx hostCPUID level 0000000d, 1: 0x00000001 0x00000000 0x00000000 0x00000000
2026-07-24T20:35:23.077Z In(05) vmx hostCPUID level 0000000d, 2: 0x00000100 0x00000240 0x00000000 0x00000000
2026-07-24T20:35:23.077Z In(05) vmx hostCPUID level 80000000, 0: 0x80000008 0x00000000 0x00000000 0x00000000
2026-07-24T20:35:23.077Z In(05) vmx hostCPUID level 80000001, 0: 0x00000000 0x00000000 0x00000021 0x2c100800
2026-07-24T20:35:23.077Z In(05) vmx hostCPUID level 80000002, 0: 0x65746e49 0x2952286c 0x726f4320 0x4d542865
2026-07-24T20:35:23.077Z In(05) vmx hostCPUID level 80000003, 0: 0x37692029 0x3138342d 0x20514d30 0x20555043
2026-07-24T20:35:23.077Z In(05) vmx hostCPUID level 80000004, 0: 0x2e322040 0x48473038 0x0000007a 0x00000000
2026-07-24T20:35:23.077Z In(05) vmx hostCPUID level 80000005, 0: 0x00000000 0x00000000 0x00000000 0x00000000
2026-07-24T20:35:23.077Z In(05) vmx hostCPUID level 80000006, 0: 0x00000000 0x00000000 0x01006040 0x00000000
2026-07-24T20:35:23.077Z In(05) vmx hostCPUID level 80000007, 0: 0x00000000 0x00000000 0x00000000 0x00000100
2026-07-24T20:35:23.077Z In(05) vmx hostCPUID level 80000008, 0: 0x00003027 0x00000000 0x00000000 0x00000000
2026-07-24T20:35:23.077Z In(05) vmx CPUID differences from hostCPUID.
2026-07-24T20:35:23.077Z In(05) vmx Physical APIC IDs: 0-7
2026-07-24T20:35:23.077Z In(05) vmx Physical X2APIC IDs: 0-7
2026-07-24T20:35:23.077Z In(05) vmx Common: MSR       0x3a =                0x5
2026-07-24T20:35:23.077Z In(05) vmx Common: MSR      0x480 =   0xda040000000012
2026-07-24T20:35:23.077Z In(05) vmx Common: MSR      0x481 =       0x7f00000016
2026-07-24T20:35:23.077Z In(05) vmx Common: MSR      0x482 = 0xfff9fffe0401e172
2026-07-24T20:35:23.077Z In(05) vmx Common: MSR      0x483 =   0x7fffff00036dff
2026-07-24T20:35:23.077Z In(05) vmx Common: MSR      0x484 =     0xffff000011ff
2026-07-24T20:35:23.077Z In(05) vmx Common: MSR      0x485 =         0x300481e5
2026-07-24T20:35:23.077Z In(05) vmx Common: MSR      0x486 =         0x80000021
2026-07-24T20:35:23.077Z In(05) vmx Common: MSR      0x487 =         0xffffffff
2026-07-24T20:35:23.077Z In(05) vmx Common: MSR      0x488 =             0x2000
2026-07-24T20:35:23.078Z In(05) vmx Common: MSR      0x489 =           0x1767ff
2026-07-24T20:35:23.078Z In(05) vmx Common: MSR      0x48a =               0x2a
2026-07-24T20:35:23.078Z In(05) vmx Common: MSR      0x48b =     0x7cff00000000
2026-07-24T20:35:23.078Z In(05) vmx Common: MSR      0x48c =      0xf0106334141
2026-07-24T20:35:23.078Z In(05) vmx Common: MSR      0x48d =       0x7f00000016
2026-07-24T20:35:23.078Z In(05) vmx Common: MSR      0x48e = 0xfff9fffe04006172
2026-07-24T20:35:23.078Z In(05) vmx Common: MSR      0x48f =   0x7fffff00036dfb
2026-07-24T20:35:23.078Z In(05) vmx Common: MSR      0x490 =     0xffff000011fb
2026-07-24T20:35:23.078Z In(05) vmx Common: MSR      0x491 =                0x1
2026-07-24T20:35:23.078Z In(05) vmx Common: MSR      0x492 =                  0
2026-07-24T20:35:23.078Z In(05) vmx Common: MSR      0x493 =                  0
2026-07-24T20:35:23.078Z In(05) vmx Common: MSR 0xc0010114 =                  0
2026-07-24T20:35:23.078Z In(05) vmx Common: MSR       0xce =         0x80000000
2026-07-24T20:35:23.078Z In(05) vmx Common: MSR      0x10a =                  0
2026-07-24T20:35:23.078Z In(05) vmx Common: MSR      0x122 =                  0
2026-07-24T20:35:23.078Z In(05) vmx VMMon_GetkHzEstimate: Calculated 2793543 kHz
2026-07-24T20:35:23.078Z In(05) vmx TSC Hz estimates: vmmon 2793543000, remembered 0, osReported 2801000000. Using 2793543000 Hz.
2026-07-24T20:35:23.078Z In(05) vmx TSC first measured delta 367
2026-07-24T20:35:23.078Z In(05) vmx TSC min delta 367
2026-07-24T20:35:23.078Z In(05) vmx PTSC: RefClockToPTSC 0 @ 10000000Hz -> 0 @ 2793543000Hz
2026-07-24T20:35:23.078Z In(05) vmx PTSC: RefClockToPTSC ((x * 2343393716) >> 23) + -1847698441609185
2026-07-24T20:35:23.078Z In(05) vmx PTSC: tscOffset -1847731700873670
2026-07-24T20:35:23.078Z In(05) vmx PTSC: using TSC
2026-07-24T20:35:23.078Z In(05) vmx PTSC: hardware TSCs are synchronized.
2026-07-24T20:35:23.078Z In(05) vmx PTSC: hardware TSCs may have been adjusted by the host.
2026-07-24T20:35:23.078Z In(05) vmx PTSC: current PTSC=10296824734305
2026-07-24T20:35:23.114Z In(05) vmx WQPoolAllocPoll : pollIx = 3, signalHandle = 1044
2026-07-24T20:35:23.194Z In(05) vmx ConfigCheck: No rules file found. Checks are disabled.
2026-07-24T20:35:23.194Z In(05) vmx changing directory to G:\VMs\.
2026-07-24T20:35:23.194Z In(05) vmx Config file: G:\VMs\Richard's Kali.vmx
2026-07-24T20:35:23.194Z In(05) vmx Vix: [mainDispatch.c:4213]: VMAutomation_ReportPowerOpFinished: statevar=1, newAppState=1873, success=1 additionalError=0
2026-07-24T20:35:23.194Z In(05) vmx Vix: [mainDispatch.c:4213]: VMAutomation_ReportPowerOpFinished: statevar=2, newAppState=1878, success=1 additionalError=0
2026-07-24T20:35:23.199Z In(05) vmx LogRotation: Rotating to a new log file (keepOld 3) took 0.001007 seconds.
2026-07-24T20:35:23.390Z No(00) vmx LogVMXReplace: Successful switching from temporary to permanent log file took 0.192544 seconds.
2026-07-24T20:35:23.427Z Wa(03) vmx PowerOn
2026-07-24T20:35:23.427Z In(05) vmx VMX_PowerOn: VMX build 24238078, UI build 24238078
2026-07-24T20:35:23.427Z In(05) vmx HostWin32: WIN32 NUMA node 0, CPU mask 0x00000000000000ff
2026-07-24T20:35:23.438Z In(05) vmx Vix: [mainDispatch.c:4213]: VMAutomation_ReportPowerOpFinished: statevar=0, newAppState=1871, success=1 additionalError=0
2026-07-24T20:35:23.456Z In(05) vmx STATSFILE: StatsFile 'G:\VMs\Richard's Kali.scoreboard' created
2026-07-24T20:35:23.456Z In(05) vmx HOST Windows version 10.0, build 19045, platform 2, ""
2026-07-24T20:35:23.456Z In(05) vmx DICT --- GLOBAL SETTINGS C:\ProgramData\VMware\VMware Workstation\settings.ini
2026-07-24T20:35:23.456Z In(05) vmx DICT          printers.enabled = "FALSE"
2026-07-24T20:35:23.456Z In(05) vmx DICT --- NON PERSISTENT (null)
2026-07-24T20:35:23.456Z In(05) vmx DICT --- USER PREFERENCES C:\Users\User\AppData\Roaming\VMware\preferences.ini
2026-07-24T20:35:23.456Z In(05) vmx DICT pref.keyboardAndMouse.vmHotKey.enabled = "FALSE"
2026-07-24T20:35:23.456Z In(05) vmx DICT pref.keyboardAndMouse.vmHotKey.count = "0"
2026-07-24T20:35:23.456Z In(05) vmx DICT pref.wspro.firstRunDismissedVersion = "17.6.0"
2026-07-24T20:35:23.456Z In(05) vmx DICT   pref.lastUpdateCheckSec = "1784674991"
2026-07-24T20:35:23.456Z In(05) vmx DICT pref.ws.session.window.count = "1"
2026-07-24T20:35:23.456Z In(05) vmx DICT pref.ws.session.window0.tab.count = "3"
2026-07-24T20:35:23.456Z In(05) vmx DICT pref.ws.session.window0.tab0.dest = ""
2026-07-24T20:35:23.456Z In(05) vmx DICT pref.ws.session.window0.tab0.file = ""
2026-07-24T20:35:23.456Z In(05) vmx DICT pref.ws.session.window0.tab0.type = "home"
2026-07-24T20:35:23.456Z In(05) vmx DICT pref.ws.session.window0.tab0.cnxType = "vmdb"
2026-07-24T20:35:23.456Z In(05) vmx DICT pref.ws.session.window0.tab0.focused = "FALSE"
2026-07-24T20:35:23.456Z In(05) vmx DICT pref.ws.session.window0.sidebar = "TRUE"
2026-07-24T20:35:23.456Z In(05) vmx DICT pref.ws.session.window0.sidebar.width = "200"
2026-07-24T20:35:23.456Z In(05) vmx DICT pref.ws.session.window0.statusBar = "TRUE"
2026-07-24T20:35:23.456Z In(05) vmx DICT pref.ws.session.window0.tabs = "TRUE"
2026-07-24T20:35:23.456Z In(05) vmx DICT pref.ws.session.window0.thumbnailBar = "FALSE"
2026-07-24T20:35:23.456Z In(05) vmx DICT pref.ws.session.window0.thumbnailBar.size = "100"
2026-07-24T20:35:23.456Z In(05) vmx DICT pref.ws.session.window0.thumbnailBar.view = "opened-vms"
2026-07-24T20:35:23.456Z In(05) vmx DICT pref.ws.session.window0.placement.left = "78"
2026-07-24T20:35:23.456Z In(05) vmx DICT pref.ws.session.window0.placement.top = "78"
2026-07-24T20:35:23.456Z In(05) vmx DICT pref.ws.session.window0.placement.right = "922"
2026-07-24T20:35:23.456Z In(05) vmx DICT pref.ws.session.window0.placement.bottom = "671"
2026-07-24T20:35:23.456Z In(05) vmx DICT pref.ws.session.window0.maximized = "FALSE"
2026-07-24T20:35:23.456Z In(05) vmx DICT         vmWizard.guestKey = "ubuntu-64"
2026-07-24T20:35:23.456Z In(05) vmx DICT             vmWizard.mode = "custom"
2026-07-24T20:35:23.456Z In(05) vmx DICT vmWizard.installMediaType = "iso"
2026-07-24T20:35:23.456Z In(05) vmx DICT vmWizard.isoLocationMRU.count = "7"
2026-07-24T20:35:23.456Z In(05) vmx DICT vmWizard.isoLocationMRU0.location = "C:\Users\User\Downloads\ubuntu-24.04.4-live-server-amd64.iso"
2026-07-24T20:35:23.456Z In(05) vmx DICT pref.ws.session.window0.tab1.cnxType = "vmdb"
2026-07-24T20:35:23.456Z In(05) vmx DICT vmWizard.isoLocationMRU1.location = "C:\Users\User\Downloads\ubuntu-26.04-live-server-amd64.iso"
2026-07-24T20:35:23.456Z In(05) vmx DICT pref.ws.session.window0.tab2.cnxType = "vmdb"
2026-07-24T20:35:23.456Z In(05) vmx DICT pref.ws.session.window0.tab3.cnxType = "vmdb"
2026-07-24T20:35:23.456Z In(05) vmx DICT vmWizard.isoLocationMRU2.location = "C:\Users\User\Downloads\Win10_22H2_English_x64.iso"
2026-07-24T20:35:23.456Z In(05) vmx DICT vmWizard.isoLocationMRU3.location = "C:\Users\User\Downloads\ubuntu-26.04-desktop-amd64.iso"
2026-07-24T20:35:23.457Z In(05) vmx DICT vmWizard.isoLocationMRU4.location = "C:\Users\User\Downloads\ubuntu-26.04-desktop-arm64.iso"
2026-07-24T20:35:23.457Z In(05) vmx DICT vmWizard.isoLocationMRU5.location = "G:\ubuntu-24.04.3-live-server-amd64.iso"
2026-07-24T20:35:23.457Z In(05) vmx DICT pref.ws.session.window0.tab4.cnxType = "vmdb"
2026-07-24T20:35:23.457Z In(05) vmx DICT pref.ws.session.window0.tab5.cnxType = "vmdb"
2026-07-24T20:35:23.457Z In(05) vmx DICT pref.updatesVersionIgnore.numItems = "1"
2026-07-24T20:35:23.457Z In(05) vmx DICT pref.updatesVersionIgnore0.key = <not printed>
2026-07-24T20:35:23.457Z In(05) vmx DICT pref.updatesVersionIgnore0.value = "bb61d294-c7fd-4b93-bdb3-48a9b5b74f44"
2026-07-24T20:35:23.457Z In(05) vmx DICT pref.ws.session.window0.tab1.dest = ""
2026-07-24T20:35:23.457Z In(05) vmx DICT pref.ws.session.window0.tab1.file = "G:\VMs\Richard's Kali.vmx"
2026-07-24T20:35:23.457Z In(05) vmx DICT pref.ws.session.window0.tab1.type = "vm"
2026-07-24T20:35:23.457Z In(05) vmx DICT pref.ws.session.window0.tab1.focused = "FALSE"
2026-07-24T20:35:23.457Z In(05) vmx DICT pref.ws.session.window0.tab2.dest = ""
2026-07-24T20:35:23.457Z In(05) vmx DICT pref.ws.session.window0.tab2.file = "C:\Users\User\Documents\Virtual Machines\Richard's Liver Server 1\Richard's Liver Server 1.vmx"
2026-07-24T20:35:23.457Z In(05) vmx DICT pref.ws.session.window0.tab2.type = "vm"
2026-07-24T20:35:23.457Z In(05) vmx DICT pref.ws.session.window0.tab2.focused = "TRUE"
2026-07-24T20:35:23.457Z In(05) vmx DICT vmWizard.lastPowerOnValue = "TRUE"
2026-07-24T20:35:23.457Z In(05) vmx DICT vmWizard.isoLocationMRU6.location = "G:\ubuntu-24.04.3-desktop-amd64.iso"
2026-07-24T20:35:23.457Z In(05) vmx DICT pref.snapshotManager.left = "961"
2026-07-24T20:35:23.457Z In(05) vmx DICT  pref.snapshotManager.top = "23"
2026-07-24T20:35:23.457Z In(05) vmx DICT pref.snapshotManager.right = "1648"
2026-07-24T20:35:23.457Z In(05) vmx DICT pref.snapshotManager.bottom = "539"
2026-07-24T20:35:23.457Z In(05) vmx DICT --- USER DEFAULTS C:\Users\User\AppData\Roaming\VMware\config.ini
2026-07-24T20:35:23.457Z In(05) vmx DICT --- HOST DEFAULTS C:\ProgramData\VMware\VMware Workstation\config.ini
2026-07-24T20:35:23.457Z In(05) vmx DICT         authd.client.port = "902"
2026-07-24T20:35:23.457Z In(05) vmx DICT           authd.proxy.nfc = "vmware-hostd:ha-nfc"
2026-07-24T20:35:23.457Z In(05) vmx DICT installerDefaults.autoSoftwareUpdateEnabled = "yes"
2026-07-24T20:35:23.457Z In(05) vmx DICT installerDefaults.autoSoftwareUpdateEnabled.epoch = "15182"
2026-07-24T20:35:23.457Z In(05) vmx DICT installerDefaults.componentDownloadEnabled = "yes"
2026-07-24T20:35:23.457Z In(05) vmx DICT installerDefaults.dataCollectionEnabled = "yes"
2026-07-24T20:35:23.457Z In(05) vmx DICT installerDefaults.dataCollectionEnabled.epoch = "15182"
2026-07-24T20:35:23.457Z In(05) vmx DICT --- SITE DEFAULTS C:\ProgramData\VMware\VMware Workstation\config.ini
2026-07-24T20:35:23.457Z In(05) vmx DICT         authd.client.port = "902"
2026-07-24T20:35:23.457Z In(05) vmx DICT           authd.proxy.nfc = "vmware-hostd:ha-nfc"
2026-07-24T20:35:23.457Z In(05) vmx DICT installerDefaults.autoSoftwareUpdateEnabled = "yes"
2026-07-24T20:35:23.457Z In(05) vmx DICT installerDefaults.autoSoftwareUpdateEnabled.epoch = "15182"
2026-07-24T20:35:23.457Z In(05) vmx DICT installerDefaults.componentDownloadEnabled = "yes"
2026-07-24T20:35:23.457Z In(05) vmx DICT installerDefaults.dataCollectionEnabled = "yes"
2026-07-24T20:35:23.457Z In(05) vmx DICT installerDefaults.dataCollectionEnabled.epoch = "15182"
2026-07-24T20:35:23.457Z In(05) vmx DICT --- NONPERSISTENT
2026-07-24T20:35:23.457Z In(05) vmx DICT            vmx.stdio.keep = "TRUE"
2026-07-24T20:35:23.457Z In(05) vmx DICT             gui.available = "TRUE"
2026-07-24T20:35:23.457Z In(05) vmx DICT --- COMMAND LINE
2026-07-24T20:35:23.457Z In(05) vmx DICT            vmx.stdio.keep = "TRUE"
2026-07-24T20:35:23.457Z In(05) vmx DICT             gui.available = "TRUE"
2026-07-24T20:35:23.457Z In(05) vmx DICT --- RECORDING
2026-07-24T20:35:23.457Z In(05) vmx DICT            vmx.stdio.keep = "TRUE"
2026-07-24T20:35:23.457Z In(05) vmx DICT             gui.available = "TRUE"
2026-07-24T20:35:23.457Z In(05) vmx DICT --- CONFIGURATION G:\VMs\Richard's Kali.vmx 
2026-07-24T20:35:23.457Z In(05) vmx DICT            config.version = "8"
2026-07-24T20:35:23.457Z In(05) vmx DICT         virtualHW.version = "21"
2026-07-24T20:35:23.457Z In(05) vmx DICT              mks.enable3d = "TRUE"
2026-07-24T20:35:23.457Z In(05) vmx DICT        pciBridge0.present = "TRUE"
2026-07-24T20:35:23.457Z In(05) vmx DICT        pciBridge4.present = "TRUE"
2026-07-24T20:35:23.457Z In(05) vmx DICT     pciBridge4.virtualDev = "pcieRootPort"
2026-07-24T20:35:23.457Z In(05) vmx DICT      pciBridge4.functions = "8"
2026-07-24T20:35:23.457Z In(05) vmx DICT        pciBridge5.present = "TRUE"
2026-07-24T20:35:23.457Z In(05) vmx DICT     pciBridge5.virtualDev = "pcieRootPort"
2026-07-24T20:35:23.457Z In(05) vmx DICT      pciBridge5.functions = "8"
2026-07-24T20:35:23.457Z In(05) vmx DICT        pciBridge6.present = "TRUE"
2026-07-24T20:35:23.457Z In(05) vmx DICT     pciBridge6.virtualDev = "pcieRootPort"
2026-07-24T20:35:23.457Z In(05) vmx DICT      pciBridge6.functions = "8"
2026-07-24T20:35:23.457Z In(05) vmx DICT        pciBridge7.present = "TRUE"
2026-07-24T20:35:23.457Z In(05) vmx DICT     pciBridge7.virtualDev = "pcieRootPort"
2026-07-24T20:35:23.457Z In(05) vmx DICT      pciBridge7.functions = "8"
2026-07-24T20:35:23.457Z In(05) vmx DICT             vmci0.present = "TRUE"
2026-07-24T20:35:23.457Z In(05) vmx DICT             hpet0.present = "TRUE"
2026-07-24T20:35:23.458Z In(05) vmx DICT                     nvram = "Richard's Kali.nvram"
2026-07-24T20:35:23.458Z In(05) vmx DICT virtualHW.productCompatibility = "hosted"
2026-07-24T20:35:23.458Z In(05) vmx DICT        powerType.powerOff = "soft"
2026-07-24T20:35:23.458Z In(05) vmx DICT         powerType.powerOn = "soft"
2026-07-24T20:35:23.458Z In(05) vmx DICT         powerType.suspend = "soft"
2026-07-24T20:35:23.458Z In(05) vmx DICT           powerType.reset = "soft"
2026-07-24T20:35:23.458Z In(05) vmx DICT               displayName = "Richard's Kali"
2026-07-24T20:35:23.458Z In(05) vmx DICT                   guestOS = "ubuntu-64"
2026-07-24T20:35:23.458Z In(05) vmx DICT            tools.syncTime = "FALSE"
2026-07-24T20:35:23.458Z In(05) vmx DICT          sound.autoDetect = "TRUE"
2026-07-24T20:35:23.458Z In(05) vmx DICT            sound.fileName = "-1"
2026-07-24T20:35:23.458Z In(05) vmx DICT             sound.present = "TRUE"
2026-07-24T20:35:23.458Z In(05) vmx DICT                  numvcpus = "2"
2026-07-24T20:35:23.458Z In(05) vmx DICT      cpuid.coresPerSocket = "1"
2026-07-24T20:35:23.458Z In(05) vmx DICT               vcpu.hotadd = "TRUE"
2026-07-24T20:35:23.458Z In(05) vmx DICT                   memsize = "2048"
2026-07-24T20:35:23.458Z In(05) vmx DICT                mem.hotadd = "TRUE"
2026-07-24T20:35:23.458Z In(05) vmx DICT          scsi0.virtualDev = "lsilogic"
2026-07-24T20:35:23.458Z In(05) vmx DICT             scsi0.present = "TRUE"
2026-07-24T20:35:23.458Z In(05) vmx DICT             sata0.present = "TRUE"
2026-07-24T20:35:23.458Z In(05) vmx DICT          scsi0:0.fileName = "Richard's Kali.vmdk"
2026-07-24T20:35:23.458Z In(05) vmx DICT           scsi0:0.present = "TRUE"
2026-07-24T20:35:23.458Z In(05) vmx DICT        sata0:1.deviceType = "cdrom-image"
2026-07-24T20:35:23.458Z In(05) vmx DICT          sata0:1.fileName = "C:\Users\User\Downloads\kali-linux-2026.2-installer-amd64.iso"
2026-07-24T20:35:23.458Z In(05) vmx DICT           sata0:1.present = "TRUE"
2026-07-24T20:35:23.458Z In(05) vmx DICT               usb.present = "TRUE"
2026-07-24T20:35:23.458Z In(05) vmx DICT              ehci.present = "TRUE"
2026-07-24T20:35:23.458Z In(05) vmx DICT     svga.graphicsMemoryKB = "8388608"
2026-07-24T20:35:23.458Z In(05) vmx DICT  ethernet0.connectionType = "nat"
2026-07-24T20:35:23.458Z In(05) vmx DICT     ethernet0.addressType = "generated"
2026-07-24T20:35:23.458Z In(05) vmx DICT      ethernet0.virtualDev = "e1000"
2026-07-24T20:35:23.458Z In(05) vmx DICT         ethernet0.present = "TRUE"
2026-07-24T20:35:23.458Z In(05) vmx DICT        extendedConfigFile = "Richard's Kali.vmxf"
2026-07-24T20:35:23.458Z In(05) vmx DICT           floppy0.present = "FALSE"
2026-07-24T20:35:23.458Z In(05) vmx DICT  ethernet1.connectionType = "hostonly"
2026-07-24T20:35:23.458Z In(05) vmx DICT     ethernet1.addressType = "generated"
2026-07-24T20:35:23.458Z In(05) vmx DICT      ethernet1.virtualDev = "e1000"
2026-07-24T20:35:23.458Z In(05) vmx DICT         ethernet1.present = "TRUE"
2026-07-24T20:35:23.458Z In(05) vmx DICT         vmxstats.filename = "Richard's Kali.scoreboard"
2026-07-24T20:35:23.458Z In(05) vmx DICT                 uuid.bios = "56 4d 3a 42 79 fd 15 9d-08 a7 0a 11 49 45 81 cd"
2026-07-24T20:35:23.458Z In(05) vmx DICT             uuid.location = "56 4d 3a 42 79 fd 15 9d-08 a7 0a 11 49 45 81 cd"
2026-07-24T20:35:23.458Z In(05) vmx DICT  pciBridge0.pciSlotNumber = "17"
2026-07-24T20:35:23.458Z In(05) vmx DICT  pciBridge4.pciSlotNumber = "21"
2026-07-24T20:35:23.458Z In(05) vmx DICT  pciBridge5.pciSlotNumber = "22"
2026-07-24T20:35:23.458Z In(05) vmx DICT  pciBridge6.pciSlotNumber = "23"
2026-07-24T20:35:23.458Z In(05) vmx DICT  pciBridge7.pciSlotNumber = "24"
2026-07-24T20:35:23.458Z In(05) vmx DICT       scsi0.pciSlotNumber = "16"
2026-07-24T20:35:23.458Z In(05) vmx DICT         usb.pciSlotNumber = "32"
2026-07-24T20:35:23.458Z In(05) vmx DICT   ethernet0.pciSlotNumber = "33"
2026-07-24T20:35:23.458Z In(05) vmx DICT   ethernet1.pciSlotNumber = "34"
2026-07-24T20:35:23.458Z In(05) vmx DICT       sound.pciSlotNumber = "35"
2026-07-24T20:35:23.458Z In(05) vmx DICT        ehci.pciSlotNumber = "36"
2026-07-24T20:35:23.458Z In(05) vmx DICT       sata0.pciSlotNumber = "37"
2026-07-24T20:35:23.458Z In(05) vmx DICT              scsi0:0.redo = ""
2026-07-24T20:35:23.458Z In(05) vmx DICT             svga.vramSize = "268435456"
2026-07-24T20:35:23.458Z In(05) vmx DICT  vmotion.checkpointFBSize = "134217728"
2026-07-24T20:35:23.458Z In(05) vmx DICT vmotion.checkpointSVGAPrimarySize = "268435456"
2026-07-24T20:35:23.458Z In(05) vmx DICT   vmotion.svga.mobMaxSize = "1073741824"
2026-07-24T20:35:23.458Z In(05) vmx DICT vmotion.svga.graphicsMemoryKB = "8388608"
2026-07-24T20:35:23.458Z In(05) vmx DICT   vmotion.svga.supports3D = "1"
2026-07-24T20:35:23.458Z In(05) vmx DICT vmotion.svga.baseCapsLevel = "9"
2026-07-24T20:35:23.458Z In(05) vmx DICT vmotion.svga.maxPointSize = "1"
2026-07-24T20:35:23.458Z In(05) vmx DICT vmotion.svga.maxTextureSize = "16384"
2026-07-24T20:35:23.458Z In(05) vmx DICT vmotion.svga.maxVolumeExtent = "2048"
2026-07-24T20:35:23.458Z In(05) vmx DICT vmotion.svga.maxTextureAnisotropy = "16"
2026-07-24T20:35:23.458Z In(05) vmx DICT  vmotion.svga.lineStipple = "0"
2026-07-24T20:35:23.458Z In(05) vmx DICT vmotion.svga.dxMaxConstantBuffers = "14"
2026-07-24T20:35:23.458Z In(05) vmx DICT vmotion.svga.dxProvokingVertex = "0"
2026-07-24T20:35:23.458Z In(05) vmx DICT         vmotion.svga.sm41 = "1"
2026-07-24T20:35:23.458Z In(05) vmx DICT vmotion.svga.multisample2x = "1"
2026-07-24T20:35:23.458Z In(05) vmx DICT vmotion.svga.multisample4x = "1"
2026-07-24T20:35:23.458Z In(05) vmx DICT vmotion.svga.msFullQuality = "1"
2026-07-24T20:35:23.458Z In(05) vmx DICT     vmotion.svga.logicOps = "1"
2026-07-24T20:35:23.458Z In(05) vmx DICT         vmotion.svga.bc67 = "9"
2026-07-24T20:35:23.459Z In(05) vmx DICT          vmotion.svga.sm5 = "1"
2026-07-24T20:35:23.459Z In(05) vmx DICT vmotion.svga.multisample8x = "1"
2026-07-24T20:35:23.459Z In(05) vmx DICT vmotion.svga.logicBlendOps = "1"
2026-07-24T20:35:23.459Z In(05) vmx DICT vmotion.svga.maxForcedSampleCount = "16"
2026-07-24T20:35:23.459Z In(05) vmx DICT         vmotion.svga.gl43 = "0"
2026-07-24T20:35:23.459Z In(05) vmx DICT ethernet0.generatedAddress = "00:0c:29:45:81:cd"
2026-07-24T20:35:23.459Z In(05) vmx DICT ethernet0.generatedAddressOffset = "0"
2026-07-24T20:35:23.459Z In(05) vmx DICT ethernet1.generatedAddress = "00:0c:29:45:81:d7"
2026-07-24T20:35:23.459Z In(05) vmx DICT ethernet1.generatedAddressOffset = "10"
2026-07-24T20:35:23.459Z In(05) vmx DICT                  vmci0.id = "1229291981"
2026-07-24T20:35:23.459Z In(05) vmx DICT    monitor.phys_bits_used = "45"
2026-07-24T20:35:23.459Z In(05) vmx DICT             cleanShutdown = "TRUE"
2026-07-24T20:35:23.459Z In(05) vmx DICT              softPowerOff = "TRUE"
2026-07-24T20:35:23.459Z In(05) vmx DICT             usb:0.present = "TRUE"
2026-07-24T20:35:23.459Z In(05) vmx DICT          usb:0.deviceType = "hid"
2026-07-24T20:35:23.459Z In(05) vmx DICT                usb:0.port = "0"
2026-07-24T20:35:23.459Z In(05) vmx DICT              usb:0.parent = "-1"
2026-07-24T20:35:23.459Z In(05) vmx DICT               usb:1.speed = "2"
2026-07-24T20:35:23.459Z In(05) vmx DICT             usb:1.present = "TRUE"
2026-07-24T20:35:23.459Z In(05) vmx DICT          usb:1.deviceType = "hub"
2026-07-24T20:35:23.459Z In(05) vmx DICT                usb:1.port = "1"
2026-07-24T20:35:23.459Z In(05) vmx DICT              usb:1.parent = "-1"
2026-07-24T20:35:23.459Z In(05) vmx DICT svga.guestBackedPrimaryAware = "TRUE"
2026-07-24T20:35:23.459Z In(05) vmx DICT tools.capability.verifiedSamlToken = "TRUE"
2026-07-24T20:35:23.459Z In(05) vmx DICT   guestInfo.detailed.data = <not printed>
2026-07-24T20:35:23.459Z In(05) vmx DICT --- USER DEFAULTS C:\Users\User\AppData\Roaming\VMware\config.ini 
2026-07-24T20:35:23.459Z In(05) vmx DICT --- HOST DEFAULTS C:\ProgramData\VMware\VMware Workstation\config.ini 
2026-07-24T20:35:23.459Z In(05) vmx DICT         authd.client.port = "902"
2026-07-24T20:35:23.459Z In(05) vmx DICT           authd.proxy.nfc = "vmware-hostd:ha-nfc"
2026-07-24T20:35:23.459Z In(05) vmx DICT installerDefaults.autoSoftwareUpdateEnabled = "yes"
2026-07-24T20:35:23.459Z In(05) vmx DICT installerDefaults.autoSoftwareUpdateEnabled.epoch = "15182"
2026-07-24T20:35:23.459Z In(05) vmx DICT installerDefaults.componentDownloadEnabled = "yes"
2026-07-24T20:35:23.459Z In(05) vmx DICT installerDefaults.dataCollectionEnabled = "yes"
2026-07-24T20:35:23.459Z In(05) vmx DICT installerDefaults.dataCollectionEnabled.epoch = "15182"
2026-07-24T20:35:23.459Z In(05) vmx DICT --- SITE DEFAULTS C:\ProgramData\VMware\VMware Workstation\config.ini 
2026-07-24T20:35:23.459Z In(05) vmx DICT         authd.client.port = "902"
2026-07-24T20:35:23.459Z In(05) vmx DICT           authd.proxy.nfc = "vmware-hostd:ha-nfc"
2026-07-24T20:35:23.459Z In(05) vmx DICT installerDefaults.autoSoftwareUpdateEnabled = "yes"
2026-07-24T20:35:23.459Z In(05) vmx DICT installerDefaults.autoSoftwareUpdateEnabled.epoch = "15182"
2026-07-24T20:35:23.459Z In(05) vmx DICT installerDefaults.componentDownloadEnabled = "yes"
2026-07-24T20:35:23.459Z In(05) vmx DICT installerDefaults.dataCollectionEnabled = "yes"
2026-07-24T20:35:23.459Z In(05) vmx DICT installerDefaults.dataCollectionEnabled.epoch = "15182"
2026-07-24T20:35:23.459Z In(05) vmx DICT --- GLOBAL SETTINGS C:\ProgramData\VMware\VMware Workstation\settings.ini 
2026-07-24T20:35:23.459Z In(05) vmx DICT          printers.enabled = "FALSE"
2026-07-24T20:35:23.460Z In(05) vmx Powering on guestOS 'ubuntu-64' using the configuration for 'ubuntu-64'.
2026-07-24T20:35:23.460Z In(05) vmx ToolsISO: open of C:\Program Files (x86)\VMware\VMware Workstation\isoimages_manifest.txt.sig failed: Could not find the file
2026-07-24T20:35:23.460Z In(05) vmx ToolsISO: Unable to read signature file 'C:\Program Files (x86)\VMware\VMware Workstation\isoimages_manifest.txt.sig', ignoring.
2026-07-24T20:35:23.461Z In(05) vmx ToolsISO: Updated cached value for imageName to 'linux.iso'.
2026-07-24T20:35:23.461Z In(05) vmx ToolsISO: Selected Tools ISO 'linux.iso' for 'ubuntu-64' guest.
2026-07-24T20:35:23.462Z In(05) vmx Vix: [mainDispatch.c:4213]: VMAutomation_ReportPowerOpFinished: statevar=1, newAppState=1873, success=1 additionalError=0
2026-07-24T20:35:23.462Z In(05) vmx DEVSWAP: GuestOS does not require LSI adapter swap.
2026-07-24T20:35:23.464Z In(05) vmx Monitor Mode: CPL0
2026-07-24T20:35:23.480Z In(05) vmx OvhdMem_PowerOn: initial admission: paged  4141758 nonpaged     4723 anonymous     6598
2026-07-24T20:35:23.480Z In(05) vmx VMMEM: Initial Reservation: 16222MB (MainMem=2048MB)
2026-07-24T20:35:23.480Z In(05) vmx numa: Hot-add is enabled and vNUMA hot-add is disabled, forcing UMA.
2026-07-24T20:35:23.480Z In(05) vmx llc: maximum vcpus per LLC: 1
2026-07-24T20:35:23.480Z In(05) vmx llc: vLLC size: 1
2026-07-24T20:35:23.483Z In(05) vmx MemSched_PowerOn: balloon minGuestSize 104857 (80% of min required size 131072)
2026-07-24T20:35:23.483Z In(05) vmx MemSched: reserved mem (in MB) min 128 max 13722 recommended 13722
2026-07-24T20:35:23.483Z In(05) vmx MemSched: pg 4141758 np 4723 anon 6598 mem 524288
2026-07-24T20:35:23.517Z In(05) vmx MemSched: numvm 2 locked pages: num 994116 max 3496448
2026-07-24T20:35:23.517Z In(05) vmx MemSched: locked Page Limit: host 3662395 config 3512832
2026-07-24T20:35:23.517Z In(05) vmx MemSched: minmempct 50 minalloc 534558 admitted 1
2026-07-24T20:35:23.518Z In(05) PowerNotifyThread VTHREAD 19340 "PowerNotifyThread"
2026-07-24T20:35:23.518Z In(05) PowerNotifyThread PowerNotify thread is alive.
2026-07-24T20:35:23.518Z In(05) vmx LICENSE: Running unlicensed VMX (VMware Workstation)
2026-07-24T20:35:23.519Z In(05) vthread-9448 VTHREAD 9448 "vthread-9448"
2026-07-24T20:35:23.519Z In(05) vmx Win32U_GetFileAttributes: GetFileAttributesExW("G:\VMs\Richard's Kali.vmpl", ...) failed, error: 2
2026-07-24T20:35:23.519Z In(05) vmx PolicyVMXFindPolicyKey: policy file does not exist.
2026-07-24T20:35:23.519Z In(05) vmx Win32U_GetFileAttributes: GetFileAttributesExW("G:\VMs\Richard's Kali.vmpl", ...) failed, error: 2
2026-07-24T20:35:23.519Z In(05) vmx PolicyVMXFindPolicyKey: policy file does not exist.
2026-07-24T20:35:23.520Z In(05) vmx Host PA size: 39 bits. Guest PA size: 45 bits.
2026-07-24T20:35:23.521Z In(05) vmx ToolsISO: Refreshing imageName for 'ubuntu-64' (refreshCount=1, lastCount=1).
2026-07-24T20:35:23.521Z In(05) vmx ToolsISO: open of C:\Program Files (x86)\VMware\VMware Workstation\isoimages_manifest.txt.sig failed: Could not find the file
2026-07-24T20:35:23.521Z In(05) vmx ToolsISO: Unable to read signature file 'C:\Program Files (x86)\VMware\VMware Workstation\isoimages_manifest.txt.sig', ignoring.
2026-07-24T20:35:23.521Z In(05) vmx ToolsISO: Updated cached value for imageName to 'linux.iso'.
2026-07-24T20:35:23.521Z In(05) vmx ToolsISO: Selected Tools ISO 'linux.iso' for 'ubuntu-64' guest.
2026-07-24T20:35:23.522Z In(05) deviceThread VTHREAD 13160 "deviceThread"
2026-07-24T20:35:23.522Z In(05) deviceThread Device thread is alive
2026-07-24T20:35:23.522Z In(05) vmx Host VT-x Capabilities:
2026-07-24T20:35:23.522Z In(05) vmx Basic VMX Information (0x00da040000000012)
2026-07-24T20:35:23.523Z In(05) vmx   VMCS revision ID                          18
2026-07-24T20:35:23.523Z In(05) vmx   VMCS region length                      1024
2026-07-24T20:35:23.523Z In(05) vmx   VMX physical-address width           natural
2026-07-24T20:35:23.523Z In(05) vmx   SMM dual-monitor mode                    yes
2026-07-24T20:35:23.523Z In(05) vmx   VMCS memory type                          WB
2026-07-24T20:35:23.523Z In(05) vmx   Advanced INS/OUTS info                   yes
2026-07-24T20:35:23.523Z In(05) vmx   True VMX MSRs                            yes
2026-07-24T20:35:23.523Z In(05) vmx   Exception Injection ignores error code    no
2026-07-24T20:35:23.523Z In(05) vmx True Pin-Based VM-Execution Controls (0x0000007f00000016)
2026-07-24T20:35:23.523Z In(05) vmx   External-interrupt exiting               {0,1}
2026-07-24T20:35:23.523Z In(05) vmx   NMI exiting                              {0,1}
2026-07-24T20:35:23.523Z In(05) vmx   Virtual NMIs                             {0,1}
2026-07-24T20:35:23.523Z In(05) vmx   Activate VMX-preemption timer            {0,1}
2026-07-24T20:35:23.523Z In(05) vmx   Process posted interrupts                { 0 }
2026-07-24T20:35:23.523Z In(05) vmx True Primary Processor-Based VM-Execution Controls (0xfff9fffe04006172)
2026-07-24T20:35:23.523Z In(05) vmx   Interrupt-window exiting                 {0,1}
2026-07-24T20:35:23.523Z In(05) vmx   Use TSC offsetting                       {0,1}
2026-07-24T20:35:23.523Z In(05) vmx   HLT exiting                              {0,1}
2026-07-24T20:35:23.523Z In(05) vmx   INVLPG exiting                           {0,1}
2026-07-24T20:35:23.523Z In(05) vmx   MWAIT exiting                            {0,1}
2026-07-24T20:35:23.523Z In(05) vmx   RDPMC exiting                            {0,1}
2026-07-24T20:35:23.523Z In(05) vmx   RDTSC exiting                            {0,1}
2026-07-24T20:35:23.523Z In(05) vmx   CR3-load exiting                         {0,1}
2026-07-24T20:35:23.523Z In(05) vmx   CR3-store exiting                        {0,1}
2026-07-24T20:35:23.523Z In(05) vmx   Activate tertiary controls               { 0 }
2026-07-24T20:35:23.523Z In(05) vmx   CR8-load exiting                         {0,1}
2026-07-24T20:35:23.523Z In(05) vmx   CR8-store exiting                        {0,1}
2026-07-24T20:35:23.523Z In(05) vmx   Use TPR shadow                           {0,1}
2026-07-24T20:35:23.523Z In(05) vmx   NMI-window exiting                       {0,1}
2026-07-24T20:35:23.523Z In(05) vmx   MOV-DR exiting                           {0,1}
2026-07-24T20:35:23.523Z In(05) vmx   Unconditional I/O exiting                {0,1}
2026-07-24T20:35:23.523Z In(05) vmx   Use I/O bitmaps                          {0,1}
2026-07-24T20:35:23.523Z In(05) vmx   Monitor trap flag                        {0,1}
2026-07-24T20:35:23.523Z In(05) vmx   Use MSR bitmaps                          {0,1}
2026-07-24T20:35:23.523Z In(05) vmx   MONITOR exiting                          {0,1}
2026-07-24T20:35:23.523Z In(05) vmx   PAUSE exiting                            {0,1}
2026-07-24T20:35:23.523Z In(05) vmx   Activate secondary controls              {0,1}
2026-07-24T20:35:23.523Z In(05) vmx Secondary Processor-Based VM-Execution Controls (0x00007cff00000000)
2026-07-24T20:35:23.523Z In(05) vmx   Virtualize APIC accesses                 {0,1}
2026-07-24T20:35:23.523Z In(05) vmx   Enable EPT                               {0,1}
2026-07-24T20:35:23.523Z In(05) vmx   Descriptor-table exiting                 {0,1}
2026-07-24T20:35:23.523Z In(05) vmx   Enable RDTSCP                            {0,1}
2026-07-24T20:35:23.523Z In(05) vmx   Virtualize x2APIC mode                   {0,1}
2026-07-24T20:35:23.523Z In(05) vmx   Enable VPID                              {0,1}
2026-07-24T20:35:23.523Z In(05) vmx   WBINVD exiting                           {0,1}
2026-07-24T20:35:23.523Z In(05) vmx   Unrestricted guest                       {0,1}
2026-07-24T20:35:23.523Z In(05) vmx   APIC-register virtualization             { 0 }
2026-07-24T20:35:23.523Z In(05) vmx   Virtual-interrupt delivery               { 0 }
2026-07-24T20:35:23.523Z In(05) vmx   PAUSE-loop exiting                       {0,1}
2026-07-24T20:35:23.523Z In(05) vmx   RDRAND exiting                           {0,1}
2026-07-24T20:35:23.523Z In(05) vmx   Enable INVPCID                           {0,1}
2026-07-24T20:35:23.523Z In(05) vmx   Enable VM Functions                      {0,1}
2026-07-24T20:35:23.523Z In(05) vmx   Use VMCS shadowing                       {0,1}
2026-07-24T20:35:23.523Z In(05) vmx   ENCLS exiting                            { 0 }
2026-07-24T20:35:23.523Z In(05) vmx   RDSEED exiting                           { 0 }
2026-07-24T20:35:23.523Z In(05) vmx   Enable PML                               { 0 }
2026-07-24T20:35:23.523Z In(05) vmx   EPT-violation #VE                        { 0 }
2026-07-24T20:35:23.523Z In(05) vmx   Conceal VMX from PT                      { 0 }
2026-07-24T20:35:23.523Z In(05) vmx   Enable XSAVES/XRSTORS                    { 0 }
2026-07-24T20:35:23.523Z In(05) vmx   PASID translation                        { 0 }
2026-07-24T20:35:23.523Z In(05) vmx   Mode-based execute control for EPT       { 0 }
2026-07-24T20:35:23.523Z In(05) vmx   Sub-page write permissions for EPT       { 0 }
2026-07-24T20:35:23.523Z In(05) vmx   PT uses guest physical addresses         { 0 }
2026-07-24T20:35:23.523Z In(05) vmx   Use TSC scaling                          { 0 }
2026-07-24T20:35:23.523Z In(05) vmx   Enable UMWAIT and TPAUSE                 { 0 }
2026-07-24T20:35:23.524Z In(05) vmx   Enable ENCLV in VMX non-root mode        { 0 }
2026-07-24T20:35:23.524Z In(05) vmx   Enable EPC Virtualization Extensions     { 0 }
2026-07-24T20:35:23.524Z In(05) vmx   Bus lock exiting                         { 0 }
2026-07-24T20:35:23.524Z In(05) vmx   Notification VM exits                    { 0 }
2026-07-24T20:35:23.524Z In(05) vmx Tertiary Processor-Based VM-Execution Controls (0x0000000000000000)
2026-07-24T20:35:23.524Z In(05) vmx   LOADIWKEY exiting                          no
2026-07-24T20:35:23.524Z In(05) vmx   Enable HLAT                                no
2026-07-24T20:35:23.524Z In(05) vmx   Enable Paging-Write                        no
2026-07-24T20:35:23.524Z In(05) vmx   Enable Guest Paging Verification           no
2026-07-24T20:35:23.524Z In(05) vmx   Enable IPI Virtualization                  no
2026-07-24T20:35:23.524Z In(05) vmx   TD shared bit position for 5-level EPT     no
2026-07-24T20:35:23.524Z In(05) vmx   Enable RDMSRLIST/WRMSRLIST                 no
2026-07-24T20:35:23.524Z In(05) vmx   Enable Virtual MSR_SPEC_CTRL               no
2026-07-24T20:35:23.524Z In(05) vmx True VM-Exit Controls (0x007fffff00036dfb)
2026-07-24T20:35:23.524Z In(05) vmx   Save debug controls                      {0,1}
2026-07-24T20:35:23.524Z In(05) vmx   Host address-space size                  {0,1}
2026-07-24T20:35:23.524Z In(05) vmx   Load IA32_PERF_GLOBAL_CTRL               {0,1}
2026-07-24T20:35:23.524Z In(05) vmx   Acknowledge interrupt on exit            {0,1}
2026-07-24T20:35:23.524Z In(05) vmx   Save IA32_PAT                            {0,1}
2026-07-24T20:35:23.524Z In(05) vmx   Load IA32_PAT                            {0,1}
2026-07-24T20:35:23.524Z In(05) vmx   Save IA32_EFER                           {0,1}
2026-07-24T20:35:23.524Z In(05) vmx   Load IA32_EFER                           {0,1}
2026-07-24T20:35:23.524Z In(05) vmx   Save VMX-preemption timer                {0,1}
2026-07-24T20:35:23.524Z In(05) vmx   Clear IA32_BNDCFGS                       { 0 }
2026-07-24T20:35:23.524Z In(05) vmx   Conceal VMX from processor trace         { 0 }
2026-07-24T20:35:23.524Z In(05) vmx   Clear IA32_RTIT MSR                      { 0 }
2026-07-24T20:35:23.524Z In(05) vmx   Clear IA32_LBR_CTL MSR                   { 0 }
2026-07-24T20:35:23.524Z In(05) vmx   Clear user-interrupt notification vector { 0 }
2026-07-24T20:35:23.524Z In(05) vmx   Load CET state                           { 0 }
2026-07-24T20:35:23.524Z In(05) vmx   Load PKRS                                { 0 }
2026-07-24T20:35:23.524Z In(05) vmx   Save IA32_PERF_GLOBAL_CTRL               { 0 }
2026-07-24T20:35:23.524Z In(05) vmx   Use Secondary VM-Exit Controls           { 0 }
2026-07-24T20:35:23.524Z In(05) vmx Secondary VM-Exit Controls (0x0000000000000000)
2026-07-24T20:35:23.524Z In(05) vmx   Fractured Shadow-Stack Update Reporting    no
2026-07-24T20:35:23.524Z In(05) vmx True VM-Entry Controls (0x0000ffff000011fb)
2026-07-24T20:35:23.524Z In(05) vmx   Load debug controls                      {0,1}
2026-07-24T20:35:23.524Z In(05) vmx   IA-32e mode guest                        {0,1}
2026-07-24T20:35:23.524Z In(05) vmx   Entry to SMM                             {0,1}
2026-07-24T20:35:23.524Z In(05) vmx   Deactivate dual-monitor mode             {0,1}
2026-07-24T20:35:23.524Z In(05) vmx   Load IA32_PERF_GLOBAL_CTRL               {0,1}
2026-07-24T20:35:23.524Z In(05) vmx   Load IA32_PAT                            {0,1}
2026-07-24T20:35:23.524Z In(05) vmx   Load IA32_EFER                           {0,1}
2026-07-24T20:35:23.524Z In(05) vmx   Load IA32_BNDCFGS                        { 0 }
2026-07-24T20:35:23.524Z In(05) vmx   Conceal VMX from processor trace         { 0 }
2026-07-24T20:35:23.524Z In(05) vmx   Load IA32_RTIT MSR                       { 0 }
2026-07-24T20:35:23.524Z In(05) vmx   Load user-interrupt notification vector  { 0 }
2026-07-24T20:35:23.524Z In(05) vmx   Load CET state                           { 0 }
2026-07-24T20:35:23.524Z In(05) vmx   Load IA32_LBR_CTL MSR                    { 0 }
2026-07-24T20:35:23.524Z In(05) vmx   Load PKRS                                { 0 }
2026-07-24T20:35:23.524Z In(05) vmx VPID and EPT Capabilities (0x00000f0106334141)
2026-07-24T20:35:23.524Z In(05) vmx   R=0/W=0/X=1                               yes
2026-07-24T20:35:23.524Z In(05) vmx   Page-walk length 3                        yes
2026-07-24T20:35:23.524Z In(05) vmx   EPT memory type WB                        yes
2026-07-24T20:35:23.524Z In(05) vmx   2MB super-page                            yes
2026-07-24T20:35:23.524Z In(05) vmx   1GB super-page                            yes
2026-07-24T20:35:23.524Z In(05) vmx   INVEPT support                            yes
2026-07-24T20:35:23.524Z In(05) vmx   Access & Dirty Bits                       yes
2026-07-24T20:35:23.524Z In(05) vmx   Advanced VM exit information for EPT violations    no
2026-07-24T20:35:23.524Z In(05) vmx   Supervisor shadow-stack control            no
2026-07-24T20:35:23.524Z In(05) vmx   Type 1 INVEPT                             yes
2026-07-24T20:35:23.524Z In(05) vmx   Type 2 INVEPT                             yes
2026-07-24T20:35:23.524Z In(05) vmx   INVVPID support                           yes
2026-07-24T20:35:23.525Z In(05) vmx   Type 0 INVVPID                            yes
2026-07-24T20:35:23.525Z In(05) vmx   Type 1 INVVPID                            yes
2026-07-24T20:35:23.525Z In(05) vmx   Type 2 INVVPID                            yes
2026-07-24T20:35:23.525Z In(05) vmx   Type 3 INVVPID                            yes
2026-07-24T20:35:23.525Z In(05) vmx Miscellaneous VMX Data (0x00000000300481e5)
2026-07-24T20:35:23.525Z In(05) vmx   TSC to preemption timer ratio      5
2026-07-24T20:35:23.525Z In(05) vmx   VM-Exit saves EFER.LMA           yes
2026-07-24T20:35:23.525Z In(05) vmx   Activity State HLT               yes
2026-07-24T20:35:23.525Z In(05) vmx   Activity State shutdown          yes
2026-07-24T20:35:23.525Z In(05) vmx   Activity State wait-for-SIPI     yes
2026-07-24T20:35:23.525Z In(05) vmx   Processor trace in VMX            no
2026-07-24T20:35:23.525Z In(05) vmx   RDMSR SMBASE MSR in SMM          yes
2026-07-24T20:35:23.525Z In(05) vmx   CR3 targets supported              4
2026-07-24T20:35:23.525Z In(05) vmx   Maximum MSR list size            512
2026-07-24T20:35:23.525Z In(05) vmx   VMXOFF holdoff of SMIs           yes
2026-07-24T20:35:23.525Z In(05) vmx   Allow all VMWRITEs               yes
2026-07-24T20:35:23.525Z In(05) vmx   Allow zero instruction length     no
2026-07-24T20:35:23.525Z In(05) vmx   MSEG revision ID                   0
2026-07-24T20:35:23.525Z In(05) vmx VMX-Fixed Bits in CR0 (0x0000000080000021/0x00000000ffffffff)
2026-07-24T20:35:23.525Z In(05) vmx   Fixed to 0        0xffffffff00000000
2026-07-24T20:35:23.525Z In(05) vmx   Fixed to 1        0x0000000080000021
2026-07-24T20:35:23.525Z In(05) vmx   Variable          0x000000007fffffde
2026-07-24T20:35:23.525Z In(05) vmx VMX-Fixed Bits in CR4 (0x0000000000002000/0x00000000001767ff)
2026-07-24T20:35:23.525Z In(05) vmx   Fixed to 0        0xffffffffffe89800
2026-07-24T20:35:23.525Z In(05) vmx   Fixed to 1        0x0000000000002000
2026-07-24T20:35:23.525Z In(05) vmx   Variable          0x00000000001747ff
2026-07-24T20:35:23.525Z In(05) vmx VMCS Enumeration (0x000000000000002a)
2026-07-24T20:35:23.525Z In(05) vmx   Highest index                   0x15
2026-07-24T20:35:23.525Z In(05) vmx VM Functions (0x0000000000000001)
2026-07-24T20:35:23.525Z In(05) vmx   Function  0 (EPTP-switching) supported.
2026-07-24T20:35:23.525Z In(05) vmx Monitor_PowerOn: hostedVSMPMaxSkew is 1500 us (4190315 cycles)
2026-07-24T20:35:23.526Z In(05) vmx vmm-modules: [vmm.vmm, vmce-vmce.vmm, viommu-none.vmm, vprobe-none.vmm, hv-vt.vmm, gphys-ept.vmm, callstack-none.vmm, ahci-ahci.vmm, !ahciShared=0x0, !e1000Shared=0xc00, !tdxSharedVMData=0x1d00, !vmSamples=0x1d00, !theIOSpace=0x1d40, !ttGPPerVcpu=0x8b40, {UseUnwind}=0x0, numVCPUsAsAddr=0x2, {SharedAreaReservations}=0x8b80, {rodataSize}=0x2206a, {textAddr}=0xfffffffffc000000, {textSize}=0x92587, <MonSrcFile>]
2026-07-24T20:35:23.526Z In(05) vmx vmm-vcpus:   2
2026-07-24T20:35:23.580Z In(05) vmx KHZEstimate 2793543
2026-07-24T20:35:23.580Z In(05) vmx MHZEstimate 2794
2026-07-24T20:35:23.580Z In(05) vmx NumVCPUs 2
2026-07-24T20:35:23.582Z In(05) vmx AIOGNRC: numThreads=17 ide=0, scsi=1, passthru=0
2026-07-24T20:35:23.582Z In(05) vmx WORKER: Creating new group with maxThreads=17 (17)
2026-07-24T20:35:23.591Z In(05) vmx WORKER: Creating new group with maxThreads=1 (18)
2026-07-24T20:35:23.591Z In(05) vmx MainMem: CPT Host WZ=0 PF=2048 D=0
2026-07-24T20:35:23.591Z In(05) vmx MainMem: CPT PLS=1 PLR=1 BS=1 BlkP=32 Mult=4 W=50
2026-07-24T20:35:23.646Z In(05) vmx MainMem: Opened paging file, 'G:\VMs\564d3a42-79fd-159d-08a7-0a11494581cd.vmem'.
2026-07-24T20:35:23.646Z In(05) vmx MStat: Creating Stat vm.uptime
2026-07-24T20:35:23.646Z In(05) vmx MStat: Creating Stat vm.suspendTime
2026-07-24T20:35:23.646Z In(05) vmx MStat: Creating Stat vm.powerOnTimeStamp
2026-07-24T20:35:23.647Z In(05) aioCompletion VTHREAD 6456 "aioCompletion"
2026-07-24T20:35:23.647Z In(05) vmx VMXAIOMGR: Using: simple=Compl
2026-07-24T20:35:23.671Z In(05) vmx WORKER: Creating new group with maxThreads=1 (19)
2026-07-24T20:35:23.676Z In(05) vmx WORKER: Creating new group with maxThreads=1 (20)
2026-07-24T20:35:23.676Z In(05) vmx WORKER: Creating new group with maxThreads=14 (34)
2026-07-24T20:35:23.677Z In(05) vmx FeatureCompat: No VM masks.
2026-07-24T20:35:23.677Z In(05) vmx TimeTracker host to guest rate conversion 10298496115973 @ 2793543000Hz -> 0 @ 2793543000Hz
2026-07-24T20:35:23.677Z In(05) vmx TimeTracker host to guest rate conversion ((x * 2147483648) >> 31) + -10298496115973
2026-07-24T20:35:23.677Z In(05) vmx Disabling TSC scaling since host does not support it.
2026-07-24T20:35:23.677Z In(05) vmx TSC offsetting enabled.
2026-07-24T20:35:23.677Z In(05) vmx timeTracker.globalProgressMaxAllowanceMS: 2000
2026-07-24T20:35:23.677Z In(05) vmx timeTracker.globalProgressToAllowanceNS: 1000
2026-07-24T20:35:23.677Z In(05) vmx MKS PowerOn
2026-07-24T20:35:23.680Z In(05) mks VTHREAD 1964 "mks"
2026-07-24T20:35:23.680Z In(05) mks MKS thread is alive
2026-07-24T20:35:23.680Z In(05) svga VTHREAD 11352 "svga"
2026-07-24T20:35:23.680Z In(05) svga SVGA thread is alive
2026-07-24T20:35:23.681Z In(05) mks MKS: SSE2=1, SSSE3=1, SSE4_1=1
2026-07-24T20:35:23.682Z In(05) mouse VTHREAD 15776 "mouse"
2026-07-24T20:35:23.682Z In(05) mks MKS-HookKeyboard: RegQueryValueEx(LowLevelHooksTimeout) failed: The system cannot find the file specified (2)
2026-07-24T20:35:23.682Z In(05) kbh VTHREAD 12484 "kbh"
2026-07-24T20:35:23.698Z In(05) mks MKSWin32: Registering top level window (0xac01fe) to receive session change notification.
2026-07-24T20:35:23.699Z In(05) mks MKSWin32: Disabled power throttling.
2026-07-24T20:35:23.699Z In(05) mks Current Display Settings:
2026-07-24T20:35:23.699Z In(05) mks    Display: 0 size: 1920x1080  position: (0, 0) name: \\.\DISPLAY1  
2026-07-24T20:35:23.701Z In(05) mks MKSWin32: MIL: 0x4000
2026-07-24T20:35:23.701Z In(05) mks MKSRenderMain: PowerOn allowed BasicOps ISB DX12 DX11 DX11Basic VK 
2026-07-24T20:35:23.701Z In(05) mks MKSRenderMain: ISB enabled by config
2026-07-24T20:35:23.701Z In(05) mks MKSRenderMain: Collecting RenderOps caps from ISB
2026-07-24T20:35:23.701Z In(05) mks MKSRenderMain: Starting ISB
2026-07-24T20:35:23.701Z In(05) mks ISBRendererComm: ISBRendererComm DataChannel size=4294967296
2026-07-24T20:35:23.726Z In(05) mks LocalMKS: MKS_UUID=52 0a d5 11 e5 8c 75 3e-a1 0b 14 73 b8 aa 46 72
2026-07-24T20:35:23.731Z In(05) mks LogRotation: Rotating to a new log file (keepOld 3) took 0.001132 seconds.
2026-07-24T20:35:23.733Z In(05) mks ISBRendererComm: mksSandbox command-line: C:\Program Files (x86)\VMware\VMware Workstation\x64\mksSandbox.exe --pipeInfo \\.\pipe\vmware\mksSandbox\mksSandbox-52 93 63 b3 2a df e7 a7-e6 ed 4a 80 58 22 7c 7f
2026-07-24T20:35:24.957Z In(05) mks ISBRendererComm: Spawned process with handle 1416
2026-07-24T20:35:26.255Z In(05) mks ISBRendererComm: Sandbox Renderer: DX11Renderer
2026-07-24T20:35:26.287Z Wa(03) mks mksSandboxLog: Vulkan Renderer: No supported Vulkan device/driver found (See mks.vk.allowUnsupportedDevices or mks.vk.forceDevice configuration options).
2026-07-24T20:35:26.288Z Wa(03) mks mksSandboxLog: DX11Renderer: Unable to create a device for type unknown
2026-07-24T20:35:26.292Z In(05) mks MKSRenderMain: Started ISB (DX11)
2026-07-24T20:35:26.292Z In(05) mks MKSRenderMain: Found Full Renderer: ISBRenderer (DX11Renderer)
2026-07-24T20:35:26.292Z In(05) mks MKSRenderMain: maxTextureSize=16384
2026-07-24T20:35:26.293Z In(05) mks KHBKL: Unable to parse keystring at: ''
2026-07-24T20:35:26.293Z In(05) mks MKSRemoteMgr: Set default display name: Richard's Kali
2026-07-24T20:35:26.293Z In(05) mks MKSRemoteMgr: Loading VNC Configuration from VM config file
2026-07-24T20:35:26.293Z In(05) mks MKSRemoteMgr: Using default VNC keymap table "us"
2026-07-24T20:35:26.293Z No(00) vmx PowerOnTiming: Module MKS took 2616285 us
2026-07-24T20:35:26.294Z In(05) vmx VLANCE: send cluster threshold is 80, size = 2 recalcInterval is 20000 us
2026-07-24T20:35:26.294Z In(05) vmx VMXNET: send cluster threshold is 80, size = 2 recalcInterval is 20000 ticks, dontClusterSize is 128
2026-07-24T20:35:26.295Z In(05) vmx Chipset version: 0x17
2026-07-24T20:35:26.297Z In(05) vmx SOUNDLIB: Creating the Wave sound backend.
2026-07-24T20:35:26.307Z No(00) vmx ConfigDB: Setting pciBridge4.pciSlotNumber = "-1"
2026-07-24T20:35:26.307Z No(00) vmx ConfigDB: Setting pciBridge5.pciSlotNumber = "-1"
2026-07-24T20:35:26.307Z No(00) vmx ConfigDB: Setting pciBridge6.pciSlotNumber = "-1"
2026-07-24T20:35:26.307Z No(00) vmx ConfigDB: Setting pciBridge7.pciSlotNumber = "-1"
2026-07-24T20:35:26.308Z No(00) vmx ConfigDB: Setting pciBridge4.pciSlotNumber = "21"
2026-07-24T20:35:26.308Z No(00) vmx ConfigDB: Setting pciBridge5.pciSlotNumber = "22"
2026-07-24T20:35:26.308Z No(00) vmx ConfigDB: Setting pciBridge6.pciSlotNumber = "23"
2026-07-24T20:35:26.308Z No(00) vmx ConfigDB: Setting pciBridge7.pciSlotNumber = "24"
2026-07-24T20:35:26.405Z In(05) vmx MigrateBusMemPrealloc: BusMem preallocation begins.
2026-07-24T20:35:26.405Z In(05) vmx MigrateBusMemPrealloc: BusMem preallocation completes.
2026-07-24T20:35:26.405Z No(00) vmx ConfigDB: Setting scsi0:0.redo = ""
2026-07-24T20:35:26.405Z In(05) vmx DISK: OPEN scsi0:0 'G:\VMs\Richard's Kali.vmdk' persistent R[]
2026-07-24T20:35:26.417Z In(05) vmx DiskGetGeometry: Reading of disk partition table
2026-07-24T20:35:26.431Z In(05) vmx DISK: Disk 'G:\VMs\Richard's Kali.vmdk' has UUID '60 00 c2 9b 39 01 46 2e-65 3a 41 c0 45 43 c1 3d'
2026-07-24T20:35:26.431Z In(05) vmx DISK: OPEN 'G:\VMs\Richard's Kali.vmdk' Geo (2610/255/63) BIOS Geo (82241/255/2)
2026-07-24T20:35:26.439Z In(05) vmx DISKUTILWIN32: DiskUtilW32IsATASSDDevice: Reported rotation rate = 5400
2026-07-24T20:35:26.439Z In(05) vmx DISK: Opening disks took 34 ms.
2026-07-24T20:35:26.440Z In(05) vmx USBArbLib: USBArbLib initialized successfully, retryIntervalStart(5), retryIntervalMax(120), arbSocketName(\\.\pipe\vmware-usbarbpipe), useLocking(yes), tryUpgrading(no).
2026-07-24T20:35:26.440Z In(05) vmx UsbEnum: Initializing UsbEnum library, disableLocking(no), allowBootableHid(yes).
2026-07-24T20:35:26.440Z In(05) vmx USB: Initializing 'Virtual Hub' backend
2026-07-24T20:35:26.463Z In(05) vmx USB: Initializing 'Generic' backend
2026-07-24T20:35:26.463Z Wa(03) vmx USBArbLib: OUT SET_AUTO_CONNECT: Not connected to arbitrator, autoconnect(0) for client 'Richard's Kali', connectState(1).
2026-07-24T20:35:26.463Z In(05) vmx USB: Initializing 'Virtual HID' backend
2026-07-24T20:35:26.464Z In(05) sensorThread VTHREAD 11744 "sensorThread"
2026-07-24T20:35:26.464Z In(05) vmx USB: Initializing 'Remote Device' backend
2026-07-24T20:35:26.464Z In(05) vmx RemoteUSBVMX: Retrieved hostId [a8 b2 e5 c6 37 5e 11 e6-8b 14 fc 08 4a 60 5c 84].
2026-07-24T20:35:26.464Z In(05) vmx RemoteUSBVMX: Protocol version min:15 current:19
2026-07-24T20:35:26.464Z In(05) vmx RemoteUSBVMX: no delay setting is TRUE.
2026-07-24T20:35:26.464Z In(05) vmx USB: Initializing 'Virtual Mass Storage' backend
2026-07-24T20:35:26.464Z In(05) vmx USB: Initializing 'Virtual CCID' backend
2026-07-24T20:35:26.468Z In(05) usbCCIDEnumCards VTHREAD 16680 "usbCCIDEnumCards"
2026-07-24T20:35:26.468Z In(05) usbCCIDEnumCards USB-CCID: Card enum thread created.
2026-07-24T20:35:26.468Z In(05) vmx USB: Initializing 'Virtual Video' backend
2026-07-24T20:35:26.498Z Wa(03) vmx USBGW: IOCTL_STORAGE_QUERY_PROPERTY failed. Error(0x0): The operation completed successfully.
2026-07-24T20:35:26.498Z In(05) vmx USBGW: Skipping disk backing for path(G:\VMs\Richard's Kali.vmx).
2026-07-24T20:35:26.498Z Wa(03) vmx USBGW: IOCTL_STORAGE_QUERY_PROPERTY failed. Error(0x0): The operation completed successfully.
2026-07-24T20:35:26.498Z In(05) vmx USBGW: Skipping disk backing for path(G:\VMs\Richard's Kali.vmdk).
2026-07-24T20:35:26.499Z Wa(03) vmx USBGW: IOCTL_STORAGE_QUERY_PROPERTY failed. Error(0x0): The operation completed successfully.
2026-07-24T20:35:26.499Z In(05) vmx USBGW: Skipping disk backing for path(G:\VMs\Richard's Kali.vmsd).
2026-07-24T20:35:26.499Z Wa(03) vmx USBGW: IOCTL_STORAGE_QUERY_PROPERTY failed. Error(0x0): The operation completed successfully.
2026-07-24T20:35:26.499Z In(05) vmx USBGW: Skipping disk backing for path(G:\VMs\Richard's Kali.nvram).
2026-07-24T20:35:26.510Z In(05) vmx SCSI: scsi0: intr coalescing: on period=50msec cifTh=4 iopsTh=2000 hlt=0
2026-07-24T20:35:26.510Z In(05) vmx SCSI0: UNTAGGED commands will be converted to ORDER tags.
2026-07-24T20:35:26.510Z In(05) vmx SCSI DEVICE (scsi0:0): Computed value of scsi0:0.useBounceBuffers: default
2026-07-24T20:35:26.510Z In(05) vmx DISKUTIL: scsi0:0 : capacity=41943040 logical sector size=512
2026-07-24T20:35:26.510Z In(05) vmx DISKUTIL: scsi0:0 : geometry=82241/255/2
2026-07-24T20:35:26.511Z In(05) vmx SVGA-GFB: Config settings: autodetect=1, numDisplays=1, maxWidth=2560, maxHeight=1600
2026-07-24T20:35:26.511Z In(05) vmx SVGA-GFB: Desired maximum display topology: wh(6688, 5016)
2026-07-24T20:35:26.512Z In(05) vmx SVGA-GFB: Autodetected target gfbSize = 268435456
2026-07-24T20:35:26.512Z In(05) vmx SVGA-GFB: Using Initial       gfbSize = 4194304
2026-07-24T20:35:26.512Z In(05) vmx SVGA-GFB: MaxPrimaryMem      register = 268435456
2026-07-24T20:35:26.512Z In(05) vmx SVGA-GFB: Truncated maximum resolution for register modes to VRAM size: VRAM=4194304 bytes, max wh(1176, 885)
2026-07-24T20:35:26.512Z In(05) vmx SVGA-GFB: Max wh(1176, 885), number of displays: 10
2026-07-24T20:35:26.512Z In(05) vmx SVGA-GFB: Allocated gfbSize=4194304
2026-07-24T20:35:26.512Z No(00) vmx ConfigDB: Setting vmotion.checkpointFBSize = "4194304"
2026-07-24T20:35:26.512Z No(00) vmx ConfigDB: Setting vmotion.checkpointSVGAPrimarySize = "268435456"
2026-07-24T20:35:26.512Z In(05) vmx SVGA: SVGA DeviceLabel: svga2
2026-07-24T20:35:26.512Z No(00) vmx ConfigDB: Setting vmotion.svga.mobMaxSize = "1073741824"
2026-07-24T20:35:26.512Z No(00) vmx ConfigDB: Setting vmotion.svga.graphicsMemoryKB = "8388608"
2026-07-24T20:35:26.512Z In(05) vmx SVGA: mobMaxSize=1073741824
2026-07-24T20:35:26.512Z In(05) vmx SVGA: graphicsMemoryKB=8388608
2026-07-24T20:35:26.512Z In(05) vmx SVGA: FIFO capabilities 0x0000077f
2026-07-24T20:35:26.512Z In(05) vmx SVGAFeature renderer (before clamping) svga.supports3D bool 1
2026-07-24T20:35:26.512Z In(05) vmx SVGAFeature renderer (before clamping) svga.baseCapsLevel num 11
2026-07-24T20:35:26.512Z In(05) vmx SVGAFeature renderer (before clamping) svga.maxPointSize num 1
2026-07-24T20:35:26.512Z In(05) vmx SVGAFeature renderer (before clamping) svga.maxTextureSize num 16384
2026-07-24T20:35:26.512Z In(05) vmx SVGAFeature renderer (before clamping) svga.maxVolumeExtent num 2048
2026-07-24T20:35:26.512Z In(05) vmx SVGAFeature renderer (before clamping) svga.maxTextureAnisotropy num 16
2026-07-24T20:35:26.512Z In(05) vmx SVGAFeature renderer (before clamping) svga.lineStipple bool 0
2026-07-24T20:35:26.512Z In(05) vmx SVGAFeature renderer (before clamping) svga.dxMaxConstantBuffers num 14
2026-07-24T20:35:26.512Z In(05) vmx SVGAFeature renderer (before clamping) svga.dxProvokingVertex bool 0
2026-07-24T20:35:26.512Z In(05) vmx SVGAFeature renderer (before clamping) svga.sm41 bool 1
2026-07-24T20:35:26.512Z In(05) vmx SVGAFeature renderer (before clamping) svga.multisample2x bool 1
2026-07-24T20:35:26.512Z In(05) vmx SVGAFeature renderer (before clamping) svga.multisample4x bool 1
2026-07-24T20:35:26.512Z In(05) vmx SVGAFeature renderer (before clamping) svga.msFullQuality bool 1
2026-07-24T20:35:26.512Z In(05) vmx SVGAFeature renderer (before clamping) svga.logicOps bool 1
2026-07-24T20:35:26.512Z In(05) vmx SVGAFeature renderer (before clamping) svga.bc67 num 9
2026-07-24T20:35:26.512Z In(05) vmx SVGAFeature renderer (before clamping) svga.sm5 bool 1
2026-07-24T20:35:26.512Z In(05) vmx SVGAFeature renderer (before clamping) svga.multisample8x bool 1
2026-07-24T20:35:26.512Z In(05) vmx SVGAFeature renderer (before clamping) svga.logicBlendOps bool 1
2026-07-24T20:35:26.512Z In(05) vmx SVGAFeature renderer (before clamping) svga.maxForcedSampleCount num 16
2026-07-24T20:35:26.512Z In(05) vmx SVGAFeature renderer (before clamping) svga.gl43 bool 0
2026-07-24T20:35:26.530Z In(05) vmx SVGAFeature renderer (after  clamping) svga.supports3D bool 1
2026-07-24T20:35:26.530Z In(05) vmx SVGAFeature renderer (after  clamping) svga.baseCapsLevel num 9
2026-07-24T20:35:26.530Z In(05) vmx SVGAFeature renderer (after  clamping) svga.maxPointSize num 1
2026-07-24T20:35:26.530Z In(05) vmx SVGAFeature renderer (after  clamping) svga.maxTextureSize num 16384
2026-07-24T20:35:26.530Z In(05) vmx SVGAFeature renderer (after  clamping) svga.maxVolumeExtent num 2048
2026-07-24T20:35:26.530Z In(05) vmx SVGAFeature renderer (after  clamping) svga.maxTextureAnisotropy num 16
2026-07-24T20:35:26.530Z In(05) vmx SVGAFeature renderer (after  clamping) svga.lineStipple bool 0
2026-07-24T20:35:26.530Z In(05) vmx SVGAFeature renderer (after  clamping) svga.dxMaxConstantBuffers num 14
2026-07-24T20:35:26.530Z In(05) vmx SVGAFeature renderer (after  clamping) svga.dxProvokingVertex bool 0
2026-07-24T20:35:26.530Z In(05) vmx SVGAFeature renderer (after  clamping) svga.sm41 bool 1
2026-07-24T20:35:26.530Z In(05) vmx SVGAFeature renderer (after  clamping) svga.multisample2x bool 1
2026-07-24T20:35:26.530Z In(05) vmx SVGAFeature renderer (after  clamping) svga.multisample4x bool 1
2026-07-24T20:35:26.530Z In(05) vmx SVGAFeature renderer (after  clamping) svga.msFullQuality bool 1
2026-07-24T20:35:26.530Z In(05) vmx SVGAFeature renderer (after  clamping) svga.logicOps bool 1
2026-07-24T20:35:26.530Z In(05) vmx SVGAFeature renderer (after  clamping) svga.bc67 num 9
2026-07-24T20:35:26.530Z In(05) vmx SVGAFeature renderer (after  clamping) svga.sm5 bool 1
2026-07-24T20:35:26.530Z In(05) vmx SVGAFeature renderer (after  clamping) svga.multisample8x bool 1
2026-07-24T20:35:26.530Z In(05) vmx SVGAFeature renderer (after  clamping) svga.logicBlendOps bool 1
2026-07-24T20:35:26.530Z In(05) vmx SVGAFeature renderer (after  clamping) svga.maxForcedSampleCount num 16
2026-07-24T20:35:26.530Z In(05) vmx SVGAFeature renderer (after  clamping) svga.gl43 bool 0
2026-07-24T20:35:26.530Z In(05) vmx SVGAFeature    host id: 0
2026-07-24T20:35:26.530Z In(05) vmx SVGAFeature    host svga.supports3D bool 1
2026-07-24T20:35:26.530Z In(05) vmx SVGAFeature    host svga.baseCapsLevel num 9
2026-07-24T20:35:26.530Z In(05) vmx SVGAFeature    host svga.maxPointSize num 1
2026-07-24T20:35:26.530Z In(05) vmx SVGAFeature    host svga.maxTextureSize num 16384
2026-07-24T20:35:26.530Z In(05) vmx SVGAFeature    host svga.maxVolumeExtent num 2048
2026-07-24T20:35:26.530Z In(05) vmx SVGAFeature    host svga.maxTextureAnisotropy num 16
2026-07-24T20:35:26.530Z In(05) vmx SVGAFeature    host svga.lineStipple bool 0
2026-07-24T20:35:26.530Z In(05) vmx SVGAFeature    host svga.dxMaxConstantBuffers num 14
2026-07-24T20:35:26.530Z In(05) vmx SVGAFeature    host svga.dxProvokingVertex bool 0
2026-07-24T20:35:26.530Z In(05) vmx SVGAFeature    host svga.sm41 bool 1
2026-07-24T20:35:26.530Z In(05) vmx SVGAFeature    host svga.multisample2x bool 1
2026-07-24T20:35:26.530Z In(05) vmx SVGAFeature    host svga.multisample4x bool 1
2026-07-24T20:35:26.530Z In(05) vmx SVGAFeature    host svga.msFullQuality bool 1
2026-07-24T20:35:26.530Z In(05) vmx SVGAFeature    host svga.logicOps bool 1
2026-07-24T20:35:26.530Z In(05) vmx SVGAFeature    host svga.bc67 num 9
2026-07-24T20:35:26.530Z In(05) vmx SVGAFeature    host svga.sm5 bool 1
2026-07-24T20:35:26.530Z In(05) vmx SVGAFeature    host svga.multisample8x bool 1
2026-07-24T20:35:26.530Z In(05) vmx SVGAFeature    host svga.logicBlendOps bool 1
2026-07-24T20:35:26.530Z In(05) vmx SVGAFeature    host svga.maxForcedSampleCount num 16
2026-07-24T20:35:26.530Z In(05) vmx SVGAFeature    host svga.gl43 bool 0
2026-07-24T20:35:26.530Z In(05) vmx SVGAFeature evcHost id: 0
2026-07-24T20:35:26.530Z In(05) vmx SVGAFeature evcHost svga.supports3D bool 1
2026-07-24T20:35:26.530Z In(05) vmx SVGAFeature evcHost svga.baseCapsLevel num 9
2026-07-24T20:35:26.531Z In(05) vmx SVGAFeature evcHost svga.maxPointSize num 1
2026-07-24T20:35:26.531Z In(05) vmx SVGAFeature evcHost svga.maxTextureSize num 16384
2026-07-24T20:35:26.531Z In(05) vmx SVGAFeature evcHost svga.maxVolumeExtent num 2048
2026-07-24T20:35:26.531Z In(05) vmx SVGAFeature evcHost svga.maxTextureAnisotropy num 16
2026-07-24T20:35:26.531Z In(05) vmx SVGAFeature evcHost svga.lineStipple bool 0
2026-07-24T20:35:26.531Z In(05) vmx SVGAFeature evcHost svga.dxMaxConstantBuffers num 14
2026-07-24T20:35:26.531Z In(05) vmx SVGAFeature evcHost svga.dxProvokingVertex bool 0
2026-07-24T20:35:26.531Z In(05) vmx SVGAFeature evcHost svga.sm41 bool 1
2026-07-24T20:35:26.531Z In(05) vmx SVGAFeature evcHost svga.multisample2x bool 1
2026-07-24T20:35:26.531Z In(05) vmx SVGAFeature evcHost svga.multisample4x bool 1
2026-07-24T20:35:26.531Z In(05) vmx SVGAFeature evcHost svga.msFullQuality bool 1
2026-07-24T20:35:26.531Z In(05) vmx SVGAFeature evcHost svga.logicOps bool 1
2026-07-24T20:35:26.531Z In(05) vmx SVGAFeature evcHost svga.bc67 num 9
2026-07-24T20:35:26.531Z In(05) vmx SVGAFeature evcHost svga.sm5 bool 1
2026-07-24T20:35:26.531Z In(05) vmx SVGAFeature evcHost svga.multisample8x bool 1
2026-07-24T20:35:26.531Z In(05) vmx SVGAFeature evcHost svga.logicBlendOps bool 1
2026-07-24T20:35:26.531Z In(05) vmx SVGAFeature evcHost svga.maxForcedSampleCount num 16
2026-07-24T20:35:26.531Z In(05) vmx SVGAFeature evcHost svga.gl43 bool 0
2026-07-24T20:35:26.531Z In(05) vmx SVGA3dClamp: Renderer Provides     BC67Level:     9 (    9,     9)
2026-07-24T20:35:26.531Z In(05) vmx SVGA3dClamp: Renderer Provides BaseCapsLevel:     9 (    9,     9)
2026-07-24T20:35:26.531Z In(05) vmx SVGA3dClamp: Renderer Provides    ClampLevel:     0 (    0,    10)
2026-07-24T20:35:26.531Z In(05) vmx SVGA3dCaps: host, at power on (3d enabled)
2026-07-24T20:35:26.531Z In(05) vmx   cap[  0]: 0x00000001 (3D)
2026-07-24T20:35:26.531Z In(05) vmx   cap[  1]: 0x00000008 (MAX_LIGHTS)
2026-07-24T20:35:26.531Z In(05) vmx   cap[  2]: 0x00000008 (MAX_TEXTURES)
2026-07-24T20:35:26.531Z In(05) vmx   cap[  3]: 0x00000008 (MAX_CLIP_PLANES)
2026-07-24T20:35:26.531Z In(05) vmx   cap[  4]: 0x00000007 (VERTEX_SHADER_VERSION)
2026-07-24T20:35:26.531Z In(05) vmx   cap[  5]: 0x00000001 (VERTEX_SHADER)
2026-07-24T20:35:26.531Z In(05) vmx   cap[  6]: 0x0000000d (FRAGMENT_SHADER_VERSION)
2026-07-24T20:35:26.531Z In(05) vmx   cap[  7]: 0x00000001 (FRAGMENT_SHADER)
2026-07-24T20:35:26.531Z In(05) vmx   cap[  8]: 0x00000008 (MAX_RENDER_TARGETS)
2026-07-24T20:35:26.531Z In(05) vmx   cap[  9]: 0x00000001 (S23E8_TEXTURES)
2026-07-24T20:35:26.531Z In(05) vmx   cap[ 10]: 0x00000001 (S10E5_TEXTURES)
2026-07-24T20:35:26.531Z In(05) vmx   cap[ 11]: 0x00000004 (MAX_FIXED_VERTEXBLEND)
2026-07-24T20:35:26.531Z In(05) vmx   cap[ 12]: 0x00000001 (D16_BUFFER_FORMAT)
2026-07-24T20:35:26.531Z In(05) vmx   cap[ 13]: 0x00000001 (D24S8_BUFFER_FORMAT)
2026-07-24T20:35:26.531Z In(05) vmx   cap[ 14]: 0x00000001 (D24X8_BUFFER_FORMAT)
2026-07-24T20:35:26.531Z In(05) vmx   cap[ 15]: 0x00000001 (QUERY_TYPES)
2026-07-24T20:35:26.531Z In(05) vmx   cap[ 16]: 0x00000001 (TEXTURE_GRADIENT_SAMPLING)
2026-07-24T20:35:26.531Z In(05) vmx   cap[ 17]:   1.000000 (MAX_POINT_SIZE)
2026-07-24T20:35:26.531Z In(05) vmx   cap[ 18]: 0x00000014 (MAX_SHADER_TEXTURES)
2026-07-24T20:35:26.531Z In(05) vmx   cap[ 19]: 0x00004000 (MAX_TEXTURE_WIDTH)
2026-07-24T20:35:26.531Z In(05) vmx   cap[ 20]: 0x00004000 (MAX_TEXTURE_HEIGHT)
2026-07-24T20:35:26.531Z In(05) vmx   cap[ 21]: 0x00000800 (MAX_VOLUME_EXTENT)
2026-07-24T20:35:26.531Z In(05) vmx   cap[ 22]: 0x00004000 (MAX_TEXTURE_REPEAT)
2026-07-24T20:35:26.531Z In(05) vmx   cap[ 23]: 0x00004000 (MAX_TEXTURE_ASPECT_RATIO)
2026-07-24T20:35:26.531Z In(05) vmx   cap[ 24]: 0x00000010 (MAX_TEXTURE_ANISOTROPY)
2026-07-24T20:35:26.531Z In(05) vmx   cap[ 25]: 0x001fffff (MAX_PRIMITIVE_COUNT)
2026-07-24T20:35:26.531Z In(05) vmx   cap[ 26]: 0x000fffff (MAX_VERTEX_INDEX)
2026-07-24T20:35:26.531Z In(05) vmx   cap[ 27]: 0x0000ffff (MAX_VERTEX_SHADER_INSTRUCTIONS)
2026-07-24T20:35:26.531Z In(05) vmx   cap[ 28]: 0x0000ffff (MAX_FRAGMENT_SHADER_INSTRUCTIONS)
2026-07-24T20:35:26.531Z In(05) vmx   cap[ 29]: 0x00000020 (MAX_VERTEX_SHADER_TEMPS)
2026-07-24T20:35:26.531Z In(05) vmx   cap[ 30]: 0x00000020 (MAX_FRAGMENT_SHADER_TEMPS)
2026-07-24T20:35:26.532Z In(05) vmx   cap[ 31]: 0x03ffffff (TEXTURE_OPS)
2026-07-24T20:35:26.532Z In(05) vmx   cap[ 32]: 0x0018ec1f (SURFACEFMT_X8R8G8B8)
2026-07-24T20:35:26.532Z In(05) vmx   cap[ 33]: 0x0018e11f (SURFACEFMT_A8R8G8B8)
2026-07-24T20:35:26.532Z In(05) vmx   cap[ 34]: 0x0008601f (SURFACEFMT_A2R10G10B10)
2026-07-24T20:35:26.532Z In(05) vmx   cap[ 35]: 0x0008601f (SURFACEFMT_X1R5G5B5)
2026-07-24T20:35:26.532Z In(05) vmx   cap[ 36]: 0x0008611f (SURFACEFMT_A1R5G5B5)
2026-07-24T20:35:26.532Z In(05) vmx   cap[ 37]: 0x0000611f (SURFACEFMT_A4R4G4B4)
2026-07-24T20:35:26.532Z In(05) vmx   cap[ 38]: 0x0018ec1f (SURFACEFMT_R5G6B5)
2026-07-24T20:35:26.532Z In(05) vmx   cap[ 39]: 0x0000601f (SURFACEFMT_LUMINANCE16)
2026-07-24T20:35:26.532Z In(05) vmx   cap[ 40]: 0x00006007 (SURFACEFMT_LUMINANCE8_ALPHA8)
2026-07-24T20:35:26.532Z In(05) vmx   cap[ 41]: 0x0000601f (SURFACEFMT_ALPHA8)
2026-07-24T20:35:26.532Z In(05) vmx   cap[ 42]: 0x0000601f (SURFACEFMT_LUMINANCE8)
2026-07-24T20:35:26.532Z In(05) vmx   cap[ 43]: 0x000040c5 (SURFACEFMT_Z_D16)
2026-07-24T20:35:26.532Z In(05) vmx   cap[ 44]: 0x000040c5 (SURFACEFMT_Z_D24S8)
2026-07-24T20:35:26.532Z In(05) vmx   cap[ 45]: 0x000040c5 (SURFACEFMT_Z_D24X8)
2026-07-24T20:35:26.532Z In(05) vmx   cap[ 46]: 0x0000e005 (SURFACEFMT_DXT1)
2026-07-24T20:35:26.532Z In(05) vmx   cap[ 47]: 0x0000e005 (SURFACEFMT_DXT2)
2026-07-24T20:35:26.532Z In(05) vmx   cap[ 48]: 0x0000e005 (SURFACEFMT_DXT3)
2026-07-24T20:35:26.532Z In(05) vmx   cap[ 49]: 0x0000e005 (SURFACEFMT_DXT4)
2026-07-24T20:35:26.532Z In(05) vmx   cap[ 50]: 0x0000e005 (SURFACEFMT_DXT5)
2026-07-24T20:35:26.532Z In(05) vmx   cap[ 51]: 0x00014005 (SURFACEFMT_BUMPX8L8V8U8)
2026-07-24T20:35:26.532Z In(05) vmx   cap[ 52]: 0x00014007 (SURFACEFMT_A2W10V10U10)
2026-07-24T20:35:26.532Z In(05) vmx   cap[ 53]: 0x00014007 (SURFACEFMT_BUMPU8V8)
2026-07-24T20:35:26.532Z In(05) vmx   cap[ 54]: 0x00014005 (SURFACEFMT_Q8W8V8U8)
2026-07-24T20:35:26.532Z In(05) vmx   cap[ 55]: 0x00014001 (SURFACEFMT_CxV8U8)
2026-07-24T20:35:26.532Z In(05) vmx   cap[ 56]: 0x0080601f (SURFACEFMT_R_S10E5)
2026-07-24T20:35:26.532Z In(05) vmx   cap[ 57]: 0x0080601f (SURFACEFMT_R_S23E8)
2026-07-24T20:35:26.532Z In(05) vmx   cap[ 58]: 0x0080601f (SURFACEFMT_RG_S10E5)
2026-07-24T20:35:26.532Z In(05) vmx   cap[ 59]: 0x0080601f (SURFACEFMT_RG_S23E8)
2026-07-24T20:35:26.532Z In(05) vmx   cap[ 60]: 0x0080601f (SURFACEFMT_ARGB_S10E5)
2026-07-24T20:35:26.532Z In(05) vmx   cap[ 61]: 0x0080601f (SURFACEFMT_ARGB_S23E8)
2026-07-24T20:35:26.532Z In(05) vmx   cap[ 62]: 0x00000000 (MISSING62)
2026-07-24T20:35:26.532Z In(05) vmx   cap[ 63]: 0x00000004 (MAX_VERTEX_SHADER_TEXTURES)
2026-07-24T20:35:26.532Z In(05) vmx   cap[ 64]: 0x00000008 (MAX_SIMULTANEOUS_RENDER_TARGETS)
2026-07-24T20:35:26.532Z In(05) vmx   cap[ 65]: 0x00014007 (SURFACEFMT_V16U16)
2026-07-24T20:35:26.532Z In(05) vmx   cap[ 66]: 0x0000601f (SURFACEFMT_G16R16)
2026-07-24T20:35:26.532Z In(05) vmx   cap[ 67]: 0x0000601f (SURFACEFMT_A16B16G16R16)
2026-07-24T20:35:26.532Z In(05) vmx   cap[ 68]: 0x01246000 (SURFACEFMT_UYVY)
2026-07-24T20:35:26.532Z In(05) vmx   cap[ 69]: 0x01246000 (SURFACEFMT_YUY2)
2026-07-24T20:35:26.532Z In(05) vmx   cap[ 70]: 0x00000000 (DEAD4)
2026-07-24T20:35:26.532Z In(05) vmx   cap[ 71]: 0x00000000 (DEAD5)
2026-07-24T20:35:26.532Z In(05) vmx   cap[ 72]: 0x00000000 (DEAD7)
2026-07-24T20:35:26.532Z In(05) vmx   cap[ 73]: 0x00000000 (DEAD6)
2026-07-24T20:35:26.532Z In(05) vmx   cap[ 74]: 0x00000001 (AUTOGENMIPMAPS)
2026-07-24T20:35:26.532Z In(05) vmx   cap[ 75]: 0x01246000 (SURFACEFMT_NV12)
2026-07-24T20:35:26.532Z In(05) vmx   cap[ 76]: 0x00000000 (DEAD10)
2026-07-24T20:35:26.532Z In(05) vmx   cap[ 77]: 0x00000100 (MAX_CONTEXT_IDS)
2026-07-24T20:35:26.532Z In(05) vmx   cap[ 78]: 0x00008000 (MAX_SURFACE_IDS)
2026-07-24T20:35:26.532Z In(05) vmx   cap[ 79]: 0x000040c5 (SURFACEFMT_Z_DF16)
2026-07-24T20:35:26.532Z In(05) vmx   cap[ 80]: 0x000040c5 (SURFACEFMT_Z_DF24)
2026-07-24T20:35:26.532Z In(05) vmx   cap[ 81]: 0x000040c5 (SURFACEFMT_Z_D24S8_INT)
2026-07-24T20:35:26.532Z In(05) vmx   cap[ 82]: 0x00006005 (SURFACEFMT_ATI1)
2026-07-24T20:35:26.532Z In(05) vmx   cap[ 83]: 0x00006005 (SURFACEFMT_ATI2)
2026-07-24T20:35:26.532Z In(05) vmx   cap[ 84]: 0x00000000 (DEAD1)
2026-07-24T20:35:26.532Z In(05) vmx   cap[ 85]: 0x00000000 (DEAD8)
2026-07-24T20:35:26.532Z In(05) vmx   cap[ 86]: 0x00000000 (DEAD9)
2026-07-24T20:35:26.532Z In(05) vmx   cap[ 87]: 0x00000001 (LINE_AA)
2026-07-24T20:35:26.532Z In(05) vmx   cap[ 88]: 0x00000000 (LINE_STIPPLE)
2026-07-24T20:35:26.532Z In(05) vmx   cap[ 89]:  10.000000 (MAX_LINE_WIDTH)
2026-07-24T20:35:26.532Z In(05) vmx   cap[ 90]:  10.000000 (MAX_AA_LINE_WIDTH)
2026-07-24T20:35:26.532Z In(05) vmx   cap[ 91]: 0x01246000 (SURFACEFMT_YV12)
2026-07-24T20:35:26.532Z In(05) vmx   cap[ 92]: 0x00000000 (DEAD3)
2026-07-24T20:35:26.532Z In(05) vmx   cap[ 93]: 0x00000001 (TS_COLOR_KEY)
2026-07-24T20:35:26.532Z In(05) vmx   cap[ 94]: 0x00000000 (DEAD2)
2026-07-24T20:35:26.532Z In(05) vmx   cap[ 95]: 0x00000001 (DXCONTEXT)
2026-07-24T20:35:26.532Z In(05) vmx   cap[ 96]: 0x00000000 (DEAD11)
2026-07-24T20:35:26.532Z In(05) vmx   cap[ 97]: 0x00000010 (DX_MAX_VERTEXBUFFERS)
2026-07-24T20:35:26.532Z In(05) vmx   cap[ 98]: 0x0000000e (DX_MAX_CONSTANT_BUFFERS)
2026-07-24T20:35:26.532Z In(05) vmx   cap[ 99]: 0x00000000 (DX_PROVOKING_VERTEX)
2026-07-24T20:35:26.532Z In(05) vmx   cap[100]: 0x000002f7 (DXFMT_X8R8G8B8)
2026-07-24T20:35:26.532Z In(05) vmx   cap[101]: 0x000003f7 (DXFMT_A8R8G8B8)
2026-07-24T20:35:26.532Z In(05) vmx   cap[102]: 0x000002f7 (DXFMT_R5G6B5)
2026-07-24T20:35:26.532Z In(05) vmx   cap[103]: 0x000000f7 (DXFMT_X1R5G5B5)
2026-07-24T20:35:26.532Z In(05) vmx   cap[104]: 0x000000f7 (DXFMT_A1R5G5B5)
2026-07-24T20:35:26.532Z In(05) vmx   cap[105]: 0x000000f7 (DXFMT_A4R4G4B4)
2026-07-24T20:35:26.532Z In(05) vmx   cap[106]: 0x00000009 (DXFMT_Z_D32)
2026-07-24T20:35:26.532Z In(05) vmx   cap[107]: 0x0000026b (DXFMT_Z_D16)
2026-07-24T20:35:26.532Z In(05) vmx   cap[108]: 0x0000026b (DXFMT_Z_D24S8)
2026-07-24T20:35:26.532Z In(05) vmx   cap[109]: 0x0000000b (DXFMT_Z_D15S1)
2026-07-24T20:35:26.532Z In(05) vmx   cap[110]: 0x000000f7 (DXFMT_LUMINANCE8)
2026-07-24T20:35:26.532Z In(05) vmx   cap[111]: 0x000000e3 (DXFMT_LUMINANCE4_ALPHA4)
2026-07-24T20:35:26.532Z In(05) vmx   cap[112]: 0x000000f7 (DXFMT_LUMINANCE16)
2026-07-24T20:35:26.532Z In(05) vmx   cap[113]: 0x000000e3 (DXFMT_LUMINANCE8_ALPHA8)
2026-07-24T20:35:26.533Z In(05) vmx   cap[114]: 0x00000063 (DXFMT_DXT1)
2026-07-24T20:35:26.533Z In(05) vmx   cap[115]: 0x00000063 (DXFMT_DXT2)
2026-07-24T20:35:26.533Z In(05) vmx   cap[116]: 0x00000063 (DXFMT_DXT3)
2026-07-24T20:35:26.533Z In(05) vmx   cap[117]: 0x00000063 (DXFMT_DXT4)
2026-07-24T20:35:26.533Z In(05) vmx   cap[118]: 0x00000063 (DXFMT_DXT5)
2026-07-24T20:35:26.533Z In(05) vmx   cap[119]: 0x000000e3 (DXFMT_BUMPU8V8)
2026-07-24T20:35:26.533Z In(05) vmx   cap[120]: 0x00000000 (DXFMT_BUMPL6V5U5)
2026-07-24T20:35:26.533Z In(05) vmx   cap[121]: 0x00000063 (DXFMT_BUMPX8L8V8U8)
2026-07-24T20:35:26.533Z In(05) vmx   cap[122]: 0x00000000 (DXFMT_FORMAT_DEAD1)
2026-07-24T20:35:26.533Z In(05) vmx   cap[123]: 0x000003f7 (DXFMT_ARGB_S10E5)
2026-07-24T20:35:26.533Z In(05) vmx   cap[124]: 0x000003f7 (DXFMT_ARGB_S23E8)
2026-07-24T20:35:26.533Z In(05) vmx   cap[125]: 0x000003f7 (DXFMT_A2R10G10B10)
2026-07-24T20:35:26.533Z In(05) vmx   cap[126]: 0x000000e3 (DXFMT_V8U8)
2026-07-24T20:35:26.533Z In(05) vmx   cap[127]: 0x00000063 (DXFMT_Q8W8V8U8)
2026-07-24T20:35:26.533Z In(05) vmx   cap[128]: 0x00000063 (DXFMT_CxV8U8)
2026-07-24T20:35:26.533Z In(05) vmx   cap[129]: 0x000000e3 (DXFMT_X8L8V8U8)
2026-07-24T20:35:26.533Z In(05) vmx   cap[130]: 0x000000e3 (DXFMT_A2W10V10U10)
2026-07-24T20:35:26.533Z In(05) vmx   cap[131]: 0x000000f7 (DXFMT_ALPHA8)
2026-07-24T20:35:26.533Z In(05) vmx   cap[132]: 0x000003f7 (DXFMT_R_S10E5)
2026-07-24T20:35:26.533Z In(05) vmx   cap[133]: 0x000003f7 (DXFMT_R_S23E8)
2026-07-24T20:35:26.533Z In(05) vmx   cap[134]: 0x000003f7 (DXFMT_RG_S10E5)
2026-07-24T20:35:26.533Z In(05) vmx   cap[135]: 0x000003f7 (DXFMT_RG_S23E8)
2026-07-24T20:35:26.533Z In(05) vmx   cap[136]: 0x00000001 (DXFMT_BUFFER)
2026-07-24T20:35:26.533Z In(05) vmx   cap[137]: 0x0000026b (DXFMT_Z_D24X8)
2026-07-24T20:35:26.533Z In(05) vmx   cap[138]: 0x000001e3 (DXFMT_V16U16)
2026-07-24T20:35:26.533Z In(05) vmx   cap[139]: 0x000003f7 (DXFMT_G16R16)
2026-07-24T20:35:26.533Z In(05) vmx   cap[140]: 0x000001f7 (DXFMT_A16B16G16R16)
2026-07-24T20:35:26.533Z In(05) vmx   cap[141]: 0x00000001 (DXFMT_UYVY)
2026-07-24T20:35:26.533Z In(05) vmx   cap[142]: 0x00000041 (DXFMT_YUY2)
2026-07-24T20:35:26.533Z In(05) vmx   cap[143]: 0x00000041 (DXFMT_NV12)
2026-07-24T20:35:26.533Z In(05) vmx   cap[144]: 0x00000000 (DXFMT_FORMAT_DEAD2)
2026-07-24T20:35:26.533Z In(05) vmx   cap[145]: 0x000002e1 (DXFMT_R32G32B32A32_TYPELESS)
2026-07-24T20:35:26.533Z In(05) vmx   cap[146]: 0x000003e7 (DXFMT_R32G32B32A32_UINT)
2026-07-24T20:35:26.533Z In(05) vmx   cap[147]: 0x000003e7 (DXFMT_R32G32B32A32_SINT)
2026-07-24T20:35:26.533Z In(05) vmx   cap[148]: 0x000000e1 (DXFMT_R32G32B32_TYPELESS)
2026-07-24T20:35:26.533Z In(05) vmx   cap[149]: 0x000001e3 (DXFMT_R32G32B32_FLOAT)
2026-07-24T20:35:26.533Z In(05) vmx   cap[150]: 0x000001e3 (DXFMT_R32G32B32_UINT)
2026-07-24T20:35:26.533Z In(05) vmx   cap[151]: 0x000001e3 (DXFMT_R32G32B32_SINT)
2026-07-24T20:35:26.533Z In(05) vmx   cap[152]: 0x000002e1 (DXFMT_R16G16B16A16_TYPELESS)
2026-07-24T20:35:26.533Z In(05) vmx   cap[153]: 0x000003e7 (DXFMT_R16G16B16A16_UINT)
2026-07-24T20:35:26.533Z In(05) vmx   cap[154]: 0x000003f7 (DXFMT_R16G16B16A16_SNORM)
2026-07-24T20:35:26.533Z In(05) vmx   cap[155]: 0x000003e7 (DXFMT_R16G16B16A16_SINT)
2026-07-24T20:35:26.533Z In(05) vmx   cap[156]: 0x000002e1 (DXFMT_R32G32_TYPELESS)
2026-07-24T20:35:26.533Z In(05) vmx   cap[157]: 0x000003e7 (DXFMT_R32G32_UINT)
2026-07-24T20:35:26.533Z In(05) vmx   cap[158]: 0x000003e7 (DXFMT_R32G32_SINT)
2026-07-24T20:35:26.533Z In(05) vmx   cap[159]: 0x00000261 (DXFMT_R32G8X24_TYPELESS)
2026-07-24T20:35:26.533Z In(05) vmx   cap[160]: 0x00000269 (DXFMT_D32_FLOAT_S8X24_UINT)
2026-07-24T20:35:26.533Z In(05) vmx   cap[161]: 0x00000063 (DXFMT_R32_FLOAT_X8X24)
2026-07-24T20:35:26.533Z In(05) vmx   cap[162]: 0x00000063 (DXFMT_X32_G8X24_UINT)
2026-07-24T20:35:26.533Z In(05) vmx   cap[163]: 0x000002e1 (DXFMT_R10G10B10A2_TYPELESS)
2026-07-24T20:35:26.533Z In(05) vmx   cap[164]: 0x000003e7 (DXFMT_R10G10B10A2_UINT)
2026-07-24T20:35:26.533Z In(05) vmx   cap[165]: 0x000003f7 (DXFMT_R11G11B10_FLOAT)
2026-07-24T20:35:26.533Z In(05) vmx   cap[166]: 0x000002e1 (DXFMT_R8G8B8A8_TYPELESS)
2026-07-24T20:35:26.533Z In(05) vmx   cap[167]: 0x000003f7 (DXFMT_R8G8B8A8_UNORM)
2026-07-24T20:35:26.533Z In(05) vmx   cap[168]: 0x000002f7 (DXFMT_R8G8B8A8_UNORM_SRGB)
2026-07-24T20:35:26.533Z In(05) vmx   cap[169]: 0x000003e7 (DXFMT_R8G8B8A8_UINT)
2026-07-24T20:35:26.533Z In(05) vmx   cap[170]: 0x000003e7 (DXFMT_R8G8B8A8_SINT)
2026-07-24T20:35:26.533Z In(05) vmx   cap[171]: 0x000002e1 (DXFMT_R16G16_TYPELESS)
2026-07-24T20:35:26.533Z In(05) vmx   cap[172]: 0x000003e7 (DXFMT_R16G16_UINT)
2026-07-24T20:35:26.533Z In(05) vmx   cap[173]: 0x000003e7 (DXFMT_R16G16_SINT)
2026-07-24T20:35:26.533Z In(05) vmx   cap[174]: 0x000002e1 (DXFMT_R32_TYPELESS)
2026-07-24T20:35:26.533Z In(05) vmx   cap[175]: 0x00000269 (DXFMT_D32_FLOAT)
2026-07-24T20:35:26.533Z In(05) vmx   cap[176]: 0x000003e7 (DXFMT_R32_UINT)
2026-07-24T20:35:26.533Z In(05) vmx   cap[177]: 0x000003e7 (DXFMT_R32_SINT)
2026-07-24T20:35:26.533Z In(05) vmx   cap[178]: 0x00000261 (DXFMT_R24G8_TYPELESS)
2026-07-24T20:35:26.533Z In(05) vmx   cap[179]: 0x00000269 (DXFMT_D24_UNORM_S8_UINT)
2026-07-24T20:35:26.533Z In(05) vmx   cap[180]: 0x00000063 (DXFMT_R24_UNORM_X8)
2026-07-24T20:35:26.533Z In(05) vmx   cap[181]: 0x00000063 (DXFMT_X24_G8_UINT)
2026-07-24T20:35:26.533Z In(05) vmx   cap[182]: 0x000002e1 (DXFMT_R8G8_TYPELESS)
2026-07-24T20:35:26.533Z In(05) vmx   cap[183]: 0x000003f7 (DXFMT_R8G8_UNORM)
2026-07-24T20:35:26.533Z In(05) vmx   cap[184]: 0x000003e7 (DXFMT_R8G8_UINT)
2026-07-24T20:35:26.533Z In(05) vmx   cap[185]: 0x000003e7 (DXFMT_R8G8_SINT)
2026-07-24T20:35:26.533Z In(05) vmx   cap[186]: 0x000002e1 (DXFMT_R16_TYPELESS)
2026-07-24T20:35:26.533Z In(05) vmx   cap[187]: 0x000003f7 (DXFMT_R16_UNORM)
2026-07-24T20:35:26.533Z In(05) vmx   cap[188]: 0x000003e7 (DXFMT_R16_UINT)
2026-07-24T20:35:26.533Z In(05) vmx   cap[189]: 0x000003f7 (DXFMT_R16_SNORM)
2026-07-24T20:35:26.533Z In(05) vmx   cap[190]: 0x000003e7 (DXFMT_R16_SINT)
2026-07-24T20:35:26.533Z In(05) vmx   cap[191]: 0x000002e1 (DXFMT_R8_TYPELESS)
2026-07-24T20:35:26.533Z In(05) vmx   cap[192]: 0x000003f7 (DXFMT_R8_UNORM)
2026-07-24T20:35:26.533Z In(05) vmx   cap[193]: 0x000003e7 (DXFMT_R8_UINT)
2026-07-24T20:35:26.534Z In(05) vmx   cap[194]: 0x000003f7 (DXFMT_R8_SNORM)
2026-07-24T20:35:26.534Z In(05) vmx   cap[195]: 0x000003e7 (DXFMT_R8_SINT)
2026-07-24T20:35:26.534Z In(05) vmx   cap[196]: 0x00000001 (DXFMT_P8)
2026-07-24T20:35:26.534Z In(05) vmx   cap[197]: 0x000000e3 (DXFMT_R9G9B9E5_SHAREDEXP)
2026-07-24T20:35:26.534Z In(05) vmx   cap[198]: 0x000000e3 (DXFMT_R8G8_B8G8_UNORM)
2026-07-24T20:35:26.534Z In(05) vmx   cap[199]: 0x000000e3 (DXFMT_G8R8_G8B8_UNORM)
2026-07-24T20:35:26.534Z In(05) vmx   cap[200]: 0x000000e1 (DXFMT_BC1_TYPELESS)
2026-07-24T20:35:26.534Z In(05) vmx   cap[201]: 0x000000e3 (DXFMT_BC1_UNORM_SRGB)
2026-07-24T20:35:26.534Z In(05) vmx   cap[202]: 0x000000e1 (DXFMT_BC2_TYPELESS)
2026-07-24T20:35:26.534Z In(05) vmx   cap[203]: 0x000000e3 (DXFMT_BC2_UNORM_SRGB)
2026-07-24T20:35:26.534Z In(05) vmx   cap[204]: 0x000000e1 (DXFMT_BC3_TYPELESS)
2026-07-24T20:35:26.534Z In(05) vmx   cap[205]: 0x000000e3 (DXFMT_BC3_UNORM_SRGB)
2026-07-24T20:35:26.534Z In(05) vmx   cap[206]: 0x000000e1 (DXFMT_BC4_TYPELESS)
2026-07-24T20:35:26.534Z In(05) vmx   cap[207]: 0x00000063 (DXFMT_ATI1)
2026-07-24T20:35:26.534Z In(05) vmx   cap[208]: 0x000000e3 (DXFMT_BC4_SNORM)
2026-07-24T20:35:26.534Z In(05) vmx   cap[209]: 0x000000e1 (DXFMT_BC5_TYPELESS)
2026-07-24T20:35:26.534Z In(05) vmx   cap[210]: 0x00000063 (DXFMT_ATI2)
2026-07-24T20:35:26.534Z In(05) vmx   cap[211]: 0x000000e3 (DXFMT_BC5_SNORM)
2026-07-24T20:35:26.534Z In(05) vmx   cap[212]: 0x00000045 (DXFMT_R10G10B10_XR_BIAS_A2_UNORM)
2026-07-24T20:35:26.534Z In(05) vmx   cap[213]: 0x000002e1 (DXFMT_B8G8R8A8_TYPELESS)
2026-07-24T20:35:26.534Z In(05) vmx   cap[214]: 0x000002f7 (DXFMT_B8G8R8A8_UNORM_SRGB)
2026-07-24T20:35:26.534Z In(05) vmx   cap[215]: 0x000002e1 (DXFMT_B8G8R8X8_TYPELESS)
2026-07-24T20:35:26.534Z In(05) vmx   cap[216]: 0x000002f7 (DXFMT_B8G8R8X8_UNORM_SRGB)
2026-07-24T20:35:26.534Z In(05) vmx   cap[217]: 0x0000006b (DXFMT_Z_DF16)
2026-07-24T20:35:26.534Z In(05) vmx   cap[218]: 0x0000006b (DXFMT_Z_DF24)
2026-07-24T20:35:26.534Z In(05) vmx   cap[219]: 0x0000006b (DXFMT_Z_D24S8_INT)
2026-07-24T20:35:26.534Z In(05) vmx   cap[220]: 0x00000001 (DXFMT_YV12)
2026-07-24T20:35:26.534Z In(05) vmx   cap[221]: 0x000003f7 (DXFMT_R32G32B32A32_FLOAT)
2026-07-24T20:35:26.534Z In(05) vmx   cap[222]: 0x000003f7 (DXFMT_R16G16B16A16_FLOAT)
2026-07-24T20:35:26.534Z In(05) vmx   cap[223]: 0x000003f7 (DXFMT_R16G16B16A16_UNORM)
2026-07-24T20:35:26.534Z In(05) vmx   cap[224]: 0x000003f7 (DXFMT_R32G32_FLOAT)
2026-07-24T20:35:26.534Z In(05) vmx   cap[225]: 0x000003f7 (DXFMT_R10G10B10A2_UNORM)
2026-07-24T20:35:26.534Z In(05) vmx   cap[226]: 0x000003f7 (DXFMT_R8G8B8A8_SNORM)
2026-07-24T20:35:26.534Z In(05) vmx   cap[227]: 0x000003f7 (DXFMT_R16G16_FLOAT)
2026-07-24T20:35:26.534Z In(05) vmx   cap[228]: 0x000003f7 (DXFMT_R16G16_UNORM)
2026-07-24T20:35:26.534Z In(05) vmx   cap[229]: 0x000003f7 (DXFMT_R16G16_SNORM)
2026-07-24T20:35:26.534Z In(05) vmx   cap[230]: 0x000003f7 (DXFMT_R32_FLOAT)
2026-07-24T20:35:26.534Z In(05) vmx   cap[231]: 0x000003f7 (DXFMT_R8G8_SNORM)
2026-07-24T20:35:26.534Z In(05) vmx   cap[232]: 0x000003f7 (DXFMT_R16_FLOAT)
2026-07-24T20:35:26.534Z In(05) vmx   cap[233]: 0x00000269 (DXFMT_D16_UNORM)
2026-07-24T20:35:26.534Z In(05) vmx   cap[234]: 0x000002f7 (DXFMT_A8_UNORM)
2026-07-24T20:35:26.534Z In(05) vmx   cap[235]: 0x000000e3 (DXFMT_BC1_UNORM)
2026-07-24T20:35:26.534Z In(05) vmx   cap[236]: 0x000000e3 (DXFMT_BC2_UNORM)
2026-07-24T20:35:26.534Z In(05) vmx   cap[237]: 0x000000e3 (DXFMT_BC3_UNORM)
2026-07-24T20:35:26.534Z In(05) vmx   cap[238]: 0x000002f7 (DXFMT_B5G6R5_UNORM)
2026-07-24T20:35:26.534Z In(05) vmx   cap[239]: 0x000002f7 (DXFMT_B5G5R5A1_UNORM)
2026-07-24T20:35:26.534Z In(05) vmx   cap[240]: 0x000003f7 (DXFMT_B8G8R8A8_UNORM)
2026-07-24T20:35:26.534Z In(05) vmx   cap[241]: 0x000003f7 (DXFMT_B8G8R8X8_UNORM)
2026-07-24T20:35:26.534Z In(05) vmx   cap[242]: 0x000000e3 (DXFMT_BC4_UNORM)
2026-07-24T20:35:26.534Z In(05) vmx   cap[243]: 0x000000e3 (DXFMT_BC5_UNORM)
2026-07-24T20:35:26.534Z In(05) vmx   cap[244]: 0x00000001 (SM41)
2026-07-24T20:35:26.535Z In(05) vmx   cap[245]: 0x00000001 (MULTISAMPLE_2X)
2026-07-24T20:35:26.535Z In(05) vmx   cap[246]: 0x00000001 (MULTISAMPLE_4X)
2026-07-24T20:35:26.535Z In(05) vmx   cap[247]: 0x00000001 (MS_FULL_QUALITY)
2026-07-24T20:35:26.535Z In(05) vmx   cap[248]: 0x00000001 (LOGICOPS)
2026-07-24T20:35:26.535Z In(05) vmx   cap[249]: 0x00000001 (LOGIC_BLENDOPS)
2026-07-24T20:35:26.535Z In(05) vmx   cap[250]: 0x00000000 (DEAD12)
2026-07-24T20:35:26.535Z In(05) vmx   cap[251]: 0x000000e1 (DXFMT_BC6H_TYPELESS)
2026-07-24T20:35:26.535Z In(05) vmx   cap[252]: 0x000000e3 (DXFMT_BC6H_UF16)
2026-07-24T20:35:26.535Z In(05) vmx   cap[253]: 0x000000e3 (DXFMT_BC6H_SF16)
2026-07-24T20:35:26.535Z In(05) vmx   cap[254]: 0x000000e1 (DXFMT_BC7_TYPELESS)
2026-07-24T20:35:26.535Z In(05) vmx   cap[255]: 0x000000e3 (DXFMT_BC7_UNORM)
2026-07-24T20:35:26.535Z In(05) vmx   cap[256]: 0x000000e3 (DXFMT_BC7_UNORM_SRGB)
2026-07-24T20:35:26.535Z In(05) vmx   cap[257]: 0x00000000 (DEAD13)
2026-07-24T20:35:26.535Z In(05) vmx   cap[258]: 0x00000001 (SM5)
2026-07-24T20:35:26.535Z In(05) vmx   cap[259]: 0x00000001 (MULTISAMPLE_8X)
2026-07-24T20:35:26.535Z In(05) vmx   cap[260]: 0x00000010 (MAX_FORCED_SAMPLE_COUNT)
2026-07-24T20:35:26.535Z In(05) vmx   cap[261]: 0x00000000 (GL43)
2026-07-24T20:35:26.535Z In(05) vmx SVGA3dClamp:     Host Provides     BC67Level:     9 (    9,     9)
2026-07-24T20:35:26.535Z In(05) vmx SVGA3dClamp:     Host Provides BaseCapsLevel:     9 (    9,     9)
2026-07-24T20:35:26.535Z In(05) vmx SVGA3dClamp:     Host Provides    ClampLevel:     0 (    0,    10)
2026-07-24T20:35:26.535Z No(00) vmx ConfigDB: Setting vmotion.svga.supports3D = "1"
2026-07-24T20:35:26.535Z No(00) vmx ConfigDB: Setting vmotion.svga.baseCapsLevel = "9"
2026-07-24T20:35:26.535Z No(00) vmx ConfigDB: Setting vmotion.svga.maxPointSize = "1"
2026-07-24T20:35:26.535Z No(00) vmx ConfigDB: Setting vmotion.svga.maxTextureSize = "16384"
2026-07-24T20:35:26.535Z No(00) vmx ConfigDB: Setting vmotion.svga.maxVolumeExtent = "2048"
2026-07-24T20:35:26.535Z No(00) vmx ConfigDB: Setting vmotion.svga.maxTextureAnisotropy = "16"
2026-07-24T20:35:26.535Z No(00) vmx ConfigDB: Setting vmotion.svga.lineStipple = "0"
2026-07-24T20:35:26.535Z No(00) vmx ConfigDB: Setting vmotion.svga.dxMaxConstantBuffers = "14"
2026-07-24T20:35:26.535Z No(00) vmx ConfigDB: Setting vmotion.svga.dxProvokingVertex = "0"
2026-07-24T20:35:26.535Z No(00) vmx ConfigDB: Setting vmotion.svga.sm41 = "1"
2026-07-24T20:35:26.535Z No(00) vmx ConfigDB: Setting vmotion.svga.multisample2x = "1"
2026-07-24T20:35:26.535Z No(00) vmx ConfigDB: Setting vmotion.svga.multisample4x = "1"
2026-07-24T20:35:26.535Z No(00) vmx ConfigDB: Setting vmotion.svga.msFullQuality = "1"
2026-07-24T20:35:26.535Z No(00) vmx ConfigDB: Setting vmotion.svga.logicOps = "1"
2026-07-24T20:35:26.535Z No(00) vmx ConfigDB: Setting vmotion.svga.bc67 = "9"
2026-07-24T20:35:26.535Z No(00) vmx ConfigDB: Setting vmotion.svga.sm5 = "1"
2026-07-24T20:35:26.535Z No(00) vmx ConfigDB: Setting vmotion.svga.multisample8x = "1"
2026-07-24T20:35:26.535Z No(00) vmx ConfigDB: Setting vmotion.svga.logicBlendOps = "1"
2026-07-24T20:35:26.535Z No(00) vmx ConfigDB: Setting vmotion.svga.maxForcedSampleCount = "16"
2026-07-24T20:35:26.535Z No(00) vmx ConfigDB: Setting vmotion.svga.gl43 = "0"
2026-07-24T20:35:26.535Z In(05) vmx SVGA3dCaps: guest, compatibility level: 10
2026-07-24T20:35:26.535Z In(05) vmx   cap[  0]: 0x00000001 (3D)
2026-07-24T20:35:26.535Z In(05) vmx   cap[  1]: 0x00000008 (MAX_LIGHTS)
2026-07-24T20:35:26.535Z In(05) vmx   cap[  2]: 0x00000008 (MAX_TEXTURES)
2026-07-24T20:35:26.535Z In(05) vmx   cap[  3]: 0x00000008 (MAX_CLIP_PLANES)
2026-07-24T20:35:26.535Z In(05) vmx   cap[  4]: 0x00000007 (VERTEX_SHADER_VERSION)
2026-07-24T20:35:26.535Z In(05) vmx   cap[  5]: 0x00000001 (VERTEX_SHADER)
2026-07-24T20:35:26.535Z In(05) vmx   cap[  6]: 0x0000000d (FRAGMENT_SHADER_VERSION)
2026-07-24T20:35:26.535Z In(05) vmx   cap[  7]: 0x00000001 (FRAGMENT_SHADER)
2026-07-24T20:35:26.535Z In(05) vmx   cap[  8]: 0x00000008 (MAX_RENDER_TARGETS)
2026-07-24T20:35:26.535Z In(05) vmx   cap[  9]: 0x00000001 (S23E8_TEXTURES)
2026-07-24T20:35:26.535Z In(05) vmx   cap[ 10]: 0x00000001 (S10E5_TEXTURES)
2026-07-24T20:35:26.535Z In(05) vmx   cap[ 11]: 0x00000004 (MAX_FIXED_VERTEXBLEND)
2026-07-24T20:35:26.535Z In(05) vmx   cap[ 12]: 0x00000001 (D16_BUFFER_FORMAT)
2026-07-24T20:35:26.535Z In(05) vmx   cap[ 13]: 0x00000001 (D24S8_BUFFER_FORMAT)
2026-07-24T20:35:26.535Z In(05) vmx   cap[ 14]: 0x00000001 (D24X8_BUFFER_FORMAT)
2026-07-24T20:35:26.535Z In(05) vmx   cap[ 15]: 0x00000001 (QUERY_TYPES)
2026-07-24T20:35:26.535Z In(05) vmx   cap[ 16]: 0x00000001 (TEXTURE_GRADIENT_SAMPLING)
2026-07-24T20:35:26.535Z In(05) vmx   cap[ 17]:   1.000000 (MAX_POINT_SIZE)
2026-07-24T20:35:26.535Z In(05) vmx   cap[ 18]: 0x00000014 (MAX_SHADER_TEXTURES)
2026-07-24T20:35:26.535Z In(05) vmx   cap[ 19]: 0x00004000 (MAX_TEXTURE_WIDTH)
2026-07-24T20:35:26.536Z In(05) vmx   cap[ 20]: 0x00004000 (MAX_TEXTURE_HEIGHT)
2026-07-24T20:35:26.536Z In(05) vmx   cap[ 21]: 0x00000800 (MAX_VOLUME_EXTENT)
2026-07-24T20:35:26.536Z In(05) vmx   cap[ 22]: 0x00004000 (MAX_TEXTURE_REPEAT)
2026-07-24T20:35:26.536Z In(05) vmx   cap[ 23]: 0x00004000 (MAX_TEXTURE_ASPECT_RATIO)
2026-07-24T20:35:26.536Z In(05) vmx   cap[ 24]: 0x00000010 (MAX_TEXTURE_ANISOTROPY)
2026-07-24T20:35:26.536Z In(05) vmx   cap[ 25]: 0x001fffff (MAX_PRIMITIVE_COUNT)
2026-07-24T20:35:26.536Z In(05) vmx   cap[ 26]: 0x000fffff (MAX_VERTEX_INDEX)
2026-07-24T20:35:26.536Z In(05) vmx   cap[ 27]: 0x0000ffff (MAX_VERTEX_SHADER_INSTRUCTIONS)
2026-07-24T20:35:26.536Z In(05) vmx   cap[ 28]: 0x0000ffff (MAX_FRAGMENT_SHADER_INSTRUCTIONS)
2026-07-24T20:35:26.536Z In(05) vmx   cap[ 29]: 0x00000020 (MAX_VERTEX_SHADER_TEMPS)
2026-07-24T20:35:26.536Z In(05) vmx   cap[ 30]: 0x00000020 (MAX_FRAGMENT_SHADER_TEMPS)
2026-07-24T20:35:26.536Z In(05) vmx   cap[ 31]: 0x03ffffff (TEXTURE_OPS)
2026-07-24T20:35:26.536Z In(05) vmx   cap[ 32]: 0x0018ec1f (SURFACEFMT_X8R8G8B8)
2026-07-24T20:35:26.536Z In(05) vmx   cap[ 33]: 0x0018e11f (SURFACEFMT_A8R8G8B8)
2026-07-24T20:35:26.536Z In(05) vmx   cap[ 34]: 0x0008601f (SURFACEFMT_A2R10G10B10)
2026-07-24T20:35:26.536Z In(05) vmx   cap[ 35]: 0x0008601f (SURFACEFMT_X1R5G5B5)
2026-07-24T20:35:26.536Z In(05) vmx   cap[ 36]: 0x0008611f (SURFACEFMT_A1R5G5B5)
2026-07-24T20:35:26.536Z In(05) vmx   cap[ 37]: 0x0000611f (SURFACEFMT_A4R4G4B4)
2026-07-24T20:35:26.536Z In(05) vmx   cap[ 38]: 0x0018ec1f (SURFACEFMT_R5G6B5)
2026-07-24T20:35:26.536Z In(05) vmx   cap[ 39]: 0x0000601f (SURFACEFMT_LUMINANCE16)
2026-07-24T20:35:26.536Z In(05) vmx   cap[ 40]: 0x00006007 (SURFACEFMT_LUMINANCE8_ALPHA8)
2026-07-24T20:35:26.536Z In(05) vmx   cap[ 41]: 0x0000601f (SURFACEFMT_ALPHA8)
2026-07-24T20:35:26.536Z In(05) vmx   cap[ 42]: 0x0000601f (SURFACEFMT_LUMINANCE8)
2026-07-24T20:35:26.536Z In(05) vmx   cap[ 43]: 0x000040c5 (SURFACEFMT_Z_D16)
2026-07-24T20:35:26.536Z In(05) vmx   cap[ 44]: 0x000040c5 (SURFACEFMT_Z_D24S8)
2026-07-24T20:35:26.536Z In(05) vmx   cap[ 45]: 0x000040c5 (SURFACEFMT_Z_D24X8)
2026-07-24T20:35:26.536Z In(05) vmx   cap[ 46]: 0x0000e005 (SURFACEFMT_DXT1)
2026-07-24T20:35:26.536Z In(05) vmx   cap[ 47]: 0x0000e005 (SURFACEFMT_DXT2)
2026-07-24T20:35:26.536Z In(05) vmx   cap[ 48]: 0x0000e005 (SURFACEFMT_DXT3)
2026-07-24T20:35:26.536Z In(05) vmx   cap[ 49]: 0x0000e005 (SURFACEFMT_DXT4)
2026-07-24T20:35:26.536Z In(05) vmx   cap[ 50]: 0x0000e005 (SURFACEFMT_DXT5)
2026-07-24T20:35:26.536Z In(05) vmx   cap[ 51]: 0x00014005 (SURFACEFMT_BUMPX8L8V8U8)
2026-07-24T20:35:26.536Z In(05) vmx   cap[ 52]: 0x00014007 (SURFACEFMT_A2W10V10U10)
2026-07-24T20:35:26.536Z In(05) vmx   cap[ 53]: 0x00014007 (SURFACEFMT_BUMPU8V8)
2026-07-24T20:35:26.536Z In(05) vmx   cap[ 54]: 0x00014005 (SURFACEFMT_Q8W8V8U8)
2026-07-24T20:35:26.536Z In(05) vmx   cap[ 55]: 0x00014001 (SURFACEFMT_CxV8U8)
2026-07-24T20:35:26.536Z In(05) vmx   cap[ 56]: 0x0080601f (SURFACEFMT_R_S10E5)
2026-07-24T20:35:26.536Z In(05) vmx   cap[ 57]: 0x0080601f (SURFACEFMT_R_S23E8)
2026-07-24T20:35:26.536Z In(05) vmx   cap[ 58]: 0x0080601f (SURFACEFMT_RG_S10E5)
2026-07-24T20:35:26.536Z In(05) vmx   cap[ 59]: 0x0080601f (SURFACEFMT_RG_S23E8)
2026-07-24T20:35:26.536Z In(05) vmx   cap[ 60]: 0x0080601f (SURFACEFMT_ARGB_S10E5)
2026-07-24T20:35:26.536Z In(05) vmx   cap[ 61]: 0x0080601f (SURFACEFMT_ARGB_S23E8)
2026-07-24T20:35:26.536Z In(05) vmx   cap[ 62]: 0x00000000 (MISSING62)
2026-07-24T20:35:26.536Z In(05) vmx   cap[ 63]: 0x00000004 (MAX_VERTEX_SHADER_TEXTURES)
2026-07-24T20:35:26.536Z In(05) vmx   cap[ 64]: 0x00000008 (MAX_SIMULTANEOUS_RENDER_TARGETS)
2026-07-24T20:35:26.536Z In(05) vmx   cap[ 65]: 0x00014007 (SURFACEFMT_V16U16)
2026-07-24T20:35:26.536Z In(05) vmx   cap[ 66]: 0x0000601f (SURFACEFMT_G16R16)
2026-07-24T20:35:26.536Z In(05) vmx   cap[ 67]: 0x0000601f (SURFACEFMT_A16B16G16R16)
2026-07-24T20:35:26.536Z In(05) vmx   cap[ 68]: 0x01246000 (SURFACEFMT_UYVY)
2026-07-24T20:35:26.536Z In(05) vmx   cap[ 69]: 0x01246000 (SURFACEFMT_YUY2)
2026-07-24T20:35:26.536Z In(05) vmx   cap[ 70]: 0x00000000 (DEAD4)
2026-07-24T20:35:26.536Z In(05) vmx   cap[ 71]: 0x00000000 (DEAD5)
2026-07-24T20:35:26.536Z In(05) vmx   cap[ 72]: 0x00000000 (DEAD7)
2026-07-24T20:35:26.536Z In(05) vmx   cap[ 73]: 0x00000000 (DEAD6)
2026-07-24T20:35:26.536Z In(05) vmx   cap[ 74]: 0x00000001 (AUTOGENMIPMAPS)
2026-07-24T20:35:26.536Z In(05) vmx   cap[ 75]: 0x01246000 (SURFACEFMT_NV12)
2026-07-24T20:35:26.536Z In(05) vmx   cap[ 76]: 0x00000000 (DEAD10)
2026-07-24T20:35:26.536Z In(05) vmx   cap[ 77]: 0x00000100 (MAX_CONTEXT_IDS)
2026-07-24T20:35:26.536Z In(05) vmx   cap[ 78]: 0x00008000 (MAX_SURFACE_IDS)
2026-07-24T20:35:26.536Z In(05) vmx   cap[ 79]: 0x000040c5 (SURFACEFMT_Z_DF16)
2026-07-24T20:35:26.536Z In(05) vmx   cap[ 80]: 0x000040c5 (SURFACEFMT_Z_DF24)
2026-07-24T20:35:26.536Z In(05) vmx   cap[ 81]: 0x000040c5 (SURFACEFMT_Z_D24S8_INT)
2026-07-24T20:35:26.536Z In(05) vmx   cap[ 82]: 0x00006005 (SURFACEFMT_ATI1)
2026-07-24T20:35:26.536Z In(05) vmx   cap[ 83]: 0x00006005 (SURFACEFMT_ATI2)
2026-07-24T20:35:26.536Z In(05) vmx   cap[ 84]: 0x00000000 (DEAD1)
2026-07-24T20:35:26.536Z In(05) vmx   cap[ 85]: 0x00000000 (DEAD8)
2026-07-24T20:35:26.536Z In(05) vmx   cap[ 86]: 0x00000000 (DEAD9)
2026-07-24T20:35:26.536Z In(05) vmx   cap[ 87]: 0x00000001 (LINE_AA)
2026-07-24T20:35:26.536Z In(05) vmx   cap[ 88]: 0x00000000 (LINE_STIPPLE)
2026-07-24T20:35:26.536Z In(05) vmx   cap[ 89]:  10.000000 (MAX_LINE_WIDTH)
2026-07-24T20:35:26.536Z In(05) vmx   cap[ 90]:  10.000000 (MAX_AA_LINE_WIDTH)
2026-07-24T20:35:26.536Z In(05) vmx   cap[ 91]: 0x01246000 (SURFACEFMT_YV12)
2026-07-24T20:35:26.536Z In(05) vmx   cap[ 92]: 0x00000000 (DEAD3)
2026-07-24T20:35:26.536Z In(05) vmx   cap[ 93]: 0x00000001 (TS_COLOR_KEY)
2026-07-24T20:35:26.536Z In(05) vmx   cap[ 94]: 0x00000000 (DEAD2)
2026-07-24T20:35:26.536Z In(05) vmx   cap[ 95]: 0x00000001 (DXCONTEXT)
2026-07-24T20:35:26.536Z In(05) vmx   cap[ 96]: 0x00000000 (DEAD11)
2026-07-24T20:35:26.536Z In(05) vmx   cap[ 97]: 0x00000010 (DX_MAX_VERTEXBUFFERS)
2026-07-24T20:35:26.536Z In(05) vmx   cap[ 98]: 0x0000000e (DX_MAX_CONSTANT_BUFFERS)
2026-07-24T20:35:26.536Z In(05) vmx   cap[ 99]: 0x00000000 (DX_PROVOKING_VERTEX)
2026-07-24T20:35:26.536Z In(05) vmx   cap[100]: 0x000002f7 (DXFMT_X8R8G8B8)
2026-07-24T20:35:26.536Z In(05) vmx   cap[101]: 0x000003f7 (DXFMT_A8R8G8B8)
2026-07-24T20:35:26.537Z In(05) vmx   cap[102]: 0x000002f7 (DXFMT_R5G6B5)
2026-07-24T20:35:26.537Z In(05) vmx   cap[103]: 0x000000f7 (DXFMT_X1R5G5B5)
2026-07-24T20:35:26.537Z In(05) vmx   cap[104]: 0x000000f7 (DXFMT_A1R5G5B5)
2026-07-24T20:35:26.537Z In(05) vmx   cap[105]: 0x000000f7 (DXFMT_A4R4G4B4)
2026-07-24T20:35:26.537Z In(05) vmx   cap[106]: 0x00000009 (DXFMT_Z_D32)
2026-07-24T20:35:26.537Z In(05) vmx   cap[107]: 0x0000026b (DXFMT_Z_D16)
2026-07-24T20:35:26.537Z In(05) vmx   cap[108]: 0x0000026b (DXFMT_Z_D24S8)
2026-07-24T20:35:26.537Z In(05) vmx   cap[109]: 0x0000000b (DXFMT_Z_D15S1)
2026-07-24T20:35:26.537Z In(05) vmx   cap[110]: 0x000000f7 (DXFMT_LUMINANCE8)
2026-07-24T20:35:26.537Z In(05) vmx   cap[111]: 0x000000e3 (DXFMT_LUMINANCE4_ALPHA4)
2026-07-24T20:35:26.537Z In(05) vmx   cap[112]: 0x000000f7 (DXFMT_LUMINANCE16)
2026-07-24T20:35:26.537Z In(05) vmx   cap[113]: 0x000000e3 (DXFMT_LUMINANCE8_ALPHA8)
2026-07-24T20:35:26.537Z In(05) vmx   cap[114]: 0x00000063 (DXFMT_DXT1)
2026-07-24T20:35:26.537Z In(05) vmx   cap[115]: 0x00000063 (DXFMT_DXT2)
2026-07-24T20:35:26.537Z In(05) vmx   cap[116]: 0x00000063 (DXFMT_DXT3)
2026-07-24T20:35:26.537Z In(05) vmx   cap[117]: 0x00000063 (DXFMT_DXT4)
2026-07-24T20:35:26.537Z In(05) vmx   cap[118]: 0x00000063 (DXFMT_DXT5)
2026-07-24T20:35:26.537Z In(05) vmx   cap[119]: 0x000000e3 (DXFMT_BUMPU8V8)
2026-07-24T20:35:26.537Z In(05) vmx   cap[120]: 0x00000000 (DXFMT_BUMPL6V5U5)
2026-07-24T20:35:26.537Z In(05) vmx   cap[121]: 0x00000063 (DXFMT_BUMPX8L8V8U8)
2026-07-24T20:35:26.537Z In(05) vmx   cap[122]: 0x00000000 (DXFMT_FORMAT_DEAD1)
2026-07-24T20:35:26.537Z In(05) vmx   cap[123]: 0x000003f7 (DXFMT_ARGB_S10E5)
2026-07-24T20:35:26.537Z In(05) vmx   cap[124]: 0x000003f7 (DXFMT_ARGB_S23E8)
2026-07-24T20:35:26.537Z In(05) vmx   cap[125]: 0x000003f7 (DXFMT_A2R10G10B10)
2026-07-24T20:35:26.537Z In(05) vmx   cap[126]: 0x000000e3 (DXFMT_V8U8)
2026-07-24T20:35:26.537Z In(05) vmx   cap[127]: 0x00000063 (DXFMT_Q8W8V8U8)
2026-07-24T20:35:26.537Z In(05) vmx   cap[128]: 0x00000063 (DXFMT_CxV8U8)
2026-07-24T20:35:26.537Z In(05) vmx   cap[129]: 0x000000e3 (DXFMT_X8L8V8U8)
2026-07-24T20:35:26.537Z In(05) vmx   cap[130]: 0x000000e3 (DXFMT_A2W10V10U10)
2026-07-24T20:35:26.537Z In(05) vmx   cap[131]: 0x000000f7 (DXFMT_ALPHA8)
2026-07-24T20:35:26.537Z In(05) vmx   cap[132]: 0x000003f7 (DXFMT_R_S10E5)
2026-07-24T20:35:26.537Z In(05) vmx   cap[133]: 0x000003f7 (DXFMT_R_S23E8)
2026-07-24T20:35:26.537Z In(05) vmx   cap[134]: 0x000003f7 (DXFMT_RG_S10E5)
2026-07-24T20:35:26.537Z In(05) vmx   cap[135]: 0x000003f7 (DXFMT_RG_S23E8)
2026-07-24T20:35:26.537Z In(05) vmx   cap[136]: 0x00000001 (DXFMT_BUFFER)
2026-07-24T20:35:26.537Z In(05) vmx   cap[137]: 0x0000026b (DXFMT_Z_D24X8)
2026-07-24T20:35:26.537Z In(05) vmx   cap[138]: 0x000001e3 (DXFMT_V16U16)
2026-07-24T20:35:26.537Z In(05) vmx   cap[139]: 0x000003f7 (DXFMT_G16R16)
2026-07-24T20:35:26.537Z In(05) vmx   cap[140]: 0x000001f7 (DXFMT_A16B16G16R16)
2026-07-24T20:35:26.537Z In(05) vmx   cap[141]: 0x00000001 (DXFMT_UYVY)
2026-07-24T20:35:26.537Z In(05) vmx   cap[142]: 0x00000041 (DXFMT_YUY2)
2026-07-24T20:35:26.537Z In(05) vmx   cap[143]: 0x00000041 (DXFMT_NV12)
2026-07-24T20:35:26.537Z In(05) vmx   cap[144]: 0x00000000 (DXFMT_FORMAT_DEAD2)
2026-07-24T20:35:26.537Z In(05) vmx   cap[145]: 0x000002e1 (DXFMT_R32G32B32A32_TYPELESS)
2026-07-24T20:35:26.537Z In(05) vmx   cap[146]: 0x000003e7 (DXFMT_R32G32B32A32_UINT)
2026-07-24T20:35:26.537Z In(05) vmx   cap[147]: 0x000003e7 (DXFMT_R32G32B32A32_SINT)
2026-07-24T20:35:26.537Z In(05) vmx   cap[148]: 0x000000e1 (DXFMT_R32G32B32_TYPELESS)
2026-07-24T20:35:26.537Z In(05) vmx   cap[149]: 0x000001e3 (DXFMT_R32G32B32_FLOAT)
2026-07-24T20:35:26.537Z In(05) vmx   cap[150]: 0x000001e3 (DXFMT_R32G32B32_UINT)
2026-07-24T20:35:26.537Z In(05) vmx   cap[151]: 0x000001e3 (DXFMT_R32G32B32_SINT)
2026-07-24T20:35:26.537Z In(05) vmx   cap[152]: 0x000002e1 (DXFMT_R16G16B16A16_TYPELESS)
2026-07-24T20:35:26.537Z In(05) vmx   cap[153]: 0x000003e7 (DXFMT_R16G16B16A16_UINT)
2026-07-24T20:35:26.537Z In(05) vmx   cap[154]: 0x000003f7 (DXFMT_R16G16B16A16_SNORM)
2026-07-24T20:35:26.537Z In(05) vmx   cap[155]: 0x000003e7 (DXFMT_R16G16B16A16_SINT)
2026-07-24T20:35:26.537Z In(05) vmx   cap[156]: 0x000002e1 (DXFMT_R32G32_TYPELESS)
2026-07-24T20:35:26.537Z In(05) vmx   cap[157]: 0x000003e7 (DXFMT_R32G32_UINT)
2026-07-24T20:35:26.537Z In(05) vmx   cap[158]: 0x000003e7 (DXFMT_R32G32_SINT)
2026-07-24T20:35:26.537Z In(05) vmx   cap[159]: 0x00000261 (DXFMT_R32G8X24_TYPELESS)
2026-07-24T20:35:26.537Z In(05) vmx   cap[160]: 0x00000269 (DXFMT_D32_FLOAT_S8X24_UINT)
2026-07-24T20:35:26.537Z In(05) vmx   cap[161]: 0x00000063 (DXFMT_R32_FLOAT_X8X24)
2026-07-24T20:35:26.537Z In(05) vmx   cap[162]: 0x00000063 (DXFMT_X32_G8X24_UINT)
2026-07-24T20:35:26.537Z In(05) vmx   cap[163]: 0x000002e1 (DXFMT_R10G10B10A2_TYPELESS)
2026-07-24T20:35:26.537Z In(05) vmx   cap[164]: 0x000003e7 (DXFMT_R10G10B10A2_UINT)
2026-07-24T20:35:26.537Z In(05) vmx   cap[165]: 0x000003f7 (DXFMT_R11G11B10_FLOAT)
2026-07-24T20:35:26.537Z In(05) vmx   cap[166]: 0x000002e1 (DXFMT_R8G8B8A8_TYPELESS)
2026-07-24T20:35:26.537Z In(05) vmx   cap[167]: 0x000003f7 (DXFMT_R8G8B8A8_UNORM)
2026-07-24T20:35:26.537Z In(05) vmx   cap[168]: 0x000002f7 (DXFMT_R8G8B8A8_UNORM_SRGB)
2026-07-24T20:35:26.537Z In(05) vmx   cap[169]: 0x000003e7 (DXFMT_R8G8B8A8_UINT)
2026-07-24T20:35:26.537Z In(05) vmx   cap[170]: 0x000003e7 (DXFMT_R8G8B8A8_SINT)
2026-07-24T20:35:26.537Z In(05) vmx   cap[171]: 0x000002e1 (DXFMT_R16G16_TYPELESS)
2026-07-24T20:35:26.537Z In(05) vmx   cap[172]: 0x000003e7 (DXFMT_R16G16_UINT)
2026-07-24T20:35:26.537Z In(05) vmx   cap[173]: 0x000003e7 (DXFMT_R16G16_SINT)
2026-07-24T20:35:26.537Z In(05) vmx   cap[174]: 0x000002e1 (DXFMT_R32_TYPELESS)
2026-07-24T20:35:26.537Z In(05) vmx   cap[175]: 0x00000269 (DXFMT_D32_FLOAT)
2026-07-24T20:35:26.537Z In(05) vmx   cap[176]: 0x000003e7 (DXFMT_R32_UINT)
2026-07-24T20:35:26.537Z In(05) vmx   cap[177]: 0x000003e7 (DXFMT_R32_SINT)
2026-07-24T20:35:26.537Z In(05) vmx   cap[178]: 0x00000261 (DXFMT_R24G8_TYPELESS)
2026-07-24T20:35:26.537Z In(05) vmx   cap[179]: 0x00000269 (DXFMT_D24_UNORM_S8_UINT)
2026-07-24T20:35:26.537Z In(05) vmx   cap[180]: 0x00000063 (DXFMT_R24_UNORM_X8)
2026-07-24T20:35:26.537Z In(05) vmx   cap[181]: 0x00000063 (DXFMT_X24_G8_UINT)
2026-07-24T20:35:26.537Z In(05) vmx   cap[182]: 0x000002e1 (DXFMT_R8G8_TYPELESS)
2026-07-24T20:35:26.538Z In(05) vmx   cap[183]: 0x000003f7 (DXFMT_R8G8_UNORM)
2026-07-24T20:35:26.538Z In(05) vmx   cap[184]: 0x000003e7 (DXFMT_R8G8_UINT)
2026-07-24T20:35:26.538Z In(05) vmx   cap[185]: 0x000003e7 (DXFMT_R8G8_SINT)
2026-07-24T20:35:26.538Z In(05) vmx   cap[186]: 0x000002e1 (DXFMT_R16_TYPELESS)
2026-07-24T20:35:26.538Z In(05) vmx   cap[187]: 0x000003f7 (DXFMT_R16_UNORM)
2026-07-24T20:35:26.538Z In(05) vmx   cap[188]: 0x000003e7 (DXFMT_R16_UINT)
2026-07-24T20:35:26.538Z In(05) vmx   cap[189]: 0x000003f7 (DXFMT_R16_SNORM)
2026-07-24T20:35:26.538Z In(05) vmx   cap[190]: 0x000003e7 (DXFMT_R16_SINT)
2026-07-24T20:35:26.538Z In(05) vmx   cap[191]: 0x000002e1 (DXFMT_R8_TYPELESS)
2026-07-24T20:35:26.538Z In(05) vmx   cap[192]: 0x000003f7 (DXFMT_R8_UNORM)
2026-07-24T20:35:26.538Z In(05) vmx   cap[193]: 0x000003e7 (DXFMT_R8_UINT)
2026-07-24T20:35:26.538Z In(05) vmx   cap[194]: 0x000003f7 (DXFMT_R8_SNORM)
2026-07-24T20:35:26.538Z In(05) vmx   cap[195]: 0x000003e7 (DXFMT_R8_SINT)
2026-07-24T20:35:26.538Z In(05) vmx   cap[196]: 0x00000001 (DXFMT_P8)
2026-07-24T20:35:26.538Z In(05) vmx   cap[197]: 0x000000e3 (DXFMT_R9G9B9E5_SHAREDEXP)
2026-07-24T20:35:26.538Z In(05) vmx   cap[198]: 0x000000e3 (DXFMT_R8G8_B8G8_UNORM)
2026-07-24T20:35:26.538Z In(05) vmx   cap[199]: 0x000000e3 (DXFMT_G8R8_G8B8_UNORM)
2026-07-24T20:35:26.538Z In(05) vmx   cap[200]: 0x000000e1 (DXFMT_BC1_TYPELESS)
2026-07-24T20:35:26.538Z In(05) vmx   cap[201]: 0x000000e3 (DXFMT_BC1_UNORM_SRGB)
2026-07-24T20:35:26.538Z In(05) vmx   cap[202]: 0x000000e1 (DXFMT_BC2_TYPELESS)
2026-07-24T20:35:26.538Z In(05) vmx   cap[203]: 0x000000e3 (DXFMT_BC2_UNORM_SRGB)
2026-07-24T20:35:26.538Z In(05) vmx   cap[204]: 0x000000e1 (DXFMT_BC3_TYPELESS)
2026-07-24T20:35:26.538Z In(05) vmx   cap[205]: 0x000000e3 (DXFMT_BC3_UNORM_SRGB)
2026-07-24T20:35:26.538Z In(05) vmx   cap[206]: 0x000000e1 (DXFMT_BC4_TYPELESS)
2026-07-24T20:35:26.538Z In(05) vmx   cap[207]: 0x00000063 (DXFMT_ATI1)
2026-07-24T20:35:26.538Z In(05) vmx   cap[208]: 0x000000e3 (DXFMT_BC4_SNORM)
2026-07-24T20:35:26.538Z In(05) vmx   cap[209]: 0x000000e1 (DXFMT_BC5_TYPELESS)
2026-07-24T20:35:26.538Z In(05) vmx   cap[210]: 0x00000063 (DXFMT_ATI2)
2026-07-24T20:35:26.538Z In(05) vmx   cap[211]: 0x000000e3 (DXFMT_BC5_SNORM)
2026-07-24T20:35:26.538Z In(05) vmx   cap[212]: 0x00000045 (DXFMT_R10G10B10_XR_BIAS_A2_UNORM)
2026-07-24T20:35:26.538Z In(05) vmx   cap[213]: 0x000002e1 (DXFMT_B8G8R8A8_TYPELESS)
2026-07-24T20:35:26.538Z In(05) vmx   cap[214]: 0x000002f7 (DXFMT_B8G8R8A8_UNORM_SRGB)
2026-07-24T20:35:26.538Z In(05) vmx   cap[215]: 0x000002e1 (DXFMT_B8G8R8X8_TYPELESS)
2026-07-24T20:35:26.538Z In(05) vmx   cap[216]: 0x000002f7 (DXFMT_B8G8R8X8_UNORM_SRGB)
2026-07-24T20:35:26.538Z In(05) vmx   cap[217]: 0x0000006b (DXFMT_Z_DF16)
2026-07-24T20:35:26.538Z In(05) vmx   cap[218]: 0x0000006b (DXFMT_Z_DF24)
2026-07-24T20:35:26.538Z In(05) vmx   cap[219]: 0x0000006b (DXFMT_Z_D24S8_INT)
2026-07-24T20:35:26.538Z In(05) vmx   cap[220]: 0x00000001 (DXFMT_YV12)
2026-07-24T20:35:26.538Z In(05) vmx   cap[221]: 0x000003f7 (DXFMT_R32G32B32A32_FLOAT)
2026-07-24T20:35:26.538Z In(05) vmx   cap[222]: 0x000003f7 (DXFMT_R16G16B16A16_FLOAT)
2026-07-24T20:35:26.538Z In(05) vmx   cap[223]: 0x000003f7 (DXFMT_R16G16B16A16_UNORM)
2026-07-24T20:35:26.538Z In(05) vmx   cap[224]: 0x000003f7 (DXFMT_R32G32_FLOAT)
2026-07-24T20:35:26.538Z In(05) vmx   cap[225]: 0x000003f7 (DXFMT_R10G10B10A2_UNORM)
2026-07-24T20:35:26.538Z In(05) vmx   cap[226]: 0x000003f7 (DXFMT_R8G8B8A8_SNORM)
2026-07-24T20:35:26.538Z In(05) vmx   cap[227]: 0x000003f7 (DXFMT_R16G16_FLOAT)
2026-07-24T20:35:26.538Z In(05) vmx   cap[228]: 0x000003f7 (DXFMT_R16G16_UNORM)
2026-07-24T20:35:26.538Z In(05) vmx   cap[229]: 0x000003f7 (DXFMT_R16G16_SNORM)
2026-07-24T20:35:26.538Z In(05) vmx   cap[230]: 0x000003f7 (DXFMT_R32_FLOAT)
2026-07-24T20:35:26.538Z In(05) vmx   cap[231]: 0x000003f7 (DXFMT_R8G8_SNORM)
2026-07-24T20:35:26.538Z In(05) vmx   cap[232]: 0x000003f7 (DXFMT_R16_FLOAT)
2026-07-24T20:35:26.538Z In(05) vmx   cap[233]: 0x00000269 (DXFMT_D16_UNORM)
2026-07-24T20:35:26.538Z In(05) vmx   cap[234]: 0x000002f7 (DXFMT_A8_UNORM)
2026-07-24T20:35:26.538Z In(05) vmx   cap[235]: 0x000000e3 (DXFMT_BC1_UNORM)
2026-07-24T20:35:26.538Z In(05) vmx   cap[236]: 0x000000e3 (DXFMT_BC2_UNORM)
2026-07-24T20:35:26.538Z In(05) vmx   cap[237]: 0x000000e3 (DXFMT_BC3_UNORM)
2026-07-24T20:35:26.538Z In(05) vmx   cap[238]: 0x000002f7 (DXFMT_B5G6R5_UNORM)
2026-07-24T20:35:26.538Z In(05) vmx   cap[239]: 0x000002f7 (DXFMT_B5G5R5A1_UNORM)
2026-07-24T20:35:26.538Z In(05) vmx   cap[240]: 0x000003f7 (DXFMT_B8G8R8A8_UNORM)
2026-07-24T20:35:26.538Z In(05) vmx   cap[241]: 0x000003f7 (DXFMT_B8G8R8X8_UNORM)
2026-07-24T20:35:26.538Z In(05) vmx   cap[242]: 0x000000e3 (DXFMT_BC4_UNORM)
2026-07-24T20:35:26.538Z In(05) vmx   cap[243]: 0x000000e3 (DXFMT_BC5_UNORM)
2026-07-24T20:35:26.538Z In(05) vmx   cap[244]: 0x00000001 (SM41)
2026-07-24T20:35:26.538Z In(05) vmx   cap[245]: 0x00000001 (MULTISAMPLE_2X)
2026-07-24T20:35:26.538Z In(05) vmx   cap[246]: 0x00000001 (MULTISAMPLE_4X)
2026-07-24T20:35:26.538Z In(05) vmx   cap[247]: 0x00000001 (MS_FULL_QUALITY)
2026-07-24T20:35:26.538Z In(05) vmx   cap[248]: 0x00000001 (LOGICOPS)
2026-07-24T20:35:26.538Z In(05) vmx   cap[249]: 0x00000001 (LOGIC_BLENDOPS)
2026-07-24T20:35:26.538Z In(05) vmx   cap[250]: 0x00000000 (DEAD12)
2026-07-24T20:35:26.538Z In(05) vmx   cap[251]: 0x000000e1 (DXFMT_BC6H_TYPELESS)
2026-07-24T20:35:26.538Z In(05) vmx   cap[252]: 0x000000e3 (DXFMT_BC6H_UF16)
2026-07-24T20:35:26.538Z In(05) vmx   cap[253]: 0x000000e3 (DXFMT_BC6H_SF16)
2026-07-24T20:35:26.538Z In(05) vmx   cap[254]: 0x000000e1 (DXFMT_BC7_TYPELESS)
2026-07-24T20:35:26.538Z In(05) vmx   cap[255]: 0x000000e3 (DXFMT_BC7_UNORM)
2026-07-24T20:35:26.538Z In(05) vmx   cap[256]: 0x000000e3 (DXFMT_BC7_UNORM_SRGB)
2026-07-24T20:35:26.538Z In(05) vmx   cap[257]: 0x00000000 (DEAD13)
2026-07-24T20:35:26.538Z In(05) vmx   cap[258]: 0x00000001 (SM5)
2026-07-24T20:35:26.538Z In(05) vmx   cap[259]: 0x00000001 (MULTISAMPLE_8X)
2026-07-24T20:35:26.538Z In(05) vmx   cap[260]: 0x00000010 (MAX_FORCED_SAMPLE_COUNT)
2026-07-24T20:35:26.538Z In(05) vmx   cap[261]: 0x00000000 (GL43)
2026-07-24T20:35:26.569Z In(05) vmx SVGA3dClamp:    Guest Requires     BC67Level:     9 (    9,     9)
2026-07-24T20:35:26.569Z In(05) vmx SVGA3dClamp:    Guest Requires BaseCapsLevel:     9 (    9,     9)
2026-07-24T20:35:26.569Z In(05) vmx SVGA3dClamp:    Guest Requires    ClampLevel:    10 (    0,    10)
2026-07-24T20:35:26.578Z In(05) vmx USB: Initializing 'UHCI' host controller.
2026-07-24T20:35:26.578Z In(05) vmx USB: PowerOnCreateDevice 'usb:0' #0, found port 1BDBC338F90.
2026-07-24T20:35:26.578Z No(00) vmx ConfigDB: Setting usb:0.present = "TRUE"
2026-07-24T20:35:26.578Z No(00) vmx ConfigDB: Setting usb:0.deviceType = "hid"
2026-07-24T20:35:26.578Z No(00) vmx ConfigDB: Setting usb:0.port = "0"
2026-07-24T20:35:26.578Z No(00) vmx ConfigDB: Setting usb:0.parent = "-1"
2026-07-24T20:35:26.636Z In(05) vmx USB: PowerOnCreateDevice 'usb:1' #1, found port 1BDBC338FC8.
2026-07-24T20:35:26.636Z No(00) vmx ConfigDB: Setting usb:1.speed = "2"
2026-07-24T20:35:26.667Z In(05) vmx Ethernet0 MAC Address: 00:0c:29:45:81:cd
2026-07-24T20:35:26.669Z In(05) vmx Ethernet1 MAC Address: 00:0c:29:45:81:d7
2026-07-24T20:35:26.670Z In(05) vmx USB: Initializing 'EHCI' host controller.
2026-07-24T20:35:26.672Z No(00) vmx ConfigDB: Setting vmci0.id = "1229291981"
2026-07-24T20:35:26.683Z In(05) vmx AHCI:Successfully created adapter 'sata0' as num 0
2026-07-24T20:35:26.683Z In(05) vmx SCSI DEVICE (sata0:1): Computed value of sata0:1.useBounceBuffers: default
2026-07-24T20:35:26.683Z In(05) vmx DISKUTIL: sata0:1 : capacity=0 logical sector size=2048
2026-07-24T20:35:26.683Z In(05) vmx DISKUTIL: sata0:1 : geometry=0/0/0
2026-07-24T20:35:26.683Z In(05) vmx AHCI:Creating ATAPI CDROM on SATA adapter.
2026-07-24T20:35:26.683Z In(05) vmx AHCI:Successfully created device: sata0:1
2026-07-24T20:35:26.688Z In(05) vmx WORKER: Creating new group with maxThreads=1 (35)
2026-07-24T20:35:26.688Z In(05) vmx DISKUTIL: scsi0:0 : max toolsVersion = 13322, type = 4
2026-07-24T20:35:26.688Z In(05) vmx TOOLS setting legacy tools version to '13322' type 4, manifest status is 9
2026-07-24T20:35:26.688Z In(05) worker-9448 ToolsVersionGetStatusWorkerThread: Tools status 8 derived from environment
2026-07-24T20:35:26.689Z In(05) vmx Tools: sending 'OS_PowerOn' (state = 3) state change request
2026-07-24T20:35:26.689Z In(05) vmx Tools: Delaying state change request to state 3.
2026-07-24T20:35:26.689Z In(05) vmx TOOLS INSTALL initializing state to IDLE on power on.
2026-07-24T20:35:26.689Z In(05) vmx TOOLS INSTALL updating Rpc handlers registration.
2026-07-24T20:35:26.689Z In(05) vmx TOOLS INSTALL register RPC: upgrader.setGuestFileRoot
2026-07-24T20:35:26.689Z In(05) vmx TOOLS INSTALL register RPC: toolinstall.is_image_inserted
2026-07-24T20:35:26.689Z In(05) vmx TOOLS INSTALL register RPC: toolinstall.installerActive
2026-07-24T20:35:26.689Z In(05) vmx TOOLS INSTALL register RPC: guest.upgrader_send_cmd_line_args
2026-07-24T20:35:26.690Z In(05) vmx P9FS_PowerOn: 9PFS server is not enabled.
2026-07-24T20:35:26.690Z In(05) vmx HgfsServerManagerVigorInit: Initialize: dev api
2026-07-24T20:35:26.690Z In(05) vmx MKSBackdoor: Copy/paste enabled = 1
2026-07-24T20:35:26.690Z In(05) vmx DEPLOYPKG: No pending deploy package name set
2026-07-24T20:35:26.690Z In(05) vmx DEPLOYPKG: ToolsDeployPkgPublishState: state=0, code=0, message=(null)
2026-07-24T20:35:26.713Z In(05) vmx MonPmc: ctrBase 0x4c1 selBase 0x186/1 PGC 1/1 SMM 1 drain 0 AMD 0
2026-07-24T20:35:26.713Z In(05)+ vmx MonPmc:   gen counters num: 4 width 48 write width 48
2026-07-24T20:35:26.713Z In(05)+ vmx MonPmc:   fix counters num: 3 width 48; version 3
2026-07-24T20:35:26.713Z In(05)+ vmx MonPmc:   unavailable counters: 0x700000000
2026-07-24T20:35:26.743Z No(00) vmx ConfigDB: Setting monitor.phys_bits_used = "45"
2026-07-24T20:35:26.743Z In(05) vmx Full guest CPUID with differences from hostCPUID highlighted.
2026-07-24T20:35:26.743Z In(05) vmx guest vs. host CPUID guest vendor: GenuineIntel
2026-07-24T20:35:26.743Z In(05) vmx guest vs. host CPUID guest family: 0x6 model: 0x3c stepping: 0x3
2026-07-24T20:35:26.743Z In(05) vmx guest vs. host CPUID guest codename: Haswell DT
2026-07-24T20:35:26.743Z In(05) vmx guest vs. host CPUID guest name: Intel(R) Core(TM) i7-4810MQ CPU @ 2.80GHz
2026-07-24T20:35:26.743Z In(05) vmx guest vs. host CPUID       level eaxIn, ecxIn:        eax        ebx        ecx        edx
2026-07-24T20:35:26.743Z In(05) vmx guest vs. host CPUID guest level 00000000,  0: 0x0000000d 0x756e6547 0x6c65746e 0x49656e69
2026-07-24T20:35:26.743Z In(05) vmx guest vs. host CPUID guest level 00000001,  0: 0x000306c3 0x00010800 0xf7fa3203 0x0f8bfbff
2026-07-24T20:35:26.743Z In(05) vmx guest vs. host CPUID *host level 00000001,  0: 0x000306c3 0x00100800 0x7ffafbff 0xbfebfbff
2026-07-24T20:35:26.743Z In(05) vmx guest vs. host CPUID guest level 00000002,  0: 0x76036301 0x00f0b5ff 0x00000000 0x00c10000
2026-07-24T20:35:26.743Z In(05) vmx guest vs. host CPUID guest level 00000004,  0: 0x00000121 0x01c0003f 0x0000003f 0x00000000
2026-07-24T20:35:26.743Z In(05) vmx guest vs. host CPUID *host level 00000004,  0: 0x1c004121 0x01c0003f 0x0000003f 0x00000000
2026-07-24T20:35:26.743Z In(05) vmx guest vs. host CPUID guest level 00000004,  1: 0x00000122 0x01c0003f 0x0000003f 0x00000000
2026-07-24T20:35:26.743Z In(05) vmx guest vs. host CPUID *host level 00000004,  1: 0x1c004122 0x01c0003f 0x0000003f 0x00000000
2026-07-24T20:35:26.743Z In(05) vmx guest vs. host CPUID guest level 00000004,  2: 0x00000143 0x01c0003f 0x000001ff 0x00000000
2026-07-24T20:35:26.743Z In(05) vmx guest vs. host CPUID *host level 00000004,  2: 0x1c004143 0x01c0003f 0x000001ff 0x00000000
2026-07-24T20:35:26.743Z In(05) vmx guest vs. host CPUID guest level 00000004,  3: 0x00000163 0x02c0003f 0x00001fff 0x00000006
2026-07-24T20:35:26.743Z In(05) vmx guest vs. host CPUID *host level 00000004,  3: 0x1c03c163 0x02c0003f 0x00001fff 0x00000006
2026-07-24T20:35:26.743Z In(05) vmx guest vs. host CPUID guest level 00000006,  0: 0x00000004 0x00000000 0x00000000 0x00000000
2026-07-24T20:35:26.743Z In(05) vmx guest vs. host CPUID *host level 00000006,  0: 0x00000077 0x00000002 0x00000009 0x00000000
2026-07-24T20:35:26.743Z In(05) vmx guest vs. host CPUID guest level 00000007,  0: 0x00000000 0x000027ab 0x00000000 0xbc000400
2026-07-24T20:35:26.743Z In(05) vmx guest vs. host CPUID *host level 00000007,  0: 0x00000000 0x000027ab 0x00000000 0x9c000400
2026-07-24T20:35:26.743Z In(05) vmx guest vs. host CPUID guest level 0000000a,  0: 0x07300401 0x000000ff 0x00000000 0x00000000
2026-07-24T20:35:26.743Z In(05) vmx guest vs. host CPUID *host level 0000000a,  0: 0x07300403 0x00000000 0x00000000 0x00000603
2026-07-24T20:35:26.743Z In(05) vmx guest vs. host CPUID guest level 0000000b,  0: 0x00000000 0x00000001 0x00000100 0x00000000
2026-07-24T20:35:26.743Z In(05) vmx guest vs. host CPUID *host level 0000000b,  0: 0x00000001 0x00000002 0x00000100 0x00000000
2026-07-24T20:35:26.743Z In(05) vmx guest vs. host CPUID guest level 0000000b,  1: 0x00000000 0x00000001 0x00000201 0x00000000
2026-07-24T20:35:26.743Z In(05) vmx guest vs. host CPUID *host level 0000000b,  1: 0x00000004 0x00000008 0x00000201 0x00000000
2026-07-24T20:35:26.743Z In(05) vmx guest vs. host CPUID guest level 0000000d,  0: 0x00000007 0x00000340 0x00000340 0x00000000
2026-07-24T20:35:26.744Z In(05) vmx guest vs. host CPUID guest level 0000000d,  1: 0x00000001 0x00000000 0x00000000 0x00000000
2026-07-24T20:35:26.744Z In(05) vmx guest vs. host CPUID guest level 0000000d,  2: 0x00000100 0x00000240 0x00000000 0x00000000
2026-07-24T20:35:26.744Z In(05) vmx guest vs. host CPUID guest level 40000000,  0: 0x40000010 0x61774d56 0x4d566572 0x65726177
2026-07-24T20:35:26.744Z In(05) vmx guest vs. host CPUID guest level 40000010,  0: 0x002aa047 0x000101d0 0x00000002 0x00000000
2026-07-24T20:35:26.744Z In(05) vmx guest vs. host CPUID guest level 80000000,  0: 0x80000008 0x00000000 0x00000000 0x00000000
2026-07-24T20:35:26.744Z In(05) vmx guest vs. host CPUID guest level 80000001,  0: 0x00000000 0x00000000 0x00000021 0x2c100800
2026-07-24T20:35:26.744Z In(05) vmx guest vs. host CPUID guest level 80000002,  0: 0x65746e49 0x2952286c 0x726f4320 0x4d542865
2026-07-24T20:35:26.744Z In(05) vmx guest vs. host CPUID guest level 80000003,  0: 0x37692029 0x3138342d 0x20514d30 0x20555043
2026-07-24T20:35:26.744Z In(05) vmx guest vs. host CPUID guest level 80000004,  0: 0x2e322040 0x48473038 0x0000007a 0x00000000
2026-07-24T20:35:26.744Z In(05) vmx guest vs. host CPUID guest level 80000006,  0: 0x00000000 0x00000000 0x01006040 0x00000000
2026-07-24T20:35:26.744Z In(05) vmx guest vs. host CPUID guest level 80000007,  0: 0x00000000 0x00000000 0x00000000 0x00000100
2026-07-24T20:35:26.744Z In(05) vmx guest vs. host CPUID guest level 80000008,  0: 0x0000302d 0x00000000 0x00000000 0x00000000
2026-07-24T20:35:26.744Z In(05) vmx guest vs. host CPUID *host level 80000008,  0: 0x00003027 0x00000000 0x00000000 0x00000000
2026-07-24T20:35:26.744Z In(05) vmx Minimum ucode level: 0x00000027
2026-07-24T20:35:26.744Z In(05) vmx VPMC: events will use hybrid freeze.
2026-07-24T20:35:26.744Z In(05) vmx VPMC: gen counters: num 4 mask 0xffffffffffff
2026-07-24T20:35:26.744Z In(05) vmx VPMC: fix counters: num 0 mask 0; version 1
2026-07-24T20:35:26.744Z In(05) vmx VPMC: hardware counters: 0
2026-07-24T20:35:26.744Z In(05) vmx VPMC: perf capabilities: 0x2000
2026-07-24T20:35:26.744Z In(05) vmx Guest MSR IA32_ARCH_CAPABILITIES 0x10a = 0xc
2026-07-24T20:35:26.745Z In(05) vmx SVGA-PCI: BAR gfbSize=134217728, fifoSize=8388608
2026-07-24T20:35:26.745Z In(05) vmx SVGA: SVGA_REG_MEMORY_SIZE=4194304
2026-07-24T20:35:26.745Z In(05) vmx SVGA: SVGA_REG_VRAM_SIZE=4194304
2026-07-24T20:35:26.745Z In(05) vmx SVGA: Final Device caps : 0xfdffc3e2
2026-07-24T20:35:26.745Z In(05) vmx SVGA: Final Device caps2: 0x0005efff
2026-07-24T20:35:26.745Z In(05) vmx BusMemSampleSetUpStats: touched: initPct 75 pages 393216 : dirtied: initPct 75 pages 393216
2026-07-24T20:35:26.745Z In(05) vmx MemSched: caller 1 numvm 2 locked pages: num 995687 max 3496448
2026-07-24T20:35:26.745Z In(05) vmx MemSched: locked Page Limit: host 3659785 config 3512832
2026-07-24T20:35:26.745Z In(05) vmx MemSched: minmempct 50  timestamp 665107
2026-07-24T20:35:26.745Z In(05) vmx MemSched: VM 0 min 534558 max 1058846 shares 1048576 paged 4141758 nonpaged 4286 anonymous 5984 locked 994127 touchedPct 50 dirtiedPct 33 timestamp 665106 vmResponsive is 1
2026-07-24T20:35:26.745Z In(05) vmx MemSched: VM 1 min 273017 max 535161 shares 524288 paged 4141758 nonpaged 4275 anonymous 6598 locked 1560 touchedPct 75 dirtiedPct 75 timestamp 665107 vmResponsive is 1
2026-07-24T20:35:26.745Z In(05) vmx MemSched: locked 1560 target 535161 balloon 0 0 0 swapped 0 0 allocd 0 512 state 0 100
2026-07-24T20:35:26.745Z In(05) vmx MemSched: states: 0 1 : 1 0 : 2 0 : 3 0
2026-07-24T20:35:26.745Z In(05) vmx MemSched: Balloon enabled 1 guestType 0 maxSize 0
2026-07-24T20:35:26.745Z In(05) vmx PStrIntern expansion: nBkts=256
2026-07-24T20:35:26.746Z In(05) vmx FeatureCompat: Capabilities:
2026-07-24T20:35:26.746Z In(05) vmx Capability Found: cpuid.sse3 = 1
2026-07-24T20:35:26.746Z In(05) vmx Capability Found: cpuid.pclmulqdq = 1
2026-07-24T20:35:26.746Z In(05) vmx Capability Found: cpuid.mwait = 1
2026-07-24T20:35:26.746Z In(05) vmx Capability Found: cpuid.vmx = 1
2026-07-24T20:35:26.746Z In(05) vmx Capability Found: cpuid.ssse3 = 1
2026-07-24T20:35:26.746Z In(05) vmx Capability Found: cpuid.fma = 1
2026-07-24T20:35:26.746Z In(05) vmx Capability Found: cpuid.cmpxchg16b = 1
2026-07-24T20:35:26.746Z In(05) vmx Capability Found: cpuid.pcid = 1
2026-07-24T20:35:26.746Z In(05) vmx Capability Found: cpuid.sse41 = 1
2026-07-24T20:35:26.746Z In(05) vmx Capability Found: cpuid.sse42 = 1
2026-07-24T20:35:26.746Z In(05) vmx Capability Found: cpuid.movbe = 1
2026-07-24T20:35:26.746Z In(05) vmx Capability Found: cpuid.popcnt = 1
2026-07-24T20:35:26.746Z In(05) vmx Capability Found: cpuid.aes = 1
2026-07-24T20:35:26.746Z In(05) vmx Capability Found: cpuid.xsave = 1
2026-07-24T20:35:26.746Z In(05) vmx Capability Found: cpuid.avx = 1
2026-07-24T20:35:26.746Z In(05) vmx Capability Found: cpuid.f16c = 1
2026-07-24T20:35:26.746Z In(05) vmx Capability Found: cpuid.rdrand = 1
2026-07-24T20:35:26.746Z In(05) vmx Capability Found: cpuid.ds = 1
2026-07-24T20:35:26.746Z In(05) vmx Capability Found: cpuid.ss = 1
2026-07-24T20:35:26.746Z In(05) vmx Capability Found: cpuid.fsgsbase = 1
2026-07-24T20:35:26.746Z In(05) vmx Capability Found: cpuid.bmi1 = 1
2026-07-24T20:35:26.746Z In(05) vmx Capability Found: cpuid.avx2 = 1
2026-07-24T20:35:26.746Z In(05) vmx Capability Found: cpuid.smep = 1
2026-07-24T20:35:26.746Z In(05) vmx Capability Found: cpuid.bmi2 = 1
2026-07-24T20:35:26.746Z In(05) vmx Capability Found: cpuid.enfstrg = 1
2026-07-24T20:35:26.746Z In(05) vmx Capability Found: cpuid.invpcid = 1
2026-07-24T20:35:26.746Z In(05) vmx Capability Found: cpuid.mdclear = 1
2026-07-24T20:35:26.746Z In(05) vmx Capability Found: cpuid.stibp = 1
2026-07-24T20:35:26.746Z In(05) vmx Capability Found: cpuid.fcmd = 1
2026-07-24T20:35:26.746Z In(05) vmx Capability Found: cpuid.ssbd = 1
2026-07-24T20:35:26.746Z In(05) vmx Capability Found: cpuid.xcr0_master_sse = 1
2026-07-24T20:35:26.746Z In(05) vmx Capability Found: cpuid.xcr0_master_ymm_h = 1
2026-07-24T20:35:26.746Z In(05) vmx Capability Found: cpuid.xcr0_master_bndregs = 1
2026-07-24T20:35:26.746Z In(05) vmx Capability Found: cpuid.xcr0_master_bndcsr = 1
2026-07-24T20:35:26.746Z In(05) vmx Capability Found: cpuid.xsaveopt = 1
2026-07-24T20:35:26.746Z In(05) vmx Capability Found: cpuid.lahf64 = 1
2026-07-24T20:35:26.746Z In(05) vmx Capability Found: cpuid.abm = 1
2026-07-24T20:35:26.746Z In(05) vmx Capability Found: cpuid.nx = 1
2026-07-24T20:35:26.746Z In(05) vmx Capability Found: cpuid.pdpe1gb = 1
2026-07-24T20:35:26.746Z In(05) vmx Capability Found: cpuid.rdtscp = 1
2026-07-24T20:35:26.746Z In(05) vmx Capability Found: cpuid.lm = 1
2026-07-24T20:35:26.746Z In(05) vmx Capability Found: cpuid.intel = 1
2026-07-24T20:35:26.746Z In(05) vmx Capability Found: cpuid.ibrs = 1
2026-07-24T20:35:26.746Z In(05) vmx Capability Found: cpuid.ibpb = 1
2026-07-24T20:35:26.746Z In(05) vmx Capability Found: hv.capable = 1
2026-07-24T20:35:26.746Z In(05) vmx Capability Found: vt.realmode = 1
2026-07-24T20:35:26.746Z In(05) vmx Capability Found: misc.cpuidfaulting = 1
2026-07-24T20:35:26.746Z In(05) vmx Capability Found: vt.eptad = 1
2026-07-24T20:35:26.746Z In(05) vmx Capability Found: vt.ple = 1
2026-07-24T20:35:26.746Z In(05) vmx Capability Found: vpmc.microarchitecture.haswell = 1
2026-07-24T20:35:26.746Z In(05) vmx Capability Found: vpmc.numgenctrs = 4
2026-07-24T20:35:26.746Z In(05) vmx Capability Found: vpmc.numfixedctrs = 3
2026-07-24T20:35:26.746Z In(05) vmx Capability Found: vpmc.genwidth = 0x30
2026-07-24T20:35:26.746Z In(05) vmx Capability Found: vpmc.fixedwidth = 0x30
2026-07-24T20:35:26.746Z In(05) vmx Capability Found: vpmc.version = 3
2026-07-24T20:35:26.746Z In(05) vmx Capability Found: vpmc.genctr.0 = 1
2026-07-24T20:35:26.746Z In(05) vmx Capability Found: vpmc.genctr.1 = 1
2026-07-24T20:35:26.746Z In(05) vmx Capability Found: vpmc.genctr.2 = 1
2026-07-24T20:35:26.747Z In(05) vmx Capability Found: vpmc.genctr.3 = 1
2026-07-24T20:35:26.747Z In(05) vmx Capability Found: svga0*svga.supports3d = 1
2026-07-24T20:35:26.747Z In(05) vmx Capability Found: svga0*svga.basecapslevel = 9
2026-07-24T20:35:26.747Z In(05) vmx Capability Found: svga0*svga.maxpointsize = 1
2026-07-24T20:35:26.747Z In(05) vmx Capability Found: svga0*svga.maxtexturesize = 0x4000
2026-07-24T20:35:26.747Z In(05) vmx Capability Found: svga0*svga.maxvolumeextent = 0x800
2026-07-24T20:35:26.747Z In(05) vmx Capability Found: svga0*svga.maxtextureanisotropy = 0x10
2026-07-24T20:35:26.747Z In(05) vmx Capability Found: svga0*svga.dxmaxconstantbuffers = 0xe
2026-07-24T20:35:26.747Z In(05) vmx Capability Found: svga0*svga.sm41 = 1
2026-07-24T20:35:26.747Z In(05) vmx Capability Found: svga0*svga.multisample2x = 1
2026-07-24T20:35:26.747Z In(05) vmx Capability Found: svga0*svga.multisample4x = 1
2026-07-24T20:35:26.747Z In(05) vmx Capability Found: svga0*svga.msfullquality = 1
2026-07-24T20:35:26.747Z In(05) vmx Capability Found: svga0*svga.logicops = 1
2026-07-24T20:35:26.747Z In(05) vmx Capability Found: svga0*svga.bc67 = 9
2026-07-24T20:35:26.747Z In(05) vmx Capability Found: svga0*svga.sm5 = 1
2026-07-24T20:35:26.747Z In(05) vmx Capability Found: svga0*svga.multisample8x = 1
2026-07-24T20:35:26.747Z In(05) vmx Capability Found: svga0*svga.logicblendops = 1
2026-07-24T20:35:26.747Z In(05) vmx Capability Found: svga0*svga.maxforcedsamplecount = 0x10
2026-07-24T20:35:26.747Z In(05) vmx FeatureCompat: Requirements:
2026-07-24T20:35:26.747Z In(05) vmx VM Features Required: cpuid.sse3 - Bool:Min:1
2026-07-24T20:35:26.747Z In(05) vmx VM Features Required: cpuid.pclmulqdq - Bool:Min:1
2026-07-24T20:35:26.772Z In(05) vmx VM Features Required: cpuid.ssse3 - Bool:Min:1
2026-07-24T20:35:26.772Z In(05) vmx VM Features Required: cpuid.fma - Bool:Min:1
2026-07-24T20:35:26.772Z In(05) vmx VM Features Required: cpuid.cmpxchg16b - Bool:Min:1
2026-07-24T20:35:26.772Z In(05) vmx VM Features Required: cpuid.pcid - Bool:Min:1
2026-07-24T20:35:26.772Z In(05) vmx VM Features Required: cpuid.sse41 - Bool:Min:1
2026-07-24T20:35:26.772Z In(05) vmx VM Features Required: cpuid.sse42 - Bool:Min:1
2026-07-24T20:35:26.772Z In(05) vmx VM Features Required: cpuid.movbe - Bool:Min:1
2026-07-24T20:35:26.772Z In(05) vmx VM Features Required: cpuid.popcnt - Bool:Min:1
2026-07-24T20:35:26.772Z In(05) vmx VM Features Required: cpuid.aes - Bool:Min:1
2026-07-24T20:35:26.772Z In(05) vmx VM Features Required: cpuid.xsave - Bool:Min:1
2026-07-24T20:35:26.772Z In(05) vmx VM Features Required: cpuid.avx - Bool:Min:1
2026-07-24T20:35:26.772Z In(05) vmx VM Features Required: cpuid.f16c - Bool:Min:1
2026-07-24T20:35:26.772Z In(05) vmx VM Features Required: cpuid.rdrand - Bool:Min:1
2026-07-24T20:35:26.772Z In(05) vmx VM Features Required: cpuid.ss - Bool:Min:1
2026-07-24T20:35:26.772Z In(05) vmx VM Features Required: cpuid.fsgsbase - Bool:Min:1
2026-07-24T20:35:26.772Z In(05) vmx VM Features Required: cpuid.bmi1 - Bool:Min:1
2026-07-24T20:35:26.772Z In(05) vmx VM Features Required: cpuid.avx2 - Bool:Min:1
2026-07-24T20:35:26.772Z In(05) vmx VM Features Required: cpuid.smep - Bool:Min:1
2026-07-24T20:35:26.772Z In(05) vmx VM Features Required: cpuid.bmi2 - Bool:Min:1
2026-07-24T20:35:26.772Z In(05) vmx VM Features Required: cpuid.enfstrg - Bool:Min:1
2026-07-24T20:35:26.772Z In(05) vmx VM Features Required: cpuid.invpcid - Bool:Min:1
2026-07-24T20:35:26.772Z In(05) vmx VM Features Required: cpuid.mdclear - Bool:Min:1
2026-07-24T20:35:26.772Z In(05) vmx VM Features Required: cpuid.stibp - Bool:Min:1
2026-07-24T20:35:26.772Z In(05) vmx VM Features Required: cpuid.fcmd - Bool:Min:1
2026-07-24T20:35:26.773Z In(05) vmx VM Features Required: cpuid.ssbd - Bool:Min:1
2026-07-24T20:35:26.773Z In(05) vmx VM Features Required: cpuid.xcr0_master_sse - Bool:Min:1
2026-07-24T20:35:26.773Z In(05) vmx VM Features Required: cpuid.xcr0_master_ymm_h - Bool:Min:1
2026-07-24T20:35:26.773Z In(05) vmx VM Features Required: cpuid.xsaveopt - Bool:Min:1
2026-07-24T20:35:26.773Z In(05) vmx VM Features Required: cpuid.lahf64 - Bool:Min:1
2026-07-24T20:35:26.773Z In(05) vmx VM Features Required: cpuid.abm - Bool:Min:1
2026-07-24T20:35:26.773Z In(05) vmx VM Features Required: cpuid.nx - Bool:Min:1
2026-07-24T20:35:26.773Z In(05) vmx VM Features Required: cpuid.pdpe1gb - Bool:Min:1
2026-07-24T20:35:26.773Z In(05) vmx VM Features Required: cpuid.rdtscp - Bool:Min:1
2026-07-24T20:35:26.773Z In(05) vmx VM Features Required: cpuid.lm - Bool:Min:1
2026-07-24T20:35:26.773Z In(05) vmx VM Features Required: cpuid.intel - Bool:Min:1
2026-07-24T20:35:26.773Z In(05) vmx VM Features Required: cpuid.ibrs - Bool:Min:1
2026-07-24T20:35:26.773Z In(05) vmx VM Features Required: cpuid.ibpb - Bool:Min:1
2026-07-24T20:35:26.773Z In(05) vmx VM Features Required: svga*svga.supports3d - Bool:Min:1
2026-07-24T20:35:26.773Z In(05) vmx VM Features Required: svga*svga.basecapslevel - Num:Min:9
2026-07-24T20:35:26.773Z In(05) vmx VM Features Required: svga*svga.maxpointsize - Num:Min:1
2026-07-24T20:35:26.773Z In(05) vmx VM Features Required: svga*svga.maxtexturesize - Num:Min:0x4000
2026-07-24T20:35:26.773Z In(05) vmx VM Features Required: svga*svga.maxvolumeextent - Num:Min:0x800
2026-07-24T20:35:26.773Z In(05) vmx VM Features Required: svga*svga.maxtextureanisotropy - Num:Min:0x10
2026-07-24T20:35:26.773Z In(05) vmx VM Features Required: svga*svga.dxmaxconstantbuffers - Num:Min:0xe
2026-07-24T20:35:26.773Z In(05) vmx VM Features Required: svga*svga.sm41 - Bool:Min:1
2026-07-24T20:35:26.773Z In(05) vmx VM Features Required: svga*svga.multisample2x - Bool:Min:1
2026-07-24T20:35:26.773Z In(05) vmx VM Features Required: svga*svga.multisample4x - Bool:Min:1
2026-07-24T20:35:26.773Z In(05) vmx VM Features Required: svga*svga.msfullquality - Bool:Min:1
2026-07-24T20:35:26.773Z In(05) vmx VM Features Required: svga*svga.logicops - Bool:Min:1
2026-07-24T20:35:26.773Z In(05) vmx VM Features Required: svga*svga.bc67 - Num:Min:9
2026-07-24T20:35:26.773Z In(05) vmx VM Features Required: svga*svga.sm5 - Bool:Min:1
2026-07-24T20:35:26.773Z In(05) vmx VM Features Required: svga*svga.multisample8x - Bool:Min:1
2026-07-24T20:35:26.773Z In(05) vmx VM Features Required: svga*svga.logicblendops - Bool:Min:1
2026-07-24T20:35:26.773Z In(05) vmx VM Features Required: svga*svga.maxforcedsamplecount - Num:Min:0x10
2026-07-24T20:35:26.776Z In(05) vmx TOOLS received request in VMX to set option 'enableDnD' -> '1'
2026-07-24T20:35:26.777Z In(05) vmx 
2026-07-24T20:35:26.777Z In(05)+ vmx OvhdMem: Static (Power On) Overheads
2026-07-24T20:35:26.777Z In(05) vmx                                                       reserved      |          used
2026-07-24T20:35:26.777Z In(05) vmx OvhdMem excluded                                  cur    max    avg |    cur    max    avg
2026-07-24T20:35:26.777Z In(05) vmx OvhdMem OvhdUser_MainMem                    :  524288 524288      - |      0      0      -
2026-07-24T20:35:26.777Z In(05) vmx OvhdMem OvhdUser_VmxText                    :    7936   7936      - |      0      0      -
2026-07-24T20:35:26.777Z In(05) vmx OvhdMem OvhdUser_VmxTextLibs                :   17408  17408      - |      0      0      -
2026-07-24T20:35:26.777Z In(05) vmx OvhdMem Total excluded                      :  549632 549632      - |      -      -      -
2026-07-24T20:35:26.777Z In(05) vmx OvhdMem Actual maximum                      :         549632        |             -
2026-07-24T20:35:26.777Z In(05)+ vmx 
2026-07-24T20:35:26.777Z In(05) vmx                                                       reserved      |          used
2026-07-24T20:35:26.777Z In(05) vmx OvhdMem paged                                     cur    max    avg |    cur    max    avg
2026-07-24T20:35:26.777Z In(05) vmx OvhdMem OvhdUser_STATS_vmm                  :       4      4      - |      0      0      -
2026-07-24T20:35:26.777Z In(05) vmx OvhdMem OvhdUser_STATS_device               :       2      2      - |      0      0      -
2026-07-24T20:35:26.777Z In(05) vmx OvhdMem OvhdUser_SvgaMobFallback            :  1048576 1048576      - |      0      0      -
2026-07-24T20:35:26.777Z In(05) vmx OvhdMem OvhdUser_DiskLibMemUsed             :    3075   3075      - |      0      0      -
2026-07-24T20:35:26.777Z In(05) vmx OvhdMem OvhdUser_SvgaSurfaceTable           :    2944   2944      - |    385    385      -
2026-07-24T20:35:26.777Z In(05) vmx OvhdMem OvhdUser_SvgaSDirtyCache            :      96     96      - |      0      0      -
2026-07-24T20:35:26.777Z In(05) vmx OvhdMem OvhdUser_SvgaShaderTable            :    1000   1000      - |    193    193      -
2026-07-24T20:35:26.777Z In(05) vmx OvhdMem OvhdUser_SvgaShaderText             :    2304   2304      - |      0      0      -
2026-07-24T20:35:26.777Z In(05) vmx OvhdMem OvhdUser_SvgaContextCache           :    1405   1405      - |      0      0      -
2026-07-24T20:35:26.777Z In(05) vmx OvhdMem OvhdUser_SvgaDXRTViewTable          :      31     31      - |      0      0      -
2026-07-24T20:35:26.777Z In(05) vmx OvhdMem OvhdUser_SvgaDXDSViewTable          :      16     16      - |      0      0      -
2026-07-24T20:35:26.777Z In(05) vmx OvhdMem OvhdUser_SvgaDXSRViewTable          :    1021   1021      - |    193    193      -
2026-07-24T20:35:26.777Z In(05) vmx OvhdMem OvhdUser_SvgaDXUAViewTable          :      70     70      - |      0      0      -
2026-07-24T20:35:26.777Z In(05) vmx OvhdMem OvhdUser_SvgaDXBlendStateTable      :      31     31      - |      0      0      -
2026-07-24T20:35:26.777Z In(05) vmx OvhdMem OvhdUser_SvgaDXElementLayoutTable   :     199    199      - |      0      0      -
2026-07-24T20:35:26.777Z In(05) vmx OvhdMem OvhdUser_SvgaDXDepthStencilTable    :      19     19      - |      0      0      -
2026-07-24T20:35:26.777Z In(05) vmx OvhdMem OvhdUser_SvgaDXRasterizerStateTable :      19     19      - |      0      0      -
2026-07-24T20:35:26.777Z In(05) vmx OvhdMem OvhdUser_SvgaDXSamplerTable         :     141    141      - |      0      0      -
2026-07-24T20:35:26.777Z In(05) vmx OvhdMem OvhdUser_SvgaDXContextTable         :    1472   1472      - |      0      0      -
2026-07-24T20:35:26.777Z In(05) vmx OvhdMem OvhdUser_SvgaDXShaderTable          :     241    241      - |      0      0      -
2026-07-24T20:35:26.777Z In(05) vmx OvhdMem OvhdUser_SvgaDXShaderText           :    4352   4352      - |      0      0      -
2026-07-24T20:35:26.777Z In(05) vmx OvhdMem OvhdUser_SvgaDXStreamOutTable       :     516    516      - |      0      0      -
2026-07-24T20:35:26.777Z In(05) vmx OvhdMem OvhdUser_SvgaDXQueryTable           :     132    132      - |      0      0      -
2026-07-24T20:35:26.777Z In(05) vmx OvhdMem OvhdUser_SvgaVAProcessorTable       :       1      1      - |      0      0      -
2026-07-24T20:35:26.777Z In(05) vmx OvhdMem OvhdUser_SvgaVADecoderTable         :       1      1      - |      0      0      -
2026-07-24T20:35:26.777Z In(05) vmx OvhdMem OvhdUser_SvgaCursor                 :      10     10      - |     10     10      -
2026-07-24T20:35:26.777Z In(05) vmx OvhdMem OvhdUser_SvgaPPNList                :    1026   1026      - |      0      0      -
2026-07-24T20:35:26.777Z In(05) vmx OvhdMem OvhdUser_VmxGlobals                 :   10240  10240      - |      0      0      -
2026-07-24T20:35:26.777Z In(05) vmx OvhdMem OvhdUser_VmxGlobalsLibs             :    3584   3584      - |      0      0      -
2026-07-24T20:35:26.777Z In(05) vmx OvhdMem OvhdUser_VmxHeap                    :   10752  10752      - |      0      0      -
2026-07-24T20:35:26.777Z In(05) vmx OvhdMem OvhdUser_VmxMks                     :      49     49      - |      0      0      -
2026-07-24T20:35:26.777Z In(05) vmx OvhdMem OvhdUser_VmxMksRenderOps            :    3494   3494      - |   2540   2540      -
2026-07-24T20:35:26.777Z In(05) vmx OvhdMem OvhdUser_VmxMks3d                   :  2711552 2711552      - |      0      0      -
2026-07-24T20:35:26.777Z In(05) vmx OvhdMem OvhdUser_VmxMksLLVM                 :   12288  12288      - |      0      0      -
2026-07-24T20:35:26.777Z In(05) vmx OvhdMem OvhdUser_VmxMksScreenTemp           :   69890  69890      - |      0      0      -
2026-07-24T20:35:26.777Z In(05) vmx OvhdMem OvhdUser_VmxMksVnc                  :   74936  74936      - |      0      0      -
2026-07-24T20:35:26.777Z In(05) vmx OvhdMem OvhdUser_VmxMksScreen               :  131075 131075      - |      0      0      -
2026-07-24T20:35:26.777Z In(05) vmx OvhdMem OvhdUser_VmxMksSVGAVO               :    4096   4096      - |      0      0      -
2026-07-24T20:35:26.777Z In(05) vmx OvhdMem OvhdUser_VmxMksSwbCursor            :    4096   4096      - |      0      0      -
2026-07-24T20:35:26.777Z In(05) vmx OvhdMem OvhdUser_VmxPhysMemErrPages         :      10     10      - |      0      0      -
2026-07-24T20:35:26.777Z In(05) vmx OvhdMem OvhdUser_VmxSLEntryBuf              :     128    128      - |      0      0      -
2026-07-24T20:35:26.777Z In(05) vmx OvhdMem OvhdUser_VmxThreads                 :   36864  36864      - |      0      0      -
2026-07-24T20:35:26.777Z In(05) vmx OvhdMem Total paged                         :  4141758 4141758      - |   3321   3321      -
2026-07-24T20:35:26.777Z In(05) vmx OvhdMem Actual maximum                      :         4141758        |        4141758
2026-07-24T20:35:26.777Z In(05)+ vmx 
2026-07-24T20:35:26.778Z In(05) vmx                                                       reserved      |          used
2026-07-24T20:35:26.778Z In(05) vmx OvhdMem nonpaged                                  cur    max    avg |    cur    max    avg
2026-07-24T20:35:26.778Z In(05) vmx OvhdMem OvhdUser_SharedArea                 :     153    153      - |    135    135      -
2026-07-24T20:35:26.778Z In(05) vmx OvhdMem OvhdUser_BusMemTraceBitmap          :      21     21      - |      0      0      -
2026-07-24T20:35:26.778Z In(05) vmx OvhdMem OvhdUser_PFrame                     :    1213   2242      - |   1213   1213      -
2026-07-24T20:35:26.778Z In(05) vmx OvhdMem OvhdUser_VIDE_KSEG                  :      16     16      - |     16     16      -
2026-07-24T20:35:26.778Z In(05) vmx OvhdMem OvhdUser_VGA                        :      64     64      - |     64     64      -
2026-07-24T20:35:26.778Z In(05) vmx OvhdMem OvhdUser_BalloonMPN                 :       1      1      - |      1      1      -
2026-07-24T20:35:26.778Z In(05) vmx OvhdMem OvhdUser_P2MUpdateBuffer            :       3      3      - |      0      0      -
2026-07-24T20:35:26.778Z In(05) vmx OvhdMem OvhdUser_ServicesMPN                :       3      3      - |      2      2      -
2026-07-24T20:35:26.778Z In(05) vmx OvhdMem OvhdUser_LocalApic                  :       2      2      - |      2      2      -
2026-07-24T20:35:26.778Z In(05) vmx OvhdMem OvhdUser_VBIOS                      :       8      8      - |      0      0      -
2026-07-24T20:35:26.778Z In(05) vmx OvhdMem OvhdUser_LSIBIOS                    :       4      4      - |      0      0      -
2026-07-24T20:35:26.778Z In(05) vmx OvhdMem OvhdUser_LSIRings                   :       4      4      - |      0      0      -
2026-07-24T20:35:26.778Z In(05) vmx OvhdMem OvhdUser_SAS1068BIOS                :       4      4      - |      0      0      -
2026-07-24T20:35:26.778Z In(05) vmx OvhdMem OvhdUser_SBIOS                      :      16     16      - |      0      0      -
2026-07-24T20:35:26.778Z In(05) vmx OvhdMem OvhdUser_AHCIBIOS                   :      16     16      - |      0      0      -
2026-07-24T20:35:26.778Z In(05) vmx OvhdMem OvhdUser_AHCIREGS                   :       1      1      - |      1      1      -
2026-07-24T20:35:26.778Z In(05) vmx OvhdMem OvhdUser_FlashRam                   :     128    128      - |      0      0      -
2026-07-24T20:35:26.778Z In(05) vmx OvhdMem OvhdUser_SMM                        :      63     63      - |      0      0      -
2026-07-24T20:35:26.778Z In(05) vmx OvhdMem OvhdUser_SVGAFB                     :    1024   1024      - |      0      0      -
2026-07-24T20:35:26.778Z In(05) vmx OvhdMem OvhdUser_SVGAMEM                    :      64    512      - |      0      0      -
2026-07-24T20:35:26.778Z In(05) vmx OvhdMem OvhdUser_HDAudioReg                 :       3      3      - |      0      0      -
2026-07-24T20:35:26.778Z In(05) vmx OvhdMem OvhdUser_EHCIRegister               :       1      1      - |      1      1      -
2026-07-24T20:35:26.778Z In(05) vmx OvhdMem OvhdUser_XhciRegister               :       1      1      - |      0      0      -
2026-07-24T20:35:26.778Z In(05) vmx OvhdMem OvhdUser_HyperV                     :       2      2      - |      0      0      -
2026-07-24T20:35:26.778Z In(05) vmx OvhdMem OvhdUser_ExtCfg                     :       4      4      - |      0      0      -
2026-07-24T20:35:26.778Z In(05) vmx OvhdMem OvhdUser_vhvCachedVMCS              :       2      2      - |      0      0      -
2026-07-24T20:35:26.778Z In(05) vmx OvhdMem OvhdUser_vhvNestedAPIC              :       2      2      - |      0      0      -
2026-07-24T20:35:26.778Z In(05) vmx OvhdMem OvhdUser_LBR                        :       2      2      - |      0      0      -
2026-07-24T20:35:26.778Z In(05) vmx OvhdMem OvhdUser_MonWired                   :      53     53      - |     53     53      -
2026-07-24T20:35:26.778Z In(05) vmx OvhdMem OvhdUser_MonNuma                    :     297    297      - |      0      0      -
2026-07-24T20:35:26.778Z In(05) vmx OvhdMem OvhdUser_NVDC                       :       1      1      - |      0      0      -
2026-07-24T20:35:26.778Z In(05) vmx OvhdMem OvhdUser_PCIeMMIOArea               :      70     70      - |     37     37      -
2026-07-24T20:35:26.778Z In(05) vmx OvhdMem Total nonpaged                      :    3246   4723      - |   1525   1525      -
2026-07-24T20:35:26.778Z In(05) vmx OvhdMem Actual maximum                      :           3246        |          4723
2026-07-24T20:35:26.778Z In(05)+ vmx 
2026-07-24T20:35:26.778Z In(05) vmx                                                       reserved      |          used
2026-07-24T20:35:26.778Z In(05) vmx OvhdMem anonymous                                 cur    max    avg |    cur    max    avg
2026-07-24T20:35:26.778Z In(05) vmx OvhdMem OvhdMon_Alloc                       :     196    196      - |      0      0      -
2026-07-24T20:35:26.778Z In(05) vmx OvhdMem OvhdMon_BusMemFrame                 :     578    635      - |      0      0      -
2026-07-24T20:35:26.778Z In(05) vmx OvhdMem OvhdMon_BusMem2MInfo                :       8      8      - |      0      0      -
2026-07-24T20:35:26.778Z In(05) vmx OvhdMem OvhdMon_BusMem1GInfo                :       1      1      - |      0      0      -
2026-07-24T20:35:26.778Z In(05) vmx OvhdMem OvhdMon_BusMemZapListMPN            :       1      1      - |      0      0      -
2026-07-24T20:35:26.778Z In(05) vmx OvhdMem OvhdMon_BusMemPreval                :       8      8      - |      0      0      -
2026-07-24T20:35:26.778Z In(05) vmx OvhdMem OvhdMon_MonAS                       :       2      2      - |      0      0      -
2026-07-24T20:35:26.778Z In(05) vmx OvhdMem OvhdMon_GuestMem                    :      80     80      - |      0      0      -
2026-07-24T20:35:26.778Z In(05) vmx OvhdMem OvhdMon_TC                          :    1026   1026      - |      0      0      -
2026-07-24T20:35:26.778Z In(05) vmx OvhdMem OvhdMon_BusMemMonAS                 :       5      5      - |      0      0      -
2026-07-24T20:35:26.778Z In(05) vmx OvhdMem OvhdMon_PlatformMonAS               :       7      7      - |      0      0      -
2026-07-24T20:35:26.778Z In(05) vmx OvhdMem OvhdMon_HVNuma                      :       4      4      - |      0      0      -
2026-07-24T20:35:26.778Z In(05) vmx OvhdMem OvhdMon_HV                          :       2      2      - |      0      0      -
2026-07-24T20:35:26.778Z In(05) vmx OvhdMem OvhdMon_HVMSRBitmap                 :       1      1      - |      0      0      -
2026-07-24T20:35:26.778Z In(05) vmx OvhdMem OvhdMon_VHVGuestMSRBitmap           :       2      2      - |      0      0      -
2026-07-24T20:35:26.778Z In(05) vmx OvhdMem OvhdMon_VHV                         :       6      6      - |      0      0      -
2026-07-24T20:35:26.778Z In(05) vmx OvhdMem OvhdMon_Numa                        :      30     30      - |      0      0      -
2026-07-24T20:35:26.778Z In(05) vmx OvhdMem OvhdMon_NumaTextRodata              :     199    199      - |      0      0      -
2026-07-24T20:35:26.778Z In(05) vmx OvhdMem OvhdMon_NumaDataBss                 :      98     98      - |      0      0      -
2026-07-24T20:35:26.778Z In(05) vmx OvhdMem OvhdMon_BaseWired                   :      58     58      - |      0      0      -
2026-07-24T20:35:26.778Z In(05) vmx OvhdMem OvhdMon_Bootstrap                   :    2303   2303      - |      0      0      -
2026-07-24T20:35:26.778Z In(05) vmx OvhdMem OvhdMon_GPhysTraced                 :     266    266      - |      0      0      -
2026-07-24T20:35:26.778Z In(05) vmx OvhdMem OvhdMon_GPhysHWMMU                  :    1282   1282      - |      0      0      -
2026-07-24T20:35:26.778Z In(05) vmx OvhdMem OvhdMon_GPhysNoTrace                :     266    266      - |      0      0      -
2026-07-24T20:35:26.778Z In(05) vmx OvhdMem OvhdMon_PhysMemGart                 :     104    104      - |      0      0      -
2026-07-24T20:35:26.778Z In(05) vmx OvhdMem OvhdMon_PhysMemErr                  :       7      7      - |      0      0      -
2026-07-24T20:35:26.778Z In(05) vmx OvhdMem OvhdMon_VProbe                      :       1      1      - |      0      0      -
2026-07-24T20:35:26.778Z In(05) vmx OvhdMem Total anonymous                     :    6541   6598      - |      0      0      -
2026-07-24T20:35:26.778Z In(05) vmx OvhdMem Actual maximum                      :           6541        |          6598
2026-07-24T20:35:26.778Z In(05)+ vmx 
2026-07-24T20:35:26.779Z In(05) vmx VMMEM: Precise Reservation: 16216MB (MainMem=2048MB)
2026-07-24T20:35:26.779Z In(05) vmx Vix: [mainDispatch.c:1059]: VMAutomation_PowerOn. Powering on.
2026-07-24T20:35:26.780Z No(00) vmx PowerOnTiming: ALL took 3341960 us
2026-07-24T20:35:26.780Z In(05) vmx VMX_PowerOn: ModuleTable_PowerOn = 1
2026-07-24T20:35:26.780Z No(00) vmx ConfigDB: Setting cleanShutdown = "FALSE"
2026-07-24T20:35:26.780Z No(00) vmx ConfigDB: Setting softPowerOff = "FALSE"
2026-07-24T20:35:26.860Z In(05) vcpu-0 VTHREAD 23128 "vcpu-0"
2026-07-24T20:35:26.861Z In(05) vmx ToolsISO: Refreshing imageName for 'ubuntu-64' (refreshCount=1, lastCount=1).
2026-07-24T20:35:26.862Z In(05) vmx ToolsISO: open of C:\Program Files (x86)\VMware\VMware Workstation\isoimages_manifest.txt.sig failed: Could not find the file
2026-07-24T20:35:26.862Z In(05) vmx ToolsISO: Unable to read signature file 'C:\Program Files (x86)\VMware\VMware Workstation\isoimages_manifest.txt.sig', ignoring.
2026-07-24T20:35:26.862Z In(05) vmx ToolsISO: Updated cached value for imageName to 'linux.iso'.
2026-07-24T20:35:26.862Z In(05) vmx ToolsISO: Selected Tools ISO 'linux.iso' for 'ubuntu-64' guest.
2026-07-24T20:35:26.862Z In(05) vmx Win32U_GetFileAttributes: GetFileAttributesExW("C:\Program Files (x86)\VMware\VMware Workstation\linux.iso", ...) failed, error: 2
2026-07-24T20:35:26.862Z In(05) vmx TOOLS updated cached value for isoImageExists to 0.
2026-07-24T20:35:26.862Z In(05) vmx VMXVmdb_SetToolsVersionStatus: status value set to 'unmanaged', 'unmanaged', install impossible
2026-07-24T20:35:26.871Z In(05) vcpu-0 MonTimer APIC:0/0 vec: 0
2026-07-24T20:35:26.871Z In(05) vcpu-0 APIC: version = 0x15, max LVT = 6, LDR = 0x2000000, DFR = 0xffffffff
2026-07-24T20:35:26.872Z In(05) vcpu-0 Active HV capabilities
2026-07-24T20:35:26.873Z In(05) vcpu-0    Full decode
2026-07-24T20:35:26.873Z In(05) vcpu-0    Nested paging A/D bits
2026-07-24T20:35:26.873Z In(05) vcpu-0    Real-address mode
2026-07-24T20:35:26.873Z In(05) vcpu-0    Skip debug state
2026-07-24T20:35:26.873Z In(05) vcpu-0    X2APIC virtualization
2026-07-24T20:35:26.873Z In(05) vcpu-0    PAUSE-loop exiting
2026-07-24T20:35:26.882Z In(05) vcpu-0 CPU reset: hard (mode Emulation)
2026-07-24T20:35:26.886Z In(05) vcpu-1 VTHREAD 30736 "vcpu-1"
2026-07-24T20:35:26.886Z In(05) vcpu-1 MonTimer APIC:0/0 vec: 0
2026-07-24T20:35:26.886Z In(05) vcpu-1 APIC: version = 0x15, max LVT = 6, LDR = 0x8000000, DFR = 0xffffffff
2026-07-24T20:35:26.887Z In(05) vcpu-1 CPU reset: hard (mode Emulation)
2026-07-24T20:35:26.888Z In(05) svga MKSThread: SVGA thread is entering the main loop
2026-07-24T20:35:26.888Z In(05) vcpu-0 GuestRpc: Successfully created RPCI listening socket.
2026-07-24T20:35:26.888Z In(05) vcpu-0 GuestRpc: Using vsocket for TCLO messaging is disabled.
2026-07-24T20:35:26.888Z No(00) vcpu-0 ConfigDB: Unsetting all entries with prefix "usb:0."
2026-07-24T20:35:26.968Z In(05) vcpu-0 USB: DevID(2000000400000000): Disconnecting device.
2026-07-24T20:35:26.968Z In(05) vcpu-0 USB: DevID(200000050e0f0003): Connecting device desc:name:VMware\ Virtual\ USB\ Mouse vid:0e0f pid:0003 speed:full family:hid deviceType:virtual-hid info:0000005 version:5.
2026-07-24T20:35:26.968Z No(00) vcpu-0 ConfigDB: Setting usb:0.present = "TRUE"
2026-07-24T20:35:26.968Z No(00) vcpu-0 ConfigDB: Setting usb:0.deviceType = "hid"
2026-07-24T20:35:26.968Z No(00) vcpu-0 ConfigDB: Setting usb:0.port = "0"
2026-07-24T20:35:26.968Z No(00) vcpu-0 ConfigDB: Setting usb:0.parent = "-1"
2026-07-24T20:35:27.076Z In(05) vcpu-0 memoryHotplug: Node 0: Present: 2047 MB (100 %) Size:3071 MB (100 %)
2026-07-24T20:35:27.076Z In(05) vcpu-0 PIIX4: PM Resuming from suspend type 0x0, chipset.onlineStandby 0
2026-07-24T20:35:27.431Z In(05) vcpu-0 SOUND 167.623061 ES1371Win32GetMixerCtl mixerGetLineInfo error 1024
2026-07-24T20:35:27.432Z In(05) vcpu-0 VNET: MACVNetConnectToNetwork 'Ethernet1' notify available.
2026-07-24T20:35:27.433Z In(05) vcpu-0 VNET: 'ethernet0' enable link state propagation, lsp.state = 5
2026-07-24T20:35:27.434Z In(05) vcpu-0 VNET: MACVNetConnectToNetwork 'ethernet0' lsp.state = 4
2026-07-24T20:35:27.434Z In(05) vcpu-0 VNET: MACVNetConnectToNetwork 'Ethernet0' notify available.
2026-07-24T20:35:27.435Z In(05) vcpu-0 CDROM: Connecting sata0:1 to 'C:\Users\User\Downloads\kali-linux-2026.2-installer-amd64.iso'. type=2 remote=0
2026-07-24T20:35:27.435Z In(05) vcpu-0 AIOWIN32C: Failed to open 'C:\Users\User\Downloads\kali-linux-2026.2-installer-amd64.iso' : Could not find the file (393219).
2026-07-24T20:35:27.453Z In(05) vcpu-0 CDROM-IMG:  image open for 'C:\Users\User\Downloads\kali-linux-2026.2-installer-amd64.iso' failed: Could not find the file (60003).
2026-07-24T20:35:27.453Z In(05) vcpu-0 CDROM-IMG: Failed to connect 'C:\Users\User\Downloads\kali-linux-2026.2-installer-amd64.iso'.
2026-07-24T20:35:27.453Z In(05) vcpu-0 CDROM: Failed to connect CDROM device 'C:\Users\User\Downloads\kali-linux-2026.2-installer-amd64.iso'.
2026-07-24T20:35:27.454Z In(05) vcpu-0 Msg_Post: Warning
2026-07-24T20:35:27.454Z In(05) vcpu-0 [msg.cdromImage.cantOpen] Cannot connect file "C:\Users\User\Downloads\kali-linux-2026.2-installer-amd64.iso" as a CD-ROM image: Could not find the file
2026-07-24T20:35:27.454Z In(05) vcpu-0 [msg.device.startdisconnected] Virtual device 'sata0:1' will start disconnected.
2026-07-24T20:35:27.454Z In(05) vcpu-0 ----------------------------------------
2026-07-24T20:35:27.637Z In(05) vcpu-0 HGFSPublish: publishing 0 shares
2026-07-24T20:35:27.642Z In(05) vcpu-0 Win32U_GetFileAttributes: GetFileAttributesExW("G:\VMs\Richard's Kali.vmpl", ...) failed, error: 2
2026-07-24T20:35:27.642Z In(05) vcpu-0 PolicyVMXFindPolicyKey: policy file does not exist.
2026-07-24T20:35:27.647Z In(05) vcpu-0 DEVSWAP: GuestOS does not require LSI adapter swap.
2026-07-24T20:35:27.648Z No(00) vcpu-0 Metrics lastUpdate (s): 690167
2026-07-24T20:35:27.648Z In(05) vcpu-0 Vix: [mainDispatch.c:4213]: VMAutomation_ReportPowerOpFinished: statevar=0, newAppState=1872, success=1 additionalError=0
2026-07-24T20:35:27.648Z In(05) vcpu-0 Vix: [mainDispatch.c:4130]: VMAutomationReportPowerStateChange: Reporting power state change (opcode=0, err=0).
2026-07-24T20:35:27.648Z In(05) vcpu-0 Vix: [mainDispatch.c:4130]: VMAutomationReportPowerStateChange: Reporting power state change (opcode=2, err=0).
2026-07-24T20:35:27.648Z In(05) vcpu-0 Transitioned vmx/execState/val to poweredOn
2026-07-24T20:35:27.648Z In(05) vcpu-0 Tools: Adding Tools inactivity timer.
2026-07-24T20:35:27.649Z In(05) vmx USB: New set of 4 USB devices.
2026-07-24T20:35:27.649Z In(05) vmx USB: Found device [name:Intel(R)\ Wireless\ Bluetooth(R) vid:8087 pid:07dc path:1/0/7 speed:full family:wireless,bluetooth instanceId:USB\\VID_8087&PID_07DC\\5&8F97EA0&0&8 arbRuntimeKey:7 version:5]
2026-07-24T20:35:27.649Z In(05) vcpu-0 Intel VT: FlexPriority disabled, VPID enabled.
2026-07-24T20:35:27.649Z In(05) vmx USB: Found device [name:Sierra\ Wireless\ EM7305 vid:1199 pid:9041 path:1/0/10 speed:high family:vendor,comm instanceId:USB\\VID_1199&PID_9041\\5&8F97EA0&0&11 arbRuntimeKey:3 version:5]
2026-07-24T20:35:27.649Z In(05) vmx USB: Found device [name:Chicony\ FJ\ Camera vid:04f2 pid:b3b4 path:1/0/11 speed:high family:unknown instanceId:USB\\VID_04F2&PID_B3B4\\0X0001 serialnum:0X0001 arbRuntimeKey:4 version:5]
2026-07-24T20:35:27.649Z In(05) vmx USB: Found device [name:O2\ Micro\ O2Micro\ CCID\ SC\ Reader vid:0b97 pid:7772 path:1/0/4/1 speed:full family:smart-card instanceId:USB\\VID_0B97&PID_7772\\6&19995A7D&0&2 arbRuntimeKey:1 quirks:skip-setconfig,skip-reset,pause-pm-policy version:5]
2026-07-24T20:35:27.651Z In(05) vmx USB: New set of 5 USB devices.
2026-07-24T20:35:27.651Z In(05) vmx USB: Found device [name:Intel(R)\ Wireless\ Bluetooth(R) vid:8087 pid:07dc path:1/0/7 speed:full family:wireless,bluetooth instanceId:USB\\VID_8087&PID_07DC\\5&8F97EA0&0&8 arbRuntimeKey:7 version:5]
2026-07-24T20:35:27.651Z In(05) vmx USB: Found device [name:Sierra\ Wireless\ EM7305 vid:1199 pid:9041 path:1/0/10 speed:high family:vendor,comm instanceId:USB\\VID_1199&PID_9041\\5&8F97EA0&0&11 arbRuntimeKey:3 version:5]
2026-07-24T20:35:27.651Z In(05) vmx USB: Found device [name:Chicony\ FJ\ Camera vid:04f2 pid:b3b4 path:1/0/11 speed:high family:unknown instanceId:USB\\VID_04F2&PID_B3B4\\0X0001 serialnum:0X0001 arbRuntimeKey:4 version:5]
2026-07-24T20:35:27.651Z In(05) vmx USB: Found device [name:O2\ Micro\ O2Micro\ CCID\ SC\ Reader vid:0b97 pid:7772 path:1/0/4/1 speed:full family:smart-card instanceId:USB\\VID_0B97&PID_7772\\6&19995A7D&0&2 arbRuntimeKey:1 quirks:skip-setconfig,skip-reset,pause-pm-policy version:5]
2026-07-24T20:35:27.651Z In(05) vmx USB: Found device [name:Shared\ O2Micro\ CCID\ SC\ Reader\ 0 vid:0e0f pid:0004 speed:full family:smart-card deviceType:virtual-smartcard version:5]
2026-07-24T20:35:27.659Z In(05) vmx VNET: MACVNetLinkStateEventHandler: event, up:1, adapter:0
2026-07-24T20:35:27.659Z In(05) vmx VNET: MACVNetLinkStateEventHandler: 'ethernet0' state from 4 to 6.
2026-07-24T20:35:27.760Z In(05) mks MKSControlMgr: connected
2026-07-24T20:35:27.761Z In(05) mks SWBWindow: Number of MKSWindows changed: 1 rendering MKSWindow(s) of total 1.
2026-07-24T20:35:27.761Z In(05) mks SWBWindow: Window 0 Defined: src screenId=-1, src xywh(0, 0, 1718, 914) dest xywh(0, 0, 1718, 914) pixelScale=1, flags=0x7
2026-07-24T20:35:27.761Z In(05) mks MKS-HWinMux: Backend Switch Queued
2026-07-24T20:35:27.761Z In(05) mks SWBWindow: Number of MKSWindows changed: 1 rendering MKSWindow(s) of total 2.
2026-07-24T20:35:27.761Z In(05) mks SWBWindow: Window 1 Defined: src screenId=-1, src xywh(0, 0, 1718, 914) dest xywh(0, 0, 1718, 914) pixelScale=1, flags=0x8
2026-07-24T20:35:27.761Z In(05) mks MKS-HWinMux: Backend Switch Queued
2026-07-24T20:35:27.779Z In(05) svga SWBScreen: Screen 0 Defined: xywh(0, 0, 640, 480) flags=0x3
2026-07-24T20:35:27.793Z In(05) mks DXGIPresentation: Enumerating adapter 0
2026-07-24T20:35:27.793Z In(05) mks DXGIPresentation: `NVIDIA Quadro K1100M` vendor=0x10de device=0x0ff6 revision=161
2026-07-24T20:35:27.793Z In(05) mks DXGIPresentation: video=2009MB system=0MB shared=8132MB
2026-07-24T20:35:27.914Z In(05) mks DXGIPresentation: LOCAL     budget  1708M usage     0M avail   904M res     0M
2026-07-24T20:35:27.914Z In(05) mks DXGIPresentation: NON-LOCAL budget  7470M usage     0M avail  3863M res     0M
2026-07-24T20:35:27.914Z Wa(03) mks DXGIPresentation: Adapter LUID does not match renderer
2026-07-24T20:35:27.915Z In(05) mks DXGIPresentation: Enumerating adapter 1
2026-07-24T20:35:27.915Z In(05) mks DXGIPresentation: `Intel(R) HD Graphics 4600` vendor=0x8086 device=0x0416 revision=6
2026-07-24T20:35:27.915Z In(05) mks DXGIPresentation: video=112MB system=0MB shared=2048MB
2026-07-24T20:35:27.915Z In(05) mks DXGIPresentation: LOCAL     budget  2048M usage     0M avail  2048M res     0M
2026-07-24T20:35:27.915Z In(05) mks DXGIPresentation: NON-LOCAL budget     0M usage     0M avail     0M res     0M
2026-07-24T20:35:27.939Z In(05) mks DXGIPresentation: Using device unknown; adapter `Intel(R) HD Graphics 4600`
2026-07-24T20:35:27.939Z In(05) mks DXGIPresentation: Enumerating adapter 2
2026-07-24T20:35:27.939Z In(05) mks DXGIPresentation: `Microsoft Basic Render Driver` vendor=0x1414 device=0x008c revision=0
2026-07-24T20:35:27.939Z In(05) mks DXGIPresentation: video=0MB system=0MB shared=8132MB
2026-07-24T20:35:27.939Z In(05) mks DXGIPresentation: LOCAL     budget  7470M usage     0M avail  3863M res     0M
2026-07-24T20:35:27.939Z In(05) mks DXGIPresentation: NON-LOCAL budget     0M usage     0M avail     0M res     0M
2026-07-24T20:35:27.948Z In(05) mks MKS-HWinMux: Started DXGI presentation backend.
2026-07-24T20:35:27.965Z In(05) mks SWBWindow: Window #0 validation failed: no valid host window or host surface.
2026-07-24T20:35:27.965Z In(05) mks SWBVmdb: Destroy SWB Window Id #0 because an invalid MKSWindow definition is received from UI over VMDB.
2026-07-24T20:35:27.965Z In(05) mks SWBWindow: Window 0 Destroyed: src screenId=-1, src xywh(0, 0, 1718, 914) dest xywh(0, 0, 1718, 914) pixelScale=1, flags=0x7
2026-07-24T20:35:27.966Z In(05) mks SWBWindow: Number of MKSWindows changed: 0 rendering MKSWindow(s) of total 1.
2026-07-24T20:35:27.966Z In(05) mks SWBWindow: Window #1 validation failed: no valid host window or host surface.
2026-07-24T20:35:27.966Z In(05) mks SWBVmdb: Destroy SWB Window Id #1 because an invalid MKSWindow definition is received from UI over VMDB.
2026-07-24T20:35:27.966Z In(05) mks SWBWindow: Window 1 Destroyed: src screenId=-1, src xywh(0, 0, 1718, 914) dest xywh(0, 0, 1718, 914) pixelScale=1, flags=0x8
2026-07-24T20:35:27.966Z In(05) mks MKS-HWinMux: Backend Switch Queued
2026-07-24T20:35:27.966Z In(05) mks SWBWindow: Number of MKSWindows changed: 0 rendering MKSWindow(s) of total 0.
2026-07-24T20:35:27.967Z In(05) mks MKS-VMDB: VMDB requested a screenshot
2026-07-24T20:35:27.967Z In(05) svga MKSScreenShotMgr: Taking a screenshot
2026-07-24T20:35:28.036Z In(05) mks DXGIPresentation: Clearing device context
2026-07-24T20:35:28.037Z In(05) mks DXGIPresentation: Release D3D device
2026-07-24T20:35:28.041Z In(05) mks DXGIPresentation: Releasing DXGI Adapter
2026-07-24T20:35:28.041Z In(05) mks DXGIPresentation: Releasing DXGI factory
2026-07-24T20:35:28.046Z In(05) mks SWBWindow: Number of MKSWindows changed: 1 rendering MKSWindow(s) of total 1.
2026-07-24T20:35:28.046Z In(05) mks SWBWindow: Window 0 Defined: src screenId=-1, src xywh(0, 0, 640, 480) dest xywh(0, 0, 640, 480) pixelScale=1, flags=0x7
2026-07-24T20:35:28.046Z In(05) mks MKS-HWinMux: Backend Switch Queued
2026-07-24T20:35:28.046Z In(05) mks SWBWindow: Number of MKSWindows changed: 1 rendering MKSWindow(s) of total 2.
2026-07-24T20:35:28.046Z In(05) mks SWBWindow: Window 1 Defined: src screenId=-1, src xywh(0, 0, 640, 480) dest xywh(0, 0, 640, 480) pixelScale=1, flags=0x8
2026-07-24T20:35:28.046Z In(05) mks MKS-HWinMux: Backend Switch Queued
2026-07-24T20:35:28.059Z In(05) mks DXGIPresentation: Enumerating adapter 0
2026-07-24T20:35:28.059Z In(05) mks DXGIPresentation: `NVIDIA Quadro K1100M` vendor=0x10de device=0x0ff6 revision=161
2026-07-24T20:35:28.059Z In(05) mks DXGIPresentation: video=2009MB system=0MB shared=8132MB
2026-07-24T20:35:28.059Z In(05) mks DXGIPresentation: LOCAL     budget  1708M usage     0M avail   904M res     0M
2026-07-24T20:35:28.059Z In(05) mks DXGIPresentation: NON-LOCAL budget  7470M usage     0M avail  3863M res     0M
2026-07-24T20:35:28.059Z Wa(03) mks DXGIPresentation: Adapter LUID does not match renderer
2026-07-24T20:35:28.059Z In(05) mks DXGIPresentation: Enumerating adapter 1
2026-07-24T20:35:28.059Z In(05) mks DXGIPresentation: `Intel(R) HD Graphics 4600` vendor=0x8086 device=0x0416 revision=6
2026-07-24T20:35:28.059Z In(05) mks DXGIPresentation: video=112MB system=0MB shared=2048MB
2026-07-24T20:35:28.059Z In(05) mks DXGIPresentation: LOCAL     budget  2048M usage     0M avail  2048M res     0M
2026-07-24T20:35:28.059Z In(05) mks DXGIPresentation: NON-LOCAL budget     0M usage     0M avail     0M res     0M
2026-07-24T20:35:28.077Z In(05) mks DXGIPresentation: Using device unknown; adapter `Intel(R) HD Graphics 4600`
2026-07-24T20:35:28.077Z In(05) mks DXGIPresentation: Enumerating adapter 2
2026-07-24T20:35:28.077Z In(05) mks DXGIPresentation: `Microsoft Basic Render Driver` vendor=0x1414 device=0x008c revision=0
2026-07-24T20:35:28.077Z In(05) mks DXGIPresentation: video=0MB system=0MB shared=8132MB
2026-07-24T20:35:28.077Z In(05) mks DXGIPresentation: LOCAL     budget  7470M usage     0M avail  3863M res     0M
2026-07-24T20:35:28.077Z In(05) mks DXGIPresentation: NON-LOCAL budget     0M usage     0M avail     0M res     0M
2026-07-24T20:35:28.084Z In(05) mks MKS-HWinMux: Started DXGI presentation backend.
2026-07-24T20:35:28.141Z In(05) vmx VNET: MACVNetLinkStateTimerHandler: 'ethernet0' state from 6 to 1.
2026-07-24T20:35:28.352Z In(05) vcpu-0 SVGA: Registering MemSpace at 0xe8000000(0x0) and 0xfe000000(0x0)
2026-07-24T20:35:28.352Z In(05) vcpu-0 SVGA: FIFO is already mapped
2026-07-24T20:35:28.368Z In(05) vcpu-0 SVGA: Unregistering MemSpace at 0xe8000000(0xe8000000) and 0xfe000000(0xfe000000)
2026-07-24T20:35:28.368Z In(05) vcpu-0 SVGA: FIFO is already mapped
2026-07-24T20:35:29.070Z In(05) vcpu-0 SVGA: Registering MemSpace at 0xe8000000(0xe8000000) and 0xfe000000(0xfe000000)
2026-07-24T20:35:29.070Z In(05) vcpu-0 SVGA: FIFO is already mapped
2026-07-24T20:35:29.088Z In(05) vcpu-0 SVGA: Unregistering MemSpace at 0xe8000000(0xe8000000) and 0xfe000000(0xfe000000)
2026-07-24T20:35:29.089Z In(05) vcpu-0 SVGA: FIFO is already mapped
2026-07-24T20:35:29.089Z In(05) vcpu-0 SVGA: Registering IOSpace at 0x1070
2026-07-24T20:35:29.090Z In(05) vcpu-0 SVGA: Registering MemSpace at 0xe8000000(0xe8000000) and 0xfe000000(0xfe000000)
2026-07-24T20:35:29.090Z In(05) vcpu-0 SVGA: FIFO is already mapped
2026-07-24T20:35:29.149Z In(05) vcpu-1 CPU reset: soft (mode Emulation)
2026-07-24T20:35:29.186Z In(05) vcpu-0 SVGA: FIFO is already mapped
2026-07-24T20:35:29.217Z In(05) vcpu-0 SVGA: FIFO is already mapped
2026-07-24T20:35:29.396Z In(05) vcpu-0 AHCI: Tried to enable/disable IO space.
2026-07-24T20:35:29.463Z In(05) vcpu-0 DISKUTIL: scsi0:0 : geometry=82241/255/2
2026-07-24T20:35:29.463Z In(05) vcpu-0 DISKUTIL: scsi0:0 : capacity=41943040 logical sector size=512
2026-07-24T20:35:31.469Z In(05) vcpu-0 AHCI: Tried to enable/disable IO space.
2026-07-24T20:35:31.471Z In(05) vcpu-0 AHCI-VMM:HBA reset issued on sata0.
2026-07-24T20:35:31.490Z In(05) vcpu-0 AHCI-USER: Already in check condition 02 3a 00
2026-07-24T20:35:31.490Z In(05) vcpu-0 AHCI-USER: Already in check condition 02 3a 00
2026-07-24T20:35:31.512Z In(05) vcpu-1 CPU reset: soft (mode Emulation)
2026-07-24T20:35:31.549Z In(05) vcpu-0 BIOS-UUID is 56 4d 3a 42 79 fd 15 9d-08 a7 0a 11 49 45 81 cd
2026-07-24T20:35:31.685Z In(05) svga SWBScreen: Screen 0 Resized: xywh(0, 0, 720, 400) flags=0x3
2026-07-24T20:35:32.775Z In(05) vcpu-0 SVGA: FIFO is already mapped
2026-07-24T20:35:32.776Z In(05) svga SVGA enabling SVGA
2026-07-24T20:35:32.776Z In(05) svga SWBScreen: Screen 0 Destroyed: xywh(0, 0, 720, 400) flags=0x3
2026-07-24T20:35:32.778Z In(05) svga SVGA-ScreenMgr: Screen type changed to RegisterMode
2026-07-24T20:35:32.779Z In(05) svga SWBScreen: Screen 1 Defined: xywh(0, 0, 640, 480) flags=0x2
2026-07-24T20:35:38.042Z In(05) vmx VNET: MACVNetLinkStateTimerHandler: 'ethernet0' state from 1 to 5.
2026-07-24T20:35:40.800Z In(05) svga SVGA disabling SVGA
2026-07-24T20:35:40.800Z In(05) svga SWBScreen: Screen 1 Destroyed: xywh(0, 0, 640, 480) flags=0x2
2026-07-24T20:35:40.806Z In(05) svga SWBScreen: Screen 0 Defined: xywh(0, 0, 720, 400) flags=0x3
2026-07-24T20:35:42.839Z In(05) vcpu-0 Preparing for SPEC_CTRL Guest MSR write (0x48) passthrough.
2026-07-24T20:35:42.941Z In(05) vcpu-1 CPU reset: soft (mode Emulation)
2026-07-24T20:35:43.314Z In(05) vcpu-0 SVGA: Unregistering IOSpace at 0x1070
2026-07-24T20:35:43.314Z In(05) vcpu-0 SVGA: Unregistering MemSpace at 0xe8000000(0xe8000000) and 0xfe000000(0xfe000000)
2026-07-24T20:35:43.314Z In(05) vcpu-0 SVGA: FIFO is already mapped
2026-07-24T20:35:43.316Z In(05) vcpu-0 SVGA: Registering IOSpace at 0x1070
2026-07-24T20:35:43.316Z In(05) vcpu-0 SVGA: Registering MemSpace at 0xe8000000(0xe8000000) and 0xfe000000(0xfe000000)
2026-07-24T20:35:43.317Z In(05) vcpu-0 SVGA: FIFO is already mapped
2026-07-24T20:35:45.681Z In(05) vcpu-0 Guest MSR write (0x49: 0x1)
2026-07-24T20:35:47.714Z In(05) vcpu-1 VMMouse: CMD Read ID
2026-07-24T20:35:47.947Z In(05) vcpu-0 SCSI0: RESET BUS
2026-07-24T20:35:48.192Z In(05) vcpu-0 AHCI-VMM:HBA reset issued on sata0.
2026-07-24T20:35:48.192Z In(05) vcpu-0 AHCI-VMM:Write to reserved or READ ONLY global register
2026-07-24T20:35:48.193Z In(05) vcpu-0 AHCI-VMM:Write to reserved or READ ONLY global register
2026-07-24T20:35:48.623Z In(05) vcpu-0 SCSI0: RESET BUS
2026-07-24T20:35:48.646Z In(05) svga SVGA hiding SVGA
2026-07-24T20:35:48.762Z In(05) vcpu-0 AHCI-VMM: sata0:1 Port COMRESET requested.
2026-07-24T20:35:48.762Z In(05) vcpu-0 AHCI-VMM: sata0:1: Moved to COMRESET state.
2026-07-24T20:35:48.763Z In(05) vcpu-0 AHCI-VMM: sata0:0 Port COMRESET requested.
2026-07-24T20:35:48.763Z In(05) vcpu-0 AHCI-VMM: sata0:0: Write to PxSCTL.DET while no device present.
2026-07-24T20:35:48.763Z In(05) vcpu-0 AHCI-VMM: sata0:0: Moved to COMRESET state.
2026-07-24T20:35:48.764Z In(05) vcpu-0 AHCI-VMM: sata0:0: Exiting COMRESET state.
2026-07-24T20:35:48.764Z In(05) vcpu-0 AHCI-VMM: sata0:1: Exiting COMRESET state.
2026-07-24T20:35:48.766Z In(05) vcpu-1 AHCI-VMM: sata0:2 Port COMRESET requested.
2026-07-24T20:35:48.766Z In(05) vcpu-1 AHCI-VMM: sata0:2: Write to PxSCTL.DET while no device present.
2026-07-24T20:35:48.766Z In(05) vcpu-1 AHCI-VMM: sata0:2: Moved to COMRESET state.
2026-07-24T20:35:48.770Z In(05) vcpu-1 AHCI-VMM: sata0:2: Exiting COMRESET state.
2026-07-24T20:35:48.770Z In(05) vcpu-0 AHCI-VMM: sata0:3 Port COMRESET requested.
2026-07-24T20:35:48.771Z In(05) vcpu-0 AHCI-VMM: sata0:3: Write to PxSCTL.DET while no device present.
2026-07-24T20:35:48.771Z In(05) vcpu-0 AHCI-VMM: sata0:3: Moved to COMRESET state.
2026-07-24T20:35:48.775Z In(05) vcpu-0 AHCI-VMM: sata0:3: Exiting COMRESET state.
2026-07-24T20:35:48.782Z In(05) vcpu-0 AHCI-VMM: sata0:4 Port COMRESET requested.
2026-07-24T20:35:48.782Z In(05) vcpu-0 AHCI-VMM: sata0:4: Write to PxSCTL.DET while no device present.
2026-07-24T20:35:48.782Z In(05) vcpu-0 AHCI-VMM: sata0:4: Moved to COMRESET state.
2026-07-24T20:35:48.787Z In(05) vcpu-0 AHCI-VMM: sata0:4: Exiting COMRESET state.
2026-07-24T20:35:48.791Z In(05) vcpu-1 AHCI-VMM: sata0:5 Port COMRESET requested.
2026-07-24T20:35:48.791Z In(05) vcpu-1 AHCI-VMM: sata0:5: Write to PxSCTL.DET while no device present.
2026-07-24T20:35:48.791Z In(05) vcpu-1 AHCI-VMM: sata0:5: Moved to COMRESET state.
2026-07-24T20:35:48.793Z In(05) vcpu-0 DISKUTIL: scsi0:0 : capacity=41943040 logical sector size=512
2026-07-24T20:35:48.793Z In(05) vcpu-0 SCSI DEVICE (scsi0:0): MODE SENSE(6) for unsupported page 0x8
2026-07-24T20:35:48.794Z In(05) vcpu-1 AHCI-VMM: sata0:5: Exiting COMRESET state.
2026-07-24T20:35:48.801Z In(05) vcpu-0 AHCI-VMM: sata0:6 Port COMRESET requested.
2026-07-24T20:35:48.801Z In(05) vcpu-0 AHCI-VMM: sata0:6: Write to PxSCTL.DET while no device present.
2026-07-24T20:35:48.801Z In(05) vcpu-0 AHCI-VMM: sata0:6: Moved to COMRESET state.
2026-07-24T20:35:48.802Z In(05) vcpu-0 AHCI-VMM: sata0:7 Port COMRESET requested.
2026-07-24T20:35:48.802Z In(05) vcpu-0 AHCI-VMM: sata0:7: Write to PxSCTL.DET while no device present.
2026-07-24T20:35:48.802Z In(05) vcpu-0 AHCI-VMM: sata0:7: Moved to COMRESET state.
2026-07-24T20:35:48.803Z In(05) vcpu-1 AHCI-VMM: sata0:8 Port COMRESET requested.
2026-07-24T20:35:48.803Z In(05) vcpu-1 AHCI-VMM: sata0:8: Write to PxSCTL.DET while no device present.
2026-07-24T20:35:48.803Z In(05) vcpu-1 AHCI-VMM: sata0:8: Moved to COMRESET state.
2026-07-24T20:35:48.803Z In(05) vcpu-0 AHCI-VMM: sata0:6: Exiting COMRESET state.
2026-07-24T20:35:48.803Z In(05) vcpu-1 AHCI-VMM: sata0:9 Port COMRESET requested.
2026-07-24T20:35:48.803Z In(05) vcpu-1 AHCI-VMM: sata0:9: Write to PxSCTL.DET while no device present.
2026-07-24T20:35:48.803Z In(05) vcpu-1 AHCI-VMM: sata0:9: Moved to COMRESET state.
2026-07-24T20:35:48.803Z In(05) vcpu-1 AHCI-VMM: sata0:11 Port COMRESET requested.
2026-07-24T20:35:48.803Z In(05) vcpu-1 AHCI-VMM: sata0:11: Write to PxSCTL.DET while no device present.
2026-07-24T20:35:48.803Z In(05) vcpu-1 AHCI-VMM: sata0:11: Moved to COMRESET state.
2026-07-24T20:35:48.803Z In(05) vcpu-1 AHCI-VMM: sata0:10 Port COMRESET requested.
2026-07-24T20:35:48.803Z In(05) vcpu-1 AHCI-VMM: sata0:10: Write to PxSCTL.DET while no device present.
2026-07-24T20:35:48.804Z In(05) vcpu-1 AHCI-VMM: sata0:10: Moved to COMRESET state.
2026-07-24T20:35:48.806Z In(05) vcpu-1 AHCI-VMM: sata0:8: Exiting COMRESET state.
2026-07-24T20:35:48.806Z In(05) vcpu-1 AHCI-VMM: sata0:9: Exiting COMRESET state.
2026-07-24T20:35:48.806Z In(05) vcpu-1 AHCI-VMM: sata0:11: Exiting COMRESET state.
2026-07-24T20:35:48.807Z In(05) vcpu-1 AHCI-VMM: sata0:10: Exiting COMRESET state.
2026-07-24T20:35:48.807Z In(05) vcpu-0 AHCI-VMM: sata0:7: Exiting COMRESET state.
2026-07-24T20:35:48.807Z In(05) vcpu-1 AHCI-VMM: sata0:12 Port COMRESET requested.
2026-07-24T20:35:48.807Z In(05) vcpu-1 AHCI-VMM: sata0:12: Write to PxSCTL.DET while no device present.
2026-07-24T20:35:48.807Z In(05) vcpu-1 AHCI-VMM: sata0:12: Moved to COMRESET state.
2026-07-24T20:35:48.810Z In(05) vcpu-0 AHCI-VMM: sata0:13 Port COMRESET requested.
2026-07-24T20:35:48.810Z In(05) vcpu-0 AHCI-VMM: sata0:13: Write to PxSCTL.DET while no device present.
2026-07-24T20:35:48.810Z In(05) vcpu-0 AHCI-VMM: sata0:13: Moved to COMRESET state.
2026-07-24T20:35:48.810Z In(05) vcpu-1 AHCI-VMM: sata0:12: Exiting COMRESET state.
2026-07-24T20:35:48.811Z In(05) vcpu-1 AHCI-VMM: sata0:14 Port COMRESET requested.
2026-07-24T20:35:48.811Z In(05) vcpu-1 AHCI-VMM: sata0:14: Write to PxSCTL.DET while no device present.
2026-07-24T20:35:48.811Z In(05) vcpu-1 AHCI-VMM: sata0:14: Moved to COMRESET state.
2026-07-24T20:35:48.814Z In(05) vcpu-1 AHCI-VMM: sata0:14: Exiting COMRESET state.
2026-07-24T20:35:48.814Z In(05) vcpu-0 AHCI-VMM: sata0:13: Exiting COMRESET state.
2026-07-24T20:35:48.818Z In(05) vcpu-0 Guest: vmwgfx: Module Version: 2.21.0 (kernel: 6.19.14+kali-amd64)
2026-07-24T20:35:48.818Z In(05) vcpu-0 SVGA: Guest reported SVGA driver: (2, 101908494, 34930688, 0)
2026-07-24T20:35:48.819Z In(05) vcpu-0 DISKUTIL: scsi0:0 : capacity=41943040 logical sector size=512
2026-07-24T20:35:48.820Z In(05) vcpu-0 SCSI DEVICE (scsi0:0): MODE SENSE(6) for unsupported page 0x8
2026-07-24T20:35:48.822Z In(05) vcpu-1 AHCI-VMM: sata0:15 Port COMRESET requested.
2026-07-24T20:35:48.822Z In(05) vcpu-1 AHCI-VMM: sata0:15: Write to PxSCTL.DET while no device present.
2026-07-24T20:35:48.822Z In(05) vcpu-1 AHCI-VMM: sata0:15: Moved to COMRESET state.
2026-07-24T20:35:48.823Z In(05) vcpu-1 AHCI-VMM: sata0:16 Port COMRESET requested.
2026-07-24T20:35:48.823Z In(05) vcpu-1 AHCI-VMM: sata0:16: Write to PxSCTL.DET while no device present.
2026-07-24T20:35:48.823Z In(05) vcpu-1 AHCI-VMM: sata0:16: Moved to COMRESET state.
2026-07-24T20:35:48.826Z In(05) vcpu-1 AHCI-VMM: sata0:16: Exiting COMRESET state.
2026-07-24T20:35:48.826Z In(05) vcpu-1 AHCI-VMM: sata0:15: Exiting COMRESET state.
2026-07-24T20:35:48.830Z In(05) vcpu-1 AHCI-VMM: sata0:17 Port COMRESET requested.
2026-07-24T20:35:48.831Z In(05) vcpu-1 AHCI-VMM: sata0:17: Write to PxSCTL.DET while no device present.
2026-07-24T20:35:48.831Z In(05) vcpu-1 AHCI-VMM: sata0:17: Moved to COMRESET state.
2026-07-24T20:35:48.834Z In(05) vcpu-1 AHCI-VMM: sata0:17: Exiting COMRESET state.
2026-07-24T20:35:48.842Z In(05) vcpu-0 AHCI-VMM: sata0:18 Port COMRESET requested.
2026-07-24T20:35:48.843Z In(05) vcpu-0 AHCI-VMM: sata0:18: Write to PxSCTL.DET while no device present.
2026-07-24T20:35:48.843Z In(05) vcpu-0 AHCI-VMM: sata0:18: Moved to COMRESET state.
2026-07-24T20:35:48.846Z In(05) vcpu-0 AHCI-VMM: sata0:18: Exiting COMRESET state.
2026-07-24T20:35:48.847Z In(05) vcpu-0 AHCI-VMM: sata0:19 Port COMRESET requested.
2026-07-24T20:35:48.848Z In(05) vcpu-0 AHCI-VMM: sata0:19: Write to PxSCTL.DET while no device present.
2026-07-24T20:35:48.848Z In(05) vcpu-0 AHCI-VMM: sata0:19: Moved to COMRESET state.
2026-07-24T20:35:48.849Z In(05) vcpu-0 AHCI-VMM: sata0:19: Exiting COMRESET state.
2026-07-24T20:35:48.850Z In(05) vcpu-1 AHCI-VMM: sata0:20 Port COMRESET requested.
2026-07-24T20:35:48.851Z In(05) vcpu-1 AHCI-VMM: sata0:20: Write to PxSCTL.DET while no device present.
2026-07-24T20:35:48.851Z In(05) vcpu-1 AHCI-VMM: sata0:20: Moved to COMRESET state.
2026-07-24T20:35:48.851Z In(05) svga SVGA enabling SVGA
2026-07-24T20:35:48.851Z In(05) svga SWBScreen: Screen 0 Destroyed: xywh(0, 0, 720, 400) flags=0x3
2026-07-24T20:35:48.851Z In(05) svga SWBScreen: Screen 1 Defined: xywh(0, 0, 640, 480) flags=0x2
2026-07-24T20:35:48.854Z In(05) vcpu-0 AHCI-VMM: sata0:21 Port COMRESET requested.
2026-07-24T20:35:48.855Z In(05) vcpu-0 AHCI-VMM: sata0:21: Write to PxSCTL.DET while no device present.
2026-07-24T20:35:48.855Z In(05) vcpu-0 AHCI-VMM: sata0:21: Moved to COMRESET state.
2026-07-24T20:35:48.858Z In(05) vcpu-0 AHCI-VMM: sata0:21: Exiting COMRESET state.
2026-07-24T20:35:48.858Z In(05) vcpu-1 AHCI-VMM: sata0:20: Exiting COMRESET state.
2026-07-24T20:35:48.859Z In(05) vcpu-0 AHCI-VMM: sata0:22 Port COMRESET requested.
2026-07-24T20:35:48.859Z In(05) vcpu-0 AHCI-VMM: sata0:22: Write to PxSCTL.DET while no device present.
2026-07-24T20:35:48.859Z In(05) vcpu-0 AHCI-VMM: sata0:22: Moved to COMRESET state.
2026-07-24T20:35:48.862Z In(05) vcpu-0 AHCI-VMM: sata0:22: Exiting COMRESET state.
2026-07-24T20:35:48.866Z In(05) vcpu-1 AHCI-VMM: sata0:23 Port COMRESET requested.
2026-07-24T20:35:48.867Z In(05) vcpu-1 AHCI-VMM: sata0:23: Write to PxSCTL.DET while no device present.
2026-07-24T20:35:48.867Z In(05) vcpu-1 AHCI-VMM: sata0:23: Moved to COMRESET state.
2026-07-24T20:35:48.870Z In(05) vcpu-1 AHCI-VMM: sata0:23: Exiting COMRESET state.
2026-07-24T20:35:48.879Z In(05) vcpu-0 AHCI-VMM: sata0:24 Port COMRESET requested.
2026-07-24T20:35:48.879Z In(05) vcpu-0 AHCI-VMM: sata0:24: Write to PxSCTL.DET while no device present.
2026-07-24T20:35:48.879Z In(05) vcpu-0 AHCI-VMM: sata0:24: Moved to COMRESET state.
2026-07-24T20:35:48.883Z In(05) vcpu-0 AHCI-VMM: sata0:24: Exiting COMRESET state.
2026-07-24T20:35:48.886Z In(05) vcpu-1 AHCI-VMM: sata0:25 Port COMRESET requested.
2026-07-24T20:35:48.886Z In(05) vcpu-1 AHCI-VMM: sata0:25: Write to PxSCTL.DET while no device present.
2026-07-24T20:35:48.887Z In(05) vcpu-1 AHCI-VMM: sata0:25: Moved to COMRESET state.
2026-07-24T20:35:48.887Z In(05) vcpu-1 AHCI-VMM: sata0:26 Port COMRESET requested.
2026-07-24T20:35:48.887Z In(05) vcpu-1 AHCI-VMM: sata0:26: Write to PxSCTL.DET while no device present.
2026-07-24T20:35:48.887Z In(05) vcpu-1 AHCI-VMM: sata0:26: Moved to COMRESET state.
2026-07-24T20:35:48.890Z In(05) vcpu-1 AHCI-VMM: sata0:26: Exiting COMRESET state.
2026-07-24T20:35:48.891Z In(05) vcpu-1 AHCI-VMM: sata0:27 Port COMRESET requested.
2026-07-24T20:35:48.891Z In(05) vcpu-1 AHCI-VMM: sata0:27: Write to PxSCTL.DET while no device present.
2026-07-24T20:35:48.891Z In(05) vcpu-1 AHCI-VMM: sata0:27: Moved to COMRESET state.
2026-07-24T20:35:48.891Z In(05) vcpu-1 AHCI-VMM: sata0:25: Exiting COMRESET state.
2026-07-24T20:35:48.895Z In(05) vcpu-1 AHCI-VMM: sata0:27: Exiting COMRESET state.
2026-07-24T20:35:48.895Z In(05) vcpu-1 AHCI-VMM: sata0:28 Port COMRESET requested.
2026-07-24T20:35:48.895Z In(05) vcpu-1 AHCI-VMM: sata0:28: Write to PxSCTL.DET while no device present.
2026-07-24T20:35:48.895Z In(05) vcpu-1 AHCI-VMM: sata0:28: Moved to COMRESET state.
2026-07-24T20:35:48.898Z In(05) vcpu-1 AHCI-VMM: sata0:28: Exiting COMRESET state.
2026-07-24T20:35:48.899Z In(05) vcpu-1 AHCI-VMM: sata0:29 Port COMRESET requested.
2026-07-24T20:35:48.899Z In(05) vcpu-1 AHCI-VMM: sata0:29: Write to PxSCTL.DET while no device present.
2026-07-24T20:35:48.899Z In(05) vcpu-1 AHCI-VMM: sata0:29: Moved to COMRESET state.
2026-07-24T20:35:48.903Z In(05) vcpu-1 AHCI-VMM: sata0:29: Exiting COMRESET state.
2026-07-24T20:35:48.988Z In(05) svga SWBScreen: Screen 1 Destroyed: xywh(0, 0, 640, 480) flags=0x2
2026-07-24T20:35:48.994Z In(05) svga SVGA-ScreenMgr: Screen type changed to ScreenTarget
2026-07-24T20:35:48.994Z In(05) svga SWBScreen: Screen 1 Defined: xywh(0, 0, 1280, 800) flags=0x2
2026-07-24T20:35:49.072Z In(05) vcpu-0 AHCI-VMM: sata0:0: Ignoring write (0x700) of reserved values to PxSCTL.IPM.
2026-07-24T20:35:49.072Z In(05) vcpu-0 AHCI-VMM: sata0:0: PxSCTL.DET already 0. Ignoring write 0.
2026-07-24T20:35:49.073Z In(05) vcpu-0 AHCI-USER: Already in check condition 02 3a 00
2026-07-24T20:35:49.073Z In(05) vcpu-0 AHCI-VMM: sata0:1: Ignoring write (0x700) of reserved values to PxSCTL.IPM.
2026-07-24T20:35:49.073Z In(05) vcpu-0 AHCI-VMM: sata0:1: PxSCTL.DET already 0. Ignoring write 0.
2026-07-24T20:35:49.083Z In(05) vcpu-0 AHCI-VMM: sata0:2: Ignoring write (0x700) of reserved values to PxSCTL.IPM.
2026-07-24T20:35:49.083Z In(05) vcpu-0 AHCI-VMM: sata0:2: PxSCTL.DET already 0. Ignoring write 0.
2026-07-24T20:35:49.083Z In(05) vcpu-0 AHCI-VMM: sata0:3: Ignoring write (0x700) of reserved values to PxSCTL.IPM.
2026-07-24T20:35:49.083Z In(05) vcpu-0 AHCI-VMM: sata0:3: PxSCTL.DET already 0. Ignoring write 0.
2026-07-24T20:35:49.099Z In(05) vcpu-0 AHCI-VMM: sata0:4: Ignoring write (0x700) of reserved values to PxSCTL.IPM.
2026-07-24T20:35:49.099Z In(05) vcpu-0 AHCI-VMM: sata0:4: PxSCTL.DET already 0. Ignoring write 0.
2026-07-24T20:35:49.103Z In(05) vcpu-0 AHCI-VMM: sata0:5: Ignoring write (0x700) of reserved values to PxSCTL.IPM.
2026-07-24T20:35:49.103Z In(05) vcpu-0 AHCI-VMM: sata0:5: PxSCTL.DET already 0. Ignoring write 0.
2026-07-24T20:35:49.115Z In(05) vcpu-0 AHCI-VMM: sata0:9: Ignoring write (0x700) of reserved values to PxSCTL.IPM.
2026-07-24T20:35:49.115Z In(05) vcpu-0 AHCI-VMM: sata0:9: PxSCTL.DET already 0. Ignoring write 0.
2026-07-24T20:35:49.115Z In(05) vcpu-0 AHCI-VMM: sata0:6: Ignoring write (0x700) of reserved values to PxSCTL.IPM.
2026-07-24T20:35:49.115Z In(05) vcpu-0 AHCI-VMM: sata0:6: PxSCTL.DET already 0. Ignoring write 0.
2026-07-24T20:35:49.116Z In(05) vcpu-0 AHCI-VMM: sata0:10: Ignoring write (0x700) of reserved values to PxSCTL.IPM.
2026-07-24T20:35:49.116Z In(05) vcpu-0 AHCI-VMM: sata0:10: PxSCTL.DET already 0. Ignoring write 0.
2026-07-24T20:35:49.120Z In(05) vcpu-0 AHCI-VMM: sata0:12: Ignoring write (0x700) of reserved values to PxSCTL.IPM.
2026-07-24T20:35:49.120Z In(05) vcpu-0 AHCI-VMM: sata0:12: PxSCTL.DET already 0. Ignoring write 0.
2026-07-24T20:35:49.120Z In(05) vcpu-0 AHCI-VMM: sata0:11: Ignoring write (0x700) of reserved values to PxSCTL.IPM.
2026-07-24T20:35:49.120Z In(05) vcpu-0 AHCI-VMM: sata0:11: PxSCTL.DET already 0. Ignoring write 0.
2026-07-24T20:35:49.120Z In(05) vcpu-0 AHCI-VMM: sata0:7: Ignoring write (0x700) of reserved values to PxSCTL.IPM.
2026-07-24T20:35:49.120Z In(05) vcpu-0 AHCI-VMM: sata0:7: PxSCTL.DET already 0. Ignoring write 0.
2026-07-24T20:35:49.120Z In(05) vcpu-0 AHCI-VMM: sata0:8: Ignoring write (0x700) of reserved values to PxSCTL.IPM.
2026-07-24T20:35:49.120Z In(05) vcpu-0 AHCI-VMM: sata0:8: PxSCTL.DET already 0. Ignoring write 0.
2026-07-24T20:35:49.126Z In(05) vcpu-0 AHCI-VMM: sata0:14: Ignoring write (0x700) of reserved values to PxSCTL.IPM.
2026-07-24T20:35:49.126Z In(05) vcpu-0 AHCI-VMM: sata0:14: PxSCTL.DET already 0. Ignoring write 0.
2026-07-24T20:35:49.126Z In(05) vcpu-0 AHCI-VMM: sata0:13: Ignoring write (0x700) of reserved values to PxSCTL.IPM.
2026-07-24T20:35:49.126Z In(05) vcpu-0 AHCI-VMM: sata0:13: PxSCTL.DET already 0. Ignoring write 0.
2026-07-24T20:35:49.141Z In(05) vcpu-0 Tools: Running status rpc handler: 0 => 1.
2026-07-24T20:35:49.141Z In(05) vcpu-0 Tools: Changing running status: 0 => 1.
2026-07-24T20:35:49.141Z In(05) vcpu-0 Tools: [RunningStatus] Last heartbeat value 1 (last received 0s ago)
2026-07-24T20:35:49.141Z In(05) vcpu-0 Tools: Removing Tools inactivity timer.
2026-07-24T20:35:49.142Z In(05) vcpu-0 AHCI-VMM: sata0:15: Ignoring write (0x700) of reserved values to PxSCTL.IPM.
2026-07-24T20:35:49.142Z In(05) vcpu-0 AHCI-VMM: sata0:15: PxSCTL.DET already 0. Ignoring write 0.
2026-07-24T20:35:49.143Z In(05) vcpu-0 AHCI-VMM: sata0:16: Ignoring write (0x700) of reserved values to PxSCTL.IPM.
2026-07-24T20:35:49.143Z In(05) vcpu-0 AHCI-VMM: sata0:16: PxSCTL.DET already 0. Ignoring write 0.
2026-07-24T20:35:49.148Z In(05) vcpu-0 AHCI-VMM: sata0:17: Ignoring write (0x700) of reserved values to PxSCTL.IPM.
2026-07-24T20:35:49.148Z In(05) vcpu-0 AHCI-VMM: sata0:17: PxSCTL.DET already 0. Ignoring write 0.
2026-07-24T20:35:49.153Z In(05) vcpu-0 AHCI-VMM: sata0:18: Ignoring write (0x700) of reserved values to PxSCTL.IPM.
2026-07-24T20:35:49.153Z In(05) vcpu-0 AHCI-VMM: sata0:18: PxSCTL.DET already 0. Ignoring write 0.
2026-07-24T20:35:49.159Z In(05) vcpu-0 AHCI-VMM: sata0:19: Ignoring write (0x700) of reserved values to PxSCTL.IPM.
2026-07-24T20:35:49.159Z In(05) vcpu-0 AHCI-VMM: sata0:19: PxSCTL.DET already 0. Ignoring write 0.
2026-07-24T20:35:49.169Z In(05) vcpu-0 AHCI-VMM: sata0:20: Ignoring write (0x700) of reserved values to PxSCTL.IPM.
2026-07-24T20:35:49.169Z In(05) vcpu-0 AHCI-VMM: sata0:20: PxSCTL.DET already 0. Ignoring write 0.
2026-07-24T20:35:49.170Z In(05) vcpu-0 AHCI-VMM: sata0:21: Ignoring write (0x700) of reserved values to PxSCTL.IPM.
2026-07-24T20:35:49.170Z In(05) vcpu-0 AHCI-VMM: sata0:21: PxSCTL.DET already 0. Ignoring write 0.
2026-07-24T20:35:49.174Z In(05) vcpu-0 AHCI-VMM: sata0:22: Ignoring write (0x700) of reserved values to PxSCTL.IPM.
2026-07-24T20:35:49.174Z In(05) vcpu-0 AHCI-VMM: sata0:22: PxSCTL.DET already 0. Ignoring write 0.
2026-07-24T20:35:49.180Z In(05) vcpu-0 AHCI-VMM: sata0:23: Ignoring write (0x700) of reserved values to PxSCTL.IPM.
2026-07-24T20:35:49.180Z In(05) vcpu-0 AHCI-VMM: sata0:23: PxSCTL.DET already 0. Ignoring write 0.
2026-07-24T20:35:49.191Z In(05) vcpu-1 AHCI-VMM: sata0:24: Ignoring write (0x700) of reserved values to PxSCTL.IPM.
2026-07-24T20:35:49.191Z In(05) vcpu-1 AHCI-VMM: sata0:24: PxSCTL.DET already 0. Ignoring write 0.
2026-07-24T20:35:49.202Z In(05) vcpu-0 AHCI-VMM: sata0:25: Ignoring write (0x700) of reserved values to PxSCTL.IPM.
2026-07-24T20:35:49.202Z In(05) vcpu-0 AHCI-VMM: sata0:25: PxSCTL.DET already 0. Ignoring write 0.
2026-07-24T20:35:49.202Z In(05) vcpu-0 AHCI-VMM: sata0:26: Ignoring write (0x700) of reserved values to PxSCTL.IPM.
2026-07-24T20:35:49.202Z In(05) vcpu-0 AHCI-VMM: sata0:26: PxSCTL.DET already 0. Ignoring write 0.
2026-07-24T20:35:49.208Z In(05) vcpu-0 AHCI-VMM: sata0:28: Ignoring write (0x700) of reserved values to PxSCTL.IPM.
2026-07-24T20:35:49.208Z In(05) vcpu-0 AHCI-VMM: sata0:28: PxSCTL.DET already 0. Ignoring write 0.
2026-07-24T20:35:49.208Z In(05) vcpu-0 AHCI-VMM: sata0:27: Ignoring write (0x700) of reserved values to PxSCTL.IPM.
2026-07-24T20:35:49.208Z In(05) vcpu-0 AHCI-VMM: sata0:27: PxSCTL.DET already 0. Ignoring write 0.
2026-07-24T20:35:49.211Z In(05) vcpu-0 AHCI-VMM: sata0:29: Ignoring write (0x700) of reserved values to PxSCTL.IPM.
2026-07-24T20:35:49.211Z In(05) vcpu-0 AHCI-VMM: sata0:29: PxSCTL.DET already 0. Ignoring write 0.
2026-07-24T20:35:50.159Z In(05) vcpu-1 DDB: "longContentID" = "9a2f180a9a193c7fd2ec62649747eaba" (was "dd5fe5ceee7e5b1310692fa31f994a5d")
2026-07-24T20:36:04.072Z In(05) vcpu-1 CDROM: Emulate GET CONFIGURATION RT 0 starting feature 0
2026-07-24T20:36:04.072Z In(05) vcpu-1 CDROM: Emulate GET CONFIGURATION RT 0 starting feature 0
2026-07-24T20:36:07.709Z In(05) vcpu-0 SOUND 207.901303 ES1371Win32GetMixerCtl mixerGetLineInfo error 1024
2026-07-24T20:36:09.997Z In(05) vmx GuestRpc: Got RPCI vsocket connection 7, assigned to channel 0.
2026-07-24T20:36:10.142Z In(05) vcpu-0 Tools: Tools heartbeat timeout.
2026-07-24T20:36:10.142Z In(05) vcpu-0 Tools: Running status rpc handler: 1 => 0.
2026-07-24T20:36:10.142Z In(05) vcpu-0 Tools: Changing running status: 1 => 0.
2026-07-24T20:36:10.142Z In(05) vcpu-0 Tools: [RunningStatus] Last heartbeat value 1 (last received 21s ago)
2026-07-24T20:36:11.619Z In(05) vmx DEVSWAP: GuestOS does not require LSI adapter swap.
2026-07-24T20:36:11.620Z In(05) vmx Guest: toolbox: Version: 13.0.10.0 (build-25056151)
2026-07-24T20:36:11.620Z Wa(03) vcpu-0 GuestRpc: application toolbox, changing channel 65535 -> 0
2026-07-24T20:36:11.620Z In(05) vcpu-0 GuestRpc: Channel 0, guest application toolbox.
2026-07-24T20:36:11.620Z In(05) vcpu-0 Tools: [AppStatus] Last heartbeat value 1 (last received 22s ago)
2026-07-24T20:36:11.620Z In(05) vcpu-0 TOOLS: appName=toolbox, oldStatus=0, status=1, guestInitiated=0.
2026-07-24T20:36:11.636Z In(05) vmx Tools: Changing running status: 0 => 2.
2026-07-24T20:36:11.636Z In(05) vmx Tools: [RunningStatus] Last heartbeat value 1 (last received 22s ago)
2026-07-24T20:36:11.642Z In(05) vmx TOOLS Received tools.set.versiontype rpc call, version = 13322, type = 4
2026-07-24T20:36:11.642Z In(05) vmx TOOLS Setting toolsVersionStatus = TOOLS_STATUS_UNMANAGED
2026-07-24T20:36:11.642Z In(05) vmx Tools_SetVersionAndType did nothing; new tools version (13322) and type (4) match old Tools version and type
2026-07-24T20:36:11.644Z In(05) vmx Guest: Executing script for state change 'OS_PowerOn'.
2026-07-24T20:36:11.754Z In(05) vcpu-0 Tools: State change '3' progress: last event 0, event 1, success 1.
2026-07-24T20:36:13.131Z In(05) vmx Guest: Script exit code: 0, success = 1
2026-07-24T20:36:13.131Z In(05) vmx TOOLS state change 3 returned status 1
2026-07-24T20:36:13.131Z In(05) vmx Tools: State change '3' progress: last event 1, event 2, success 1.
2026-07-24T20:36:13.131Z In(05) vmx Tools: State change '3' progress: last event 1, event 4, success 1.
2026-07-24T20:36:13.131Z In(05) vmx Vix: [mainDispatch.c:4130]: VMAutomationReportPowerStateChange: Reporting power state change (opcode=2, err=0).
2026-07-24T20:36:13.131Z In(05) vmx Tools: Changing running status: 2 => 1.
2026-07-24T20:36:13.131Z In(05) vmx Tools: [RunningStatus] Last heartbeat value 2 (last received 0s ago)
2026-07-24T20:36:26.377Z In(05) vcpu-1 Guest: Mesa: SVGA3D; build: RELEASE;  LLVM;
2026-07-24T20:36:26.377Z In(05) vcpu-1 Guest: Mesa: 26.0.8-1
2026-07-24T20:36:26.723Z In(05) vcpu-1 Guest: Mesa: SVGA3D; build: RELEASE;  LLVM;
2026-07-24T20:36:26.723Z In(05) vcpu-1 Guest: Mesa: 26.0.8-1
2026-07-24T20:36:27.652Z In(05) vmx GuestRpcSendTimedOut: message to toolbox-dnd timed out.
2026-07-24T20:36:29.680Z In(05) vcpu-1 CDROM: Emulate GET CONFIGURATION RT 0 starting feature 0
2026-07-24T20:36:29.681Z In(05) vcpu-1 CDROM: Emulate GET CONFIGURATION RT 0 starting feature 0
2026-07-24T20:36:37.014Z In(05) vcpu-1 Guest: Mesa: SVGA3D; build: RELEASE;  LLVM;
2026-07-24T20:36:37.014Z In(05) vcpu-1 Guest: Mesa: 26.0.8-1
2026-07-24T20:36:41.613Z In(05) vmx GuestInfo: HostinfoDetailedDataHeader version: 1
2026-07-24T20:36:41.663Z No(00) vmx ConfigDB: Setting guestInfo.detailed.data = <not printed>
2026-07-24T20:36:46.173Z Wa(03) svga mksSandboxLog: DX11ShimOps: Intel doesn't support zeroing UAVs with other bind flags
2026-07-24T20:37:41.673Z In(05) vmx GuestRpcSendTimedOut: message to toolbox-dnd timed out.
2026-07-24T20:38:10.908Z In(05) vmx Tools_SetGuestResolution: Sending rpcMsg = Resolution_Set 756 967
2026-07-24T20:38:31.051Z In(05) vcpu-1 CDROM: Emulate GET CONFIGURATION RT 0 starting feature 0
2026-07-24T20:38:31.052Z In(05) vcpu-1 CDROM: Emulate GET CONFIGURATION RT 0 starting feature 0
2026-07-24T20:38:31.299Z In(05) vcpu-0 CDROM: Emulate GET CONFIGURATION RT 0 starting feature 0
2026-07-24T20:38:31.300Z In(05) vcpu-0 CDROM: Emulate GET CONFIGURATION RT 0 starting feature 0
2026-07-24T20:38:37.123Z In(05) vcpu-1 Guest: Mesa: SVGA3D; build: RELEASE;  LLVM;
2026-07-24T20:38:37.123Z In(05) vcpu-1 Guest: Mesa: 26.0.8-1
2026-07-24T20:38:43.737Z In(05) vmx GuestRpc: Got RPCI vsocket connection 8, assigned to channel 1.
2026-07-24T20:38:59.920Z In(05) vmx DEVSWAP: GuestOS does not require LSI adapter swap.
2026-07-24T20:38:59.920Z In(05) vmx Guest: toolbox-dnd: Version: 13.0.10.0 (build-25056151)
2026-07-24T20:38:59.920Z Wa(03) vcpu-0 GuestRpc: application toolbox-dnd, changing channel 65535 -> 1
2026-07-24T20:38:59.920Z In(05) vcpu-0 GuestRpc: Channel 1, guest application toolbox-dnd.
2026-07-24T20:38:59.921Z In(05) vcpu-0 TOOLS: appName=toolbox-dnd, oldStatus=0, status=1, guestInitiated=0.
2026-07-24T20:38:59.935Z In(05) vmx DnDCP: dndGuestVersion from vmdb failed, setting to 4
2026-07-24T20:38:59.935Z In(05) vmx DnDCP: set guest controllers to version 4
2026-07-24T20:39:00.033Z In(05) vmx DnDCP: set guest controllers to version 4
2026-07-24T20:39:00.034Z In(05) vmx DnDCP: set guest controllers to version 4
2026-07-24T20:39:00.227Z In(05) vmx DnDCP: set guest controllers to version 4
2026-07-24T20:40:55.054Z In(05) mks MKS-VMDB: VMDB requested a screenshot
2026-07-24T20:40:55.054Z In(05) svga MKSScreenShotMgr: Taking a screenshot
2026-07-24T20:40:55.268Z In(05) mks SWBWindow: Number of MKSWindows changed: 0 rendering MKSWindow(s) of total 2.
2026-07-24T20:40:55.310Z In(05) mks SWBWindow: Window #0 validation failed: no valid host window or host surface.
2026-07-24T20:40:55.310Z In(05) mks SWBVmdb: Destroy SWB Window Id #0 because an invalid MKSWindow definition is received from UI over VMDB.
2026-07-24T20:40:55.310Z In(05) mks SWBWindow: Window 0 Destroyed: src screenId=-1, src xywh(0, 0, 1280, 800) dest xywh(0, 0, 1280, 800) pixelScale=1, flags=0x3
2026-07-24T20:40:55.310Z In(05) mks SWBWindow: Number of MKSWindows changed: 0 rendering MKSWindow(s) of total 1.
2026-07-24T20:40:55.310Z In(05) mks SWBWindow: Window #1 validation failed: no valid host window or host surface.
2026-07-24T20:40:55.310Z In(05) mks SWBVmdb: Destroy SWB Window Id #1 because an invalid MKSWindow definition is received from UI over VMDB.
2026-07-24T20:40:55.310Z In(05) mks SWBWindow: Window 1 Destroyed: src screenId=-1, src xywh(0, 0, 1280, 800) dest xywh(0, 0, 1280, 800) pixelScale=1, flags=0x8
2026-07-24T20:40:55.310Z In(05) mks MKS-HWinMux: Backend Switch Queued
2026-07-24T20:40:55.310Z In(05) mks SWBWindow: Number of MKSWindows changed: 0 rendering MKSWindow(s) of total 0.
2026-07-24T20:40:55.313Z In(05) mks DXGIPresentation: Clearing device context
2026-07-24T20:40:55.313Z In(05) mks DXGIPresentation: Release D3D device
2026-07-24T20:40:55.361Z In(05) mks DXGIPresentation: Releasing DXGI Adapter
2026-07-24T20:40:55.361Z In(05) mks DXGIPresentation: Releasing DXGI factory
2026-07-24T20:41:08.300Z In(05) mks SWBWindow: Number of MKSWindows changed: 1 rendering MKSWindow(s) of total 1.
2026-07-24T20:41:08.300Z In(05) mks SWBWindow: Window 0 Defined: src screenId=-1, src xywh(0, 0, 1280, 800) dest xywh(0, 0, 1280, 800) pixelScale=1, flags=0x7
2026-07-24T20:41:08.300Z In(05) mks MKS-HWinMux: Backend Switch Queued
2026-07-24T20:41:08.300Z In(05) mks SWBWindow: Number of MKSWindows changed: 1 rendering MKSWindow(s) of total 2.
2026-07-24T20:41:08.301Z In(05) mks SWBWindow: Window 1 Defined: src screenId=-1, src xywh(0, 0, 1280, 800) dest xywh(0, 0, 100, 100) pixelScale=1, flags=0x8
2026-07-24T20:41:08.301Z In(05) mks MKS-HWinMux: Backend Switch Queued
2026-07-24T20:41:08.309Z In(05) mks DXGIPresentation: Enumerating adapter 0
2026-07-24T20:41:08.310Z In(05) mks DXGIPresentation: `NVIDIA Quadro K1100M` vendor=0x10de device=0x0ff6 revision=161
2026-07-24T20:41:08.310Z In(05) mks DXGIPresentation: video=2009MB system=0MB shared=8132MB
2026-07-24T20:41:08.639Z In(05) mks DXGIPresentation: LOCAL     budget  1708M usage     0M avail   904M res     0M
2026-07-24T20:41:08.639Z In(05) mks DXGIPresentation: NON-LOCAL budget  7470M usage     0M avail  3863M res     0M
2026-07-24T20:41:08.639Z Wa(03) mks DXGIPresentation: Adapter LUID does not match renderer
2026-07-24T20:41:08.639Z In(05) mks DXGIPresentation: Enumerating adapter 1
2026-07-24T20:41:08.639Z In(05) mks DXGIPresentation: `Intel(R) HD Graphics 4600` vendor=0x8086 device=0x0416 revision=6
2026-07-24T20:41:08.639Z In(05) mks DXGIPresentation: video=112MB system=0MB shared=2048MB
2026-07-24T20:41:08.639Z In(05) mks DXGIPresentation: LOCAL     budget  2048M usage     0M avail  2048M res     0M
2026-07-24T20:41:08.640Z In(05) mks DXGIPresentation: NON-LOCAL budget     0M usage     0M avail     0M res     0M
2026-07-24T20:41:08.655Z In(05) mks DXGIPresentation: Using device unknown; adapter `Intel(R) HD Graphics 4600`
2026-07-24T20:41:08.655Z In(05) mks DXGIPresentation: Enumerating adapter 2
2026-07-24T20:41:08.655Z In(05) mks DXGIPresentation: `Microsoft Basic Render Driver` vendor=0x1414 device=0x008c revision=0
2026-07-24T20:41:08.655Z In(05) mks DXGIPresentation: video=0MB system=0MB shared=8132MB
2026-07-24T20:41:08.655Z In(05) mks DXGIPresentation: LOCAL     budget  7470M usage     0M avail  3863M res     0M
2026-07-24T20:41:08.655Z In(05) mks DXGIPresentation: NON-LOCAL budget     0M usage     0M avail     0M res     0M
2026-07-24T20:41:08.663Z In(05) mks MKS-HWinMux: Started DXGI presentation backend.
2026-07-24T20:41:08.685Z In(05) mks SWBWindow: No more window events will be logged.
2026-07-24T20:42:15.335Z In(05) vmx Tools: sending 'OS_Halt' (state = 1) state change request
2026-07-24T20:42:15.335Z In(05) vmx Tools: Changing running status: 1 => 2.
2026-07-24T20:42:15.335Z In(05) vmx Tools: [RunningStatus] Last heartbeat value 365 (last received 0s ago)
2026-07-24T20:42:15.336Z In(05) vmx Vix: [vmxCommands.c:535]: VMAutomation_InitiatePowerOff. Tried to soft halt. Success = 1
2026-07-24T20:42:15.388Z In(05) vmx Guest: Executing script for state change 'OS_Halt'.
2026-07-24T20:42:15.414Z In(05) vcpu-1 Tools: State change '1' progress: last event 0, event 1, success 1.
2026-07-24T20:42:15.691Z In(05) vmx Guest: Script exit code: 0, success = 1
2026-07-24T20:42:15.692Z In(05) vmx TOOLS state change 1 returned status 1
2026-07-24T20:42:15.692Z In(05) vmx Tools: State change '1' progress: last event 1, event 2, success 1.
2026-07-24T20:42:15.692Z In(05) vmx Tools: State change '1' progress: last event 1, event 4, success 1.
2026-07-24T20:42:15.692Z In(05) vmx Tools: Changing running status: 2 => 1.
2026-07-24T20:42:15.692Z In(05) vmx Tools: [RunningStatus] Last heartbeat value 365 (last received 0s ago)
2026-07-24T20:42:15.693Z In(05) vmx Guest: Initiating halt.
2026-07-24T20:42:15.894Z In(05) vmx GuestRpc: Got error for channel 1 connection 8: Remote disconnected
2026-07-24T20:42:15.894Z In(05) vmx GuestRpc: GuestRpcResetVsockChannel: channel 1
2026-07-24T20:42:15.894Z In(05) vmx GuestRpc: Closing channel 1 connection 8
2026-07-24T20:42:15.900Z In(05) vcpu-0 GuestRpc: Reinitializing Channel 1(toolbox-dnd)
2026-07-24T20:42:15.900Z In(05) vcpu-0 TOOLS: appName=toolbox-dnd, oldStatus=1, status=0, guestInitiated=1.
2026-07-24T20:42:15.911Z In(05) vcpu-0 GuestRpc: Reinitializing Channel 0(toolbox)
2026-07-24T20:42:15.911Z In(05) vcpu-0 Tools: [AppStatus] Last heartbeat value 365 (last received 0s ago)
2026-07-24T20:42:15.911Z In(05) vcpu-0 TOOLS: appName=toolbox, oldStatus=1, status=0, guestInitiated=1.
2026-07-24T20:42:15.979Z In(05) vmx GuestRpc: Got error for channel 0 connection 7: Remote disconnected
2026-07-24T20:42:15.979Z In(05) vmx GuestRpc: GuestRpcResetVsockChannel: channel 0
2026-07-24T20:42:15.979Z In(05) vmx GuestRpc: Closing channel 0 connection 7
2026-07-24T20:42:16.304Z In(05) vcpu-0 CDROM: Emulate GET CONFIGURATION RT 0 starting feature 0
2026-07-24T20:42:16.304Z In(05) vcpu-0 CDROM: Emulate GET CONFIGURATION RT 0 starting feature 0
2026-07-24T20:42:17.214Z In(05) svga SWBScreen: Screen 1 Destroyed: xywh(0, 0, 1280, 800) flags=0x2
2026-07-24T20:42:17.216Z In(05) svga SWBScreen: Screen 1 Defined: xywh(0, 0, 756, 967) flags=0x2
2026-07-24T20:42:17.958Z In(05) vcpu-1 VMMouse: CMD Disable
2026-07-24T20:42:17.958Z In(05) vcpu-1 VMMouse: Disabling VMMouse mode
2026-07-24T20:42:18.157Z In(05) vcpu-0 PIIX4: PM Soft Off.  Good-bye.
2026-07-24T20:42:18.157Z In(05) vcpu-0 Chipset: The guest has requested that the virtual machine be powered off.
2026-07-24T20:42:18.157Z No(00) vcpu-0 ConfigDB: Setting softPowerOff = "TRUE"
2026-07-24T20:42:18.225Z In(05) vcpu-0 VMX: Issuing power-off request...
2026-07-24T20:42:18.225Z In(05) vmx Stopping VCPU threads...
2026-07-24T20:42:18.227Z In(05) vmx Stopping MKS/SVGA threads
2026-07-24T20:42:18.227Z In(05) vmx MKSThread: Requesting MKS exit
2026-07-24T20:42:18.227Z In(05) svga MKSThread: SVGA thread is exiting the main loop
2026-07-24T20:42:18.228Z In(05) svga SWBScreen: Screen 1 Destroyed: xywh(0, 0, 756, 967) flags=0x2
2026-07-24T20:42:18.229Z In(05) mks SWBWindow: Number of MKSWindows changed: 0 rendering MKSWindow(s) of total 1.
2026-07-24T20:42:18.229Z In(05) mks MKS-HWinMux: Backend Switch Queued
2026-07-24T20:42:18.229Z In(05) mks SWBWindow: Number of MKSWindows changed: 0 rendering MKSWindow(s) of total 0.
2026-07-24T20:42:18.238Z In(05) vmx MKS/SVGA threads are stopped
2026-07-24T20:42:18.239Z In(05) vmx USB: DevID(200000050e0f0003): Disconnecting device.
2026-07-24T20:42:18.278Z In(05) vmx 
2026-07-24T20:42:18.278Z In(05)+ vmx OvhdMem: Final (Power Off) Overheads
2026-07-24T20:42:18.278Z In(05) vmx                                                       reserved      |          used
2026-07-24T20:42:18.278Z In(05) vmx OvhdMem excluded                                  cur    max    avg |    cur    max    avg
2026-07-24T20:42:18.278Z In(05) vmx OvhdMem OvhdUser_MainMem                    :  524288 524288      - | 407401 407401      -
2026-07-24T20:42:18.303Z In(05) vmx OvhdMem OvhdUser_VmxText                    :    7936   7936      - |      0      0      -
2026-07-24T20:42:18.303Z In(05) vmx OvhdMem OvhdUser_VmxTextLibs                :   17408  17408      - |      0      0      -
2026-07-24T20:42:18.303Z In(05) vmx OvhdMem Total excluded                      :  549632 549632      - |      -      -      -
2026-07-24T20:42:18.303Z In(05) vmx OvhdMem Actual maximum                      :         549632        |             -
2026-07-24T20:42:18.303Z In(05)+ vmx 
2026-07-24T20:42:18.303Z In(05) vmx                                                       reserved      |          used
2026-07-24T20:42:18.303Z In(05) vmx OvhdMem paged                                     cur    max    avg |    cur    max    avg
2026-07-24T20:42:18.303Z In(05) vmx OvhdMem OvhdUser_STATS_vmm                  :       4      4      - |      0      0      -
2026-07-24T20:42:18.303Z In(05) vmx OvhdMem OvhdUser_STATS_device               :       2      2      - |      0      0      -
2026-07-24T20:42:18.303Z In(05) vmx OvhdMem OvhdUser_SvgaMobFallback            :  1048576 1048576      - |      0      0      -
2026-07-24T20:42:18.303Z In(05) vmx OvhdMem OvhdUser_DiskLibMemUsed             :    3075   3075      - |      0      0      -
2026-07-24T20:42:18.303Z In(05) vmx OvhdMem OvhdUser_SvgaSurfaceTable           :    2944   2944      - |    459    459      -
2026-07-24T20:42:18.303Z In(05) vmx OvhdMem OvhdUser_SvgaSDirtyCache            :      96     96      - |      0      0      -
2026-07-24T20:42:18.303Z In(05) vmx OvhdMem OvhdUser_SvgaShaderTable            :    1000   1000      - |    193    193      -
2026-07-24T20:42:18.303Z In(05) vmx OvhdMem OvhdUser_SvgaShaderText             :    2304   2304      - |      0      0      -
2026-07-24T20:42:18.303Z In(05) vmx OvhdMem OvhdUser_SvgaContextCache           :    1405   1405      - |      2      2      -
2026-07-24T20:42:18.303Z In(05) vmx OvhdMem OvhdUser_SvgaDXRTViewTable          :      31     31      - |      7      7      -
2026-07-24T20:42:18.303Z In(05) vmx OvhdMem OvhdUser_SvgaDXDSViewTable          :      16     16      - |      4      4      -
2026-07-24T20:42:18.303Z In(05) vmx OvhdMem OvhdUser_SvgaDXSRViewTable          :    1021   1021      - |    211    211      -
2026-07-24T20:42:18.303Z In(05) vmx OvhdMem OvhdUser_SvgaDXUAViewTable          :      70     70      - |     13     13      -
2026-07-24T20:42:18.303Z In(05) vmx OvhdMem OvhdUser_SvgaDXBlendStateTable      :      31     31      - |      4      4      -
2026-07-24T20:42:18.304Z In(05) vmx OvhdMem OvhdUser_SvgaDXElementLayoutTable   :     199    199      - |     10     10      -
2026-07-24T20:42:18.304Z In(05) vmx OvhdMem OvhdUser_SvgaDXDepthStencilTable    :      19     19      - |      4      4      -
2026-07-24T20:42:18.304Z In(05) vmx OvhdMem OvhdUser_SvgaDXRasterizerStateTable :      19     19      - |      4      4      -
2026-07-24T20:42:18.304Z In(05) vmx OvhdMem OvhdUser_SvgaDXSamplerTable         :     141    141      - |     14     14      -
2026-07-24T20:42:18.304Z In(05) vmx OvhdMem OvhdUser_SvgaDXContextTable         :    1472   1472      - |     55     55      -
2026-07-24T20:42:18.304Z In(05) vmx OvhdMem OvhdUser_SvgaDXShaderTable          :     241    241      - |     53     53      -
2026-07-24T20:42:18.304Z In(05) vmx OvhdMem OvhdUser_SvgaDXShaderText           :    4352   4352      - |      0      8      -
2026-07-24T20:42:18.304Z In(05) vmx OvhdMem OvhdUser_SvgaDXStreamOutTable       :     516    516      - |      1      1      -
2026-07-24T20:42:18.304Z In(05) vmx OvhdMem OvhdUser_SvgaDXQueryTable           :     132    132      - |     13     13      -
2026-07-24T20:42:18.304Z In(05) vmx OvhdMem OvhdUser_SvgaVAProcessorTable       :       1      1      - |      0      0      -
2026-07-24T20:42:18.304Z In(05) vmx OvhdMem OvhdUser_SvgaVADecoderTable         :       1      1      - |      0      0      -
2026-07-24T20:42:18.304Z In(05) vmx OvhdMem OvhdUser_SvgaCursor                 :      10     10      - |     10     10      -
2026-07-24T20:42:18.304Z In(05) vmx OvhdMem OvhdUser_SvgaPPNList                :    1026   1026      - |      0      0      -
2026-07-24T20:42:18.304Z In(05) vmx OvhdMem OvhdUser_VmxGlobals                 :   10240  10240      - |      0      0      -
2026-07-24T20:42:18.304Z In(05) vmx OvhdMem OvhdUser_VmxGlobalsLibs             :    3584   3584      - |      0      0      -
2026-07-24T20:42:18.304Z In(05) vmx OvhdMem OvhdUser_VmxHeap                    :   10752  10752      - |      0      0      -
2026-07-24T20:42:18.304Z In(05) vmx OvhdMem OvhdUser_VmxMks                     :      49     49      - |     17     17      -
2026-07-24T20:42:18.304Z In(05) vmx OvhdMem OvhdUser_VmxMksRenderOps            :    3494   3494      - |   2540   2540      -
2026-07-24T20:42:18.304Z In(05) vmx OvhdMem OvhdUser_VmxMks3d                   :  2711552 2711552      - |      0      0      -
2026-07-24T20:42:18.304Z In(05) vmx OvhdMem OvhdUser_VmxMksLLVM                 :   12288  12288      - |      0      0      -
2026-07-24T20:42:18.304Z In(05) vmx OvhdMem OvhdUser_VmxMksScreenTemp           :   69890  69890      - |      0    187      -
2026-07-24T20:42:18.304Z In(05) vmx OvhdMem OvhdUser_VmxMksVnc                  :   74936  74936      - |      0      0      -
2026-07-24T20:42:18.304Z In(05) vmx OvhdMem OvhdUser_VmxMksScreen               :  131075 131075      - |      0      0      -
2026-07-24T20:42:18.304Z In(05) vmx OvhdMem OvhdUser_VmxMksSVGAVO               :    4096   4096      - |      0      0      -
2026-07-24T20:42:18.304Z In(05) vmx OvhdMem OvhdUser_VmxMksSwbCursor            :    4096   4096      - |      0      0      -
2026-07-24T20:42:18.304Z In(05) vmx OvhdMem OvhdUser_VmxPhysMemErrPages         :      10     10      - |      0      0      -
2026-07-24T20:42:18.304Z In(05) vmx OvhdMem OvhdUser_VmxSLEntryBuf              :     128    128      - |      0      0      -
2026-07-24T20:42:18.304Z In(05) vmx OvhdMem OvhdUser_VmxThreads                 :   36864  36864      - |      0      0      -
2026-07-24T20:42:18.304Z In(05) vmx OvhdMem Total paged                         :  4141758 4141758      - |   3614   3809      -
2026-07-24T20:42:18.304Z In(05) vmx OvhdMem Actual maximum                      :         4141758        |        4141758
2026-07-24T20:42:18.304Z In(05)+ vmx 
2026-07-24T20:42:18.304Z In(05) vmx                                                       reserved      |          used
2026-07-24T20:42:18.304Z In(05) vmx OvhdMem nonpaged                                  cur    max    avg |    cur    max    avg
2026-07-24T20:42:18.304Z In(05) vmx OvhdMem OvhdUser_SharedArea                 :     153    153      - |    135    135      -
2026-07-24T20:42:18.304Z In(05) vmx OvhdMem OvhdUser_BusMemTraceBitmap          :      21     21      - |      0      0      -
2026-07-24T20:42:18.304Z In(05) vmx OvhdMem OvhdUser_PFrame                     :    1213   2242      - |   1213   1213      -
2026-07-24T20:42:18.304Z In(05) vmx OvhdMem OvhdUser_VIDE_KSEG                  :      16     16      - |     16     16      -
2026-07-24T20:42:18.304Z In(05) vmx OvhdMem OvhdUser_VGA                        :      64     64      - |     64     64      -
2026-07-24T20:42:18.304Z In(05) vmx OvhdMem OvhdUser_BalloonMPN                 :       1      1      - |      1      1      -
2026-07-24T20:42:18.304Z In(05) vmx OvhdMem OvhdUser_P2MUpdateBuffer            :       3      3      - |      0      0      -
2026-07-24T20:42:18.304Z In(05) vmx OvhdMem OvhdUser_ServicesMPN                :       3      3      - |      2      2      -
2026-07-24T20:42:18.304Z In(05) vmx OvhdMem OvhdUser_LocalApic                  :       2      2      - |      2      2      -
2026-07-24T20:42:18.304Z In(05) vmx OvhdMem OvhdUser_VBIOS                      :       8      8      - |      8      8      -
2026-07-24T20:42:18.304Z In(05) vmx OvhdMem OvhdUser_LSIBIOS                    :       4      4      - |      2      2      -
2026-07-24T20:42:18.304Z In(05) vmx OvhdMem OvhdUser_LSIRings                   :       4      4      - |      0      0      -
2026-07-24T20:42:18.304Z In(05) vmx OvhdMem OvhdUser_SAS1068BIOS                :       4      4      - |      0      0      -
2026-07-24T20:42:18.304Z In(05) vmx OvhdMem OvhdUser_SBIOS                      :      16     16      - |      0      0      -
2026-07-24T20:42:18.304Z In(05) vmx OvhdMem OvhdUser_AHCIBIOS                   :      16     16      - |      2      2      -
2026-07-24T20:42:18.304Z In(05) vmx OvhdMem OvhdUser_AHCIREGS                   :       1      1      - |      1      1      -
2026-07-24T20:42:18.304Z In(05) vmx OvhdMem OvhdUser_FlashRam                   :     128    128      - |     57     57      -
2026-07-24T20:42:18.304Z In(05) vmx OvhdMem OvhdUser_SMM                        :      63     63      - |     40     40      -
2026-07-24T20:42:18.304Z In(05) vmx OvhdMem OvhdUser_SVGAFB                     :    1024   1024      - |    300    300      -
2026-07-24T20:42:18.304Z In(05) vmx OvhdMem OvhdUser_SVGAMEM                    :      64    512      - |      1      1      -
2026-07-24T20:42:18.304Z In(05) vmx OvhdMem OvhdUser_HDAudioReg                 :       3      3      - |      0      0      -
2026-07-24T20:42:18.304Z In(05) vmx OvhdMem OvhdUser_EHCIRegister               :       1      1      - |      1      1      -
2026-07-24T20:42:18.304Z In(05) vmx OvhdMem OvhdUser_XhciRegister               :       1      1      - |      0      0      -
2026-07-24T20:42:18.304Z In(05) vmx OvhdMem OvhdUser_HyperV                     :       2      2      - |      0      0      -
2026-07-24T20:42:18.304Z In(05) vmx OvhdMem OvhdUser_ExtCfg                     :       4      4      - |      2      2      -
2026-07-24T20:42:18.304Z In(05) vmx OvhdMem OvhdUser_vhvCachedVMCS              :       2      2      - |      0      0      -
2026-07-24T20:42:18.305Z In(05) vmx OvhdMem OvhdUser_vhvNestedAPIC              :       2      2      - |      0      0      -
2026-07-24T20:42:18.305Z In(05) vmx OvhdMem OvhdUser_LBR                        :       2      2      - |      0      0      -
2026-07-24T20:42:18.305Z In(05) vmx OvhdMem OvhdUser_MonWired                   :      53     53      - |     53     53      -
2026-07-24T20:42:18.305Z In(05) vmx OvhdMem OvhdUser_MonNuma                    :     297    297      - |      0      0      -
2026-07-24T20:42:18.305Z In(05) vmx OvhdMem OvhdUser_NVDC                       :       1      1      - |      0      0      -
2026-07-24T20:42:18.305Z In(05) vmx OvhdMem OvhdUser_PCIeMMIOArea               :      70     70      - |     37     37      -
2026-07-24T20:42:18.305Z In(05) vmx OvhdMem Total nonpaged                      :    3246   4723      - |   1937   1937      -
2026-07-24T20:42:18.305Z In(05) vmx OvhdMem Actual maximum                      :           3246        |          4723
2026-07-24T20:42:18.305Z In(05)+ vmx 
2026-07-24T20:42:18.305Z In(05) vmx                                                       reserved      |          used
2026-07-24T20:42:18.305Z In(05) vmx OvhdMem anonymous                                 cur    max    avg |    cur    max    avg
2026-07-24T20:42:18.305Z In(05) vmx OvhdMem OvhdMon_Alloc                       :     196    196      - |     62    140      -
2026-07-24T20:42:18.305Z In(05) vmx OvhdMem OvhdMon_BusMemFrame                 :     578    635      - |    578    578      -
2026-07-24T20:42:18.305Z In(05) vmx OvhdMem OvhdMon_BusMem2MInfo                :       8      8      - |      8      8      -
2026-07-24T20:42:18.305Z In(05) vmx OvhdMem OvhdMon_BusMem1GInfo                :       1      1      - |      1      1      -
2026-07-24T20:42:18.305Z In(05) vmx OvhdMem OvhdMon_BusMemZapListMPN            :       1      1      - |      1      1      -
2026-07-24T20:42:18.305Z In(05) vmx OvhdMem OvhdMon_BusMemPreval                :       8      8      - |      0      0      -
2026-07-24T20:42:18.305Z In(05) vmx OvhdMem OvhdMon_MonAS                       :       2      2      - |      1      1      -
2026-07-24T20:42:18.305Z In(05) vmx OvhdMem OvhdMon_GuestMem                    :      80     80      - |     60     60      -
2026-07-24T20:42:18.305Z In(05) vmx OvhdMem OvhdMon_TC                          :    1026   1026      - |    908    908      -
2026-07-24T20:42:18.305Z In(05) vmx OvhdMem OvhdMon_BusMemMonAS                 :       5      5      - |      5      5      -
2026-07-24T20:42:18.305Z In(05) vmx OvhdMem OvhdMon_PlatformMonAS               :       7      7      - |      4      4      -
2026-07-24T20:42:18.305Z In(05) vmx OvhdMem OvhdMon_HVNuma                      :       4      4      - |      0      0      -
2026-07-24T20:42:18.305Z In(05) vmx OvhdMem OvhdMon_HV                          :       2      2      - |      2      2      -
2026-07-24T20:42:18.305Z In(05) vmx OvhdMem OvhdMon_HVMSRBitmap                 :       1      1      - |      0      0      -
2026-07-24T20:42:18.305Z In(05) vmx OvhdMem OvhdMon_VHVGuestMSRBitmap           :       2      2      - |      0      0      -
2026-07-24T20:42:18.305Z In(05) vmx OvhdMem OvhdMon_VHV                         :       6      6      - |      0      0      -
2026-07-24T20:42:18.305Z In(05) vmx OvhdMem OvhdMon_Numa                        :      30     30      - |     14     28      -
2026-07-24T20:42:18.305Z In(05) vmx OvhdMem OvhdMon_NumaTextRodata              :     199    381      - |    182    364      -
2026-07-24T20:42:18.305Z In(05) vmx OvhdMem OvhdMon_NumaDataBss                 :      98     98      - |     98     98      -
2026-07-24T20:42:18.305Z In(05) vmx OvhdMem OvhdMon_NumaLargeData               :       0    512      - |      0      0      -
2026-07-24T20:42:18.305Z In(05) vmx OvhdMem OvhdMon_BaseWired                   :      56     58      - |     48     48      -
2026-07-24T20:42:18.305Z In(05) vmx OvhdMem OvhdMon_Bootstrap                   :       0   2303      - |      0    335      -
2026-07-24T20:42:18.305Z In(05) vmx OvhdMem OvhdMon_GPhysTraced                 :     266    266      - |    215    215      -
2026-07-24T20:42:18.305Z In(05) vmx OvhdMem OvhdMon_GPhysHWMMU                  :    1282   1282      - |    941    941      -
2026-07-24T20:42:18.305Z In(05) vmx OvhdMem OvhdMon_GPhysNoTrace                :     266    266      - |     67     69      -
2026-07-24T20:42:18.305Z In(05) vmx OvhdMem OvhdMon_PhysMemGart                 :     104    104      - |     96     96      -
2026-07-24T20:42:18.305Z In(05) vmx OvhdMem OvhdMon_PhysMemErr                  :       7      7      - |      0      0      -
2026-07-24T20:42:18.305Z In(05) vmx OvhdMem OvhdMon_VProbe                      :       1      1      - |      0      0      -
2026-07-24T20:42:18.305Z In(05) vmx OvhdMem Total anonymous                     :    4236   7292      - |   3291   3902      -
2026-07-24T20:42:18.305Z In(05) vmx OvhdMem Actual maximum                      :           4236        |          6598
2026-07-24T20:42:18.305Z In(05)+ vmx 
2026-07-24T20:42:18.305Z In(05) vmx VMMEM: Maximum Reservation: 16225MB (MainMem=2048MB)
2026-07-24T20:42:18.305Z In(05) vmx MemSched: BALLOON HIST [0, 524288]: 412 412 0 0 0 0 0 0 0 0 0 0
2026-07-24T20:42:18.305Z In(05) vmx MemSched: BALLOON P50 1 P70 1 P90 1 MIN 0 MAX 0
2026-07-24T20:42:18.305Z In(05) vmx MemSched: SWAP HIST [0, 524288]: 195 412 0 0 0 0 0 0 0 0 0 0
2026-07-24T20:42:18.305Z In(05) vmx MemSched: SWAP P50 10 P70 10 P90 10 MIN 0 MAX 339
2026-07-24T20:42:18.305Z In(05) vmx MemSched: LOCK HIST [0, 524288]: 0 15 6 35 15 120 8 16 197 0 0 0
2026-07-24T20:42:18.305Z In(05) vmx MemSched: LOCK P50 70 P70 80 P90 80 MIN 1560 MAX 412627
2026-07-24T20:42:18.305Z In(05) vmx MemSched: LOCK_TARGET HIST [0, 524288]: 0 0 0 0 0 0 0 0 0 0 412 412
2026-07-24T20:42:18.305Z In(05) vmx MemSched: LOCK_TARGET P50 100 P70 100 P90 100 MIN 524288 MAX 535161
2026-07-24T20:42:18.305Z In(05) vmx MemSched: ACTIVE_PCT HIST [0, 100]: 0 0 0 0 0 0 0 93 319 0 0 0
2026-07-24T20:42:18.305Z In(05) vmx MemSched: ACTIVE_PCT P50 80 P70 80 P90 80 MIN 64 MAX 75
2026-07-24T20:42:18.305Z In(05) vmx MemSched: NUM_VMS HIST [0, 10]: 0 0 0 412 0 0 0 0 0 0 0 0
2026-07-24T20:42:18.305Z In(05) vmx MemSched: NUM_VMS P50 30 P70 30 P90 30 MIN 2 MAX 2
2026-07-24T20:42:18.305Z In(05) vmx MemSched: HOSTLOCK HIST [0, 3496448]: 0 0 0 16 271 125 0 0 0 0 0 0
2026-07-24T20:42:18.305Z In(05) vmx MemSched: HOSTLOCK P50 40 P70 50 P90 50 MIN 995687 MAX 1406220
2026-07-24T20:42:18.305Z In(05) vmx TOOLS received request in VMX to set option 'enableDnD' -> '0'
2026-07-24T20:42:18.306Z In(05) vmx GuestRpc: Attempt to send TCLO msg for 'toolbox' while GuestRpc is powering off.
2026-07-24T20:42:18.306Z In(05) vmx GuestRpc: Attempt to send TCLO msg for 'toolbox-dnd' while GuestRpc is powering off.
2026-07-24T20:42:18.306Z In(05) vmx TOOLS received request in VMX to set option 'copypaste' -> '0'
2026-07-24T20:42:18.306Z In(05) vmx GuestRpc: Attempt to send TCLO msg for 'toolbox' while GuestRpc is powering off.
2026-07-24T20:42:18.306Z In(05) vmx GuestRpc: Attempt to send TCLO msg for 'toolbox-dnd' while GuestRpc is powering off.
2026-07-24T20:42:18.356Z In(05) vmx HgfsServerManagerVigorExit: Destroy:
2026-07-24T20:42:18.367Z In(05) vmx Tools: ToolsRunningStatus_Exit, delayedRequest is 0x0
2026-07-24T20:42:18.367Z In(05) vmx Tools: Changing running status: 1 => 0.
2026-07-24T20:42:18.367Z In(05) vmx Tools: [RunningStatus] Last heartbeat value 366 (last received 2s ago)
2026-07-24T20:42:18.368Z In(05) vmx Tools: [AppStatus] Last heartbeat value 366 (last received 2s ago)
2026-07-24T20:42:18.368Z In(05) vmx TOOLS: appName=toolbox, oldStatus=0, status=0, guestInitiated=0.
2026-07-24T20:42:18.369Z In(05) vmx USB: DevID(10e0f0002): Disconnecting device.
2026-07-24T20:42:18.406Z In(05) usbCCIDEnumCards USB-CCID: Card enum thread exiting.
2026-07-24T20:42:18.481Z In(05) vmx SOUNDLIB: Closing Wave sound backend.
2026-07-24T20:42:18.498Z In(05) mks MKSControlMgr: disconnected
2026-07-24T20:42:18.498Z In(05) mks DXGIPresentation: Clearing device context
2026-07-24T20:42:18.498Z In(05) mks DXGIPresentation: Release D3D device
2026-07-24T20:42:18.501Z In(05) mks DXGIPresentation: Releasing DXGI Adapter
2026-07-24T20:42:18.501Z In(05) mks DXGIPresentation: Releasing DXGI factory
2026-07-24T20:42:18.503Z In(05) mks MKSRenderMain: Stopping ISB (DX11)
2026-07-24T20:42:19.076Z In(05) mks MKSRenderMain: Stopped ISB: (DX11)
2026-07-24T20:42:19.079Z In(05) mks MKS PowerOff
2026-07-24T20:42:19.080Z In(05) svga SVGA thread is exiting
2026-07-24T20:42:19.080Z In(05) mks MKS thread is exiting
2026-07-24T20:42:19.080Z Wa(03) vmx Guest: 
2026-07-24T20:42:19.081Z In(05) vmx scsi0:0: numIOs = 15629 numMergedIOs = 1457 numSplitIOs = 306 (17.4%)
2026-07-24T20:42:19.081Z In(05) vmx Closing disk 'scsi0:0'
2026-07-24T20:42:19.187Z In(05) vmx AIOWIN32C: asyncOps=16772 syncOps=44 bufSize=312Kb fixedOps=3027
2026-07-24T20:42:19.188Z In(05) aioCompletion AIO thread processed 16772 completions
2026-07-24T20:42:19.405Z In(05) deviceThread Device thread is exiting
2026-07-24T20:42:19.406Z In(05) vmx Vix: [mainDispatch.c:1172]: VMAutomationPowerOff: Powering off.
2026-07-24T20:42:19.406Z In(05) vmx Win32U_GetFileAttributes: GetFileAttributesExW("G:\VMs\Richard's Kali.vmpl", ...) failed, error: 2
2026-07-24T20:42:19.406Z In(05) vmx Policy_SavePolicyFile: invalid arguments to function.
2026-07-24T20:42:19.406Z In(05) vmx PolicyVMX_Exit: Could not write out policies: 15.
2026-07-24T20:42:19.407Z In(05) vmx WORKER: asyncOps=2 maxActiveOps=1 maxPending=1 maxCompleted=1
2026-07-24T20:42:19.408Z In(05) PowerNotifyThread PowerNotify thread exiting.
2026-07-24T20:42:19.740Z In(05) vmx Vix: [mainDispatch.c:4213]: VMAutomation_ReportPowerOpFinished: statevar=1, newAppState=1873, success=1 additionalError=0
2026-07-24T20:42:19.740Z In(05) vmx Vix: [mainDispatch.c:4231]: VMAutomation: Ignoring ReportPowerOpFinished because the VMX is shutting down.
2026-07-24T20:42:19.742Z In(05) vmx STATSFILE: Amount of dynamic storage used: 656
2026-07-24T20:42:19.742Z In(05) vmx STATSFILE: Number of entries made: 67
2026-07-24T20:42:19.742Z No(00) vmx ConfigDB: Setting cleanShutdown = "TRUE"
2026-07-24T20:42:19.902Z In(05) vmx Vix: [mainDispatch.c:4213]: VMAutomation_ReportPowerOpFinished: statevar=0, newAppState=1870, success=1 additionalError=0
2026-07-24T20:42:19.902Z In(05) vmx Vix: [mainDispatch.c:4231]: VMAutomation: Ignoring ReportPowerOpFinished because the VMX is shutting down.
2026-07-24T20:42:19.902Z In(05) vmx Transitioned vmx/execState/val to poweredOff
2026-07-24T20:42:19.903Z In(05) vmx VMX idle exit
2026-07-24T20:42:19.903Z In(05) vmx WQPoolFreePoll : pollIx = 3, signalHandle = 1044
2026-07-24T20:42:19.903Z In(05) vmx Vix: [mainDispatch.c:818]: VMAutomation_LateShutdown()
2026-07-24T20:42:19.903Z In(05) vmx Vix: [mainDispatch.c:773]: VMAutomationCloseListenerSocket. Closing listener socket.
2026-07-24T20:42:19.904Z In(05) vmx Flushing VMX VMDB connections
2026-07-24T20:42:19.904Z In(05) vmx VmdbDbRemoveCnx: Removing Cnx from Db for '/db/connection/#1/'
2026-07-24T20:42:19.904Z In(05) vmx VmdbCnxDisconnect: Disconnect: closed pipe for pub cnx '/db/connection/#1/' (0)
2026-07-24T20:42:19.904Z In(05) vmx VigorTransport_ServerDestroy: server destroyed.
2026-07-24T20:42:19.904Z In(05) vmx WQPoolFreePoll : pollIx = 2, signalHandle = 868
2026-07-24T20:42:19.904Z In(05) vmx WQPoolFreePoll : pollIx = 1, signalHandle = 860
2026-07-24T20:42:20.101Z In(05) vmx VMX exit (0).
2026-07-24T20:42:20.101Z In(05) vmx OBJLIB-LIB: ObjLib cleanup done.
2026-07-24T20:42:20.136Z In(05) vmx AIOMGR-S : stat o=3 r=21 w=0 i=0 br=106992 bw=0
